geonameid,name,asciiname,alternatenames,latitude,longtitude,feature_class,feature_code,country_code,cc2,admin1_code,admin2_code,admin3_code,admin4_code,population,elevation,dem,timezone,modification_date
1820071,Tutong,Tutong,"Pekan Tutong,Tutong,touton,tutam,tutonga,tutoniግ,twtwng,twtwnj,Тутонг,توتونج,توتونگ,ٹwٹwng,ٹوٹونگ,तुटोंग,তুতং,ਤੁਟੋਂਗ,ቱቶንግ,トゥトン",4.80278,114.64917,P,PPLA,BN,,04,,,,19151,,8,Asia/Brunei,2026-04-13
1820187,Seria,Seria,"Seria,Serija,seria,sex reiy,Сериа,Серия,เซอเรีย,セリア",4.60637,114.32476,P,PPL,BN,,01,,,,30097,,6,Asia/Brunei,2013-06-09
1820491,Kuala Belait,Kuala Belait,"Belait,KUB,Kuala Belait,Kuala-Belait,Kuala-Belajt,Kvala Belaitas,Kwala Belait,ku'ala belaita,kuallabeullais,kuaraburaito,kuwala belayiti,kuyala bela'ita,kwala blayt,kwala bylayt,kwala bylyt,ma lai yi,Куала-Белаит,Куала-Белайт,קואלה בלייט,كوالا بيلايت,کوالا بلایت,کوالا بيلايت,کوالا بیلیت,कुआला बेलैट,কুয়ালা বেলাইট,ਕੁਆਲਾ ਬੇਲੈਟ,ኩዋላ ቤላይት,クアラブライト,马来奕,쿠알라블라잇",4.58361,114.2312,P,PPLA,BN,,01,,,,31178,,5,Asia/Brunei,2026-04-13
1820557,Liang,Liang,"Kampong Sungai Liang,Kampung Sungai Liang",4.67747,114.49587,P,PPL,BN,,01,,,,16813,,14,Asia/Brunei,2024-04-22
1820574,Serasa,Serasa,"Kampong Serasa,Kampung Serasa,Serasa",5.01761,115.05798,P,PPL,BN,,02,,,,18569,,7,Asia/Brunei,2024-04-22
1820575,Sengkurong,Sengkurong,"Kampong Sengkurong,Sangkurong,Sengkurong",4.88333,114.83333,P,PPL,BN,,02,11821309,,,40972,,14,Asia/Brunei,2024-05-01
1820635,Mentiri,Mentiri,"Kampong Mentiri,Kampung Mentiri,Mentiri",4.97058,115.02078,P,PPL,BN,,02,,,,39324,,8,Asia/Brunei,2024-04-22
1820906,Bandar Seri Begawan,Bandar Seri Begawan,"BWN,Banda Seri,Bandar Seri Begauan,Bandar Seri Begavan,Bandar Seri Begavanas,Bandar Seri Begawan,Bandar Sery Begawan,Bandar-Seri-Begavan,Bandar-Seri-Begavano,Bandar-Sery-Begavan,Bandarseribegavana,Brunei,Brunei Town,Bruni,Mpantar Seri Mpenkaban,badara seri begavana,ban dar se ribe ka wan,bandaleuseulibeugawan,bandar seri bagevan,bandar-seri-begavani,bandara seri bega'oyana,bandara seri begavana,bandara sri bagavana,bandarusuribugawan,bndr sry bgawan,bndr sry bkawan,bndr sry bygwan,pantar ceri pekavan,si li ba jia wan,si li ba jia wan shi,sry bgawan,Μπαντάρ Σερί Μπεγκαβάν,Бандар Сери Бегаван,Бандар-Сери-Бегаван,Бандар-Серы-Бегаван,Бандар-Сері-Бегаван,Բանդար Սերի Բեգավան,בנדר סרי בגוואן,باندار سەرى بەگاۋان,بندر سري بكاوان,بندر سری بگاوان,بندر سری بیگوان,بەندەر سێری بێگاوان,سری بگاوان,बंदर स्री बगवान,बन्दर सेरी बेगवान,बन्दर सेरी बेगावान,বন্দর সেরি বেগাওয়ান,ਬੰਦਰ ਸੇਰੀ ਬੇਗਵਾਨ,பண்டர் செரி பெகாவான்,ಬಂದರ್ ಸೆರಿ ಬಗೆವನ್,ബന്ദർ സെരി ബെഗവൻ,บันดาร์เสรีเบกาวัน,སི་རི་པེ་ཀ་མཚོ་ཁུགས་གྲོང་ཁྱེར།,ဘန်ဒါဆရီဘဂါဝမ်မြို့,ბანდარ-სერი-ბეგავანი,ባንዳር ሰሪ ቤጋዋን,バンダルスリブガワン,斯里巴加湾市,斯里巴加灣,斯里巴加灣市,반다르스리브가완",4.89035,114.94006,P,PPLC,BN,,02,,,,64409,,10,Asia/Brunei,2019-09-05
1213442,Tongging,Tongging,"Tongging,Tonging,Тонгинг",2.8985,98.5231,P,PPL,ID,,26,1211,,,16000,,926,Asia/Jakarta,2022-12-30
1213493,Teluk Nibung,Teluk Nibung,"Teloekniboeng,Teluk Nibung",3.001,99.8164,P,PPL,ID,,26,1272,,,25146,,3,Asia/Jakarta,2022-12-31
1213495,Teluk Dalam,Teluk Dalam,"Teloekdalam,Teloekdalem,Telok Dalam,Telokdalem,Teluk Dalam,Telukdalam,Telukdalem",0.5729,97.8034,P,PPLA2,ID,,26,1214,,,25780,,41,Asia/Jakarta,2023-02-09
1213500,Tebingtinggi,Tebingtinggi,Tebingtinggi,3.3285,99.1625,P,PPL,ID,,26,1274,,,117530,,24,Asia/Jakarta,2022-12-31
1213504,Tarutung,Tarutung,"Taroeloeng,Taroetoeng,Tarutung",2.01467,98.96548,P,PPL,ID,,26,1205,,,39500,,948,Asia/Jakarta,2024-04-11
1213530,Tanjungtiram,Tanjungtiram,"Tandjoengtiram,Tandjungtiram,Tanjungtiram",4.0613,98.3699,P,PPL,ID,,26,1213,,,25118,,2,Asia/Jakarta,2022-12-30
1213547,Tanjungbalai,Tanjungbalai,"Tandjoengbalai,Tandjungbalai,Tanjungbalai",2.96667,99.8,P,PPL,ID,,26,1272,,,183170,,4,Asia/Jakarta,2024-05-23
1213614,Sunggal,Sunggal,"Sungal,Sunggal",3.5765,98.6151,P,PPL,ID,,26,1275,,,157914,,32,Asia/Jakarta,2022-12-31
1213655,Stabat,Stabat,"Stabat,Stabatbaru",3.73335,98.45025,P,PPL,ID,,26,1213,,,26862,,12,Asia/Jakarta,2015-01-27
1213713,Singkil,Singkil,"FSH,Nieuw Singkel,Nieuw Singkil,Pasar Singkil,Singkel,Singkil,Singkilbaru,Sinkel,Сингкил",2.2874,97.7884,P,PPLA2,ID,,01,1102,,,46800,,5,Asia/Jakarta,2026-01-22
1213821,Sigli,Sigli,Sigli,5.3848,95.9609,P,PPLA2,ID,,01,1109,,,17504,,9,Asia/Jakarta,2022-12-30
1213840,Sidikalang,Sidikalang,Sidikalang,2.74899,98.3127,P,PPLA2,ID,,26,1210,,,50671,,1066,Asia/Jakarta,2025-07-11
1213855,Sibolga,Sibolga,"FLZ,Kota Sibolga,Sibolga,Сиболга",1.74016,98.78117,P,PPL,ID,,26,1271,,,91265,,6,Asia/Jakarta,2024-05-23
1214026,Sabang,Sabang,"Kota Sabang,Kuta Sabang,Kutha Sabang,SBG,Sabang,Sabangas,Sabong,saban,sabang,sabangh,sha huang,Сабанг,سابانغ,سابانگ، انڈونیشیا,サバン,沙璜,사방",5.88969,95.31644,P,PPL,ID,,01,1172,,,42066,,16,Asia/Jakarta,2022-12-30
1214055,Reuleuet,Reuleuet,,5.21667,96.28333,P,PPL,ID,,01,1118,,,40393,,9,Asia/Jakarta,2022-12-30
1214073,Rantauprapat,Rantauprapat,Rantauprapat,2.1,99.83333,P,PPL,ID,,26,1207,,,103009,,29,Asia/Jakarta,2022-12-30
1214189,Percut,Percut,"Percut,Pertjoet,Pertjut",3.6253,98.864,P,PPL,ID,,26,1212,,,311063,,11,Asia/Jakarta,2022-12-30
1214191,Perbaungan,Perbaungan,"Baoengan,Baoengar,Baungan,Perbaungan",3.5679,98.956,P,PPL,ID,,26,1218,,,157174,,19,Asia/Jakarta,2022-12-31
1214204,Pematangsiantar,Pematangsiantar,"Pematangsiantar,Pematangsieantar",2.9595,99.0687,P,PPL,ID,,26,1273,,,274838,,388,Asia/Jakarta,2024-05-23
1214256,Paropo,Paropo,Paropo,2.8663,98.5211,P,PPL,ID,,26,1210,,,16065,,918,Asia/Jakarta,2024-04-11
1214302,Pangkalan Brandan,Pangkalan Brandan,"Pangkalan Brandan,Pangkalanberandan",4.0238,98.2782,P,PPL,ID,,26,1213,,,25542,,5,Asia/Jakarta,2022-12-30
1214369,Padangsidempuan,Padangsidempuan,"Padangsidempuan,Padangsidimpoean,Padangsidimpuan",1.37952,99.27146,P,PPL,ID,,26,1277,,,236217,,310,Asia/Jakarta,2024-05-23
1214488,Meulaboh,Meulaboh,"MEQ,Melabokha,Meulaboh,Molabo,Mölabo,Мелабоха",4.14402,96.12664,P,PPLA2,ID,,01,1107,,,64646,,7,Asia/Jakarta,2023-02-08
1214520,Medan,Medan,"Kota Medan,Kuta Medan,Kuta Mèdan,Kutha Medan,MES,Medan,Medana,Medanas,Medano,Mentan,mdan,me dan,medan,metan,mian lan,mydan,Μεντάν,Медан,مدان,ميدان,میدان ، انڈونیشیا,மேடான்,เมดาน,ᯔᯑᯉ᯳,ᯔᯩᯑᯉ᯳,メダン,棉蘭,메단",3.58333,98.66667,P,PPLA,ID,,26,1275,,,2435252,,26,Asia/Jakarta,2025-10-12
1214658,Lhokseumawe,Lhokseumawe,"Kota Lhokseumawe,LSW,Lho'seumawe,Lhokseumawe,Lhoksumawe,Lho’seumawe,Lokseumave,Локсеумаве",5.1801,97.1507,P,PPL,ID,,01,1174,,,196067,,6,Asia/Jakarta,2024-05-23
1214724,Langsa,Langsa,"Langsa,Langsar",4.4683,97.9683,P,PPL,ID,,01,1173,,,194730,,10,Asia/Jakarta,2024-05-23
1214776,Lahewa,Lahewa,"Lahewa,Lewalewa",1.3943,97.1675,P,PPL,ID,,26,1224,,,24485,,5,Asia/Jakarta,2024-04-11
1214800,Labuhan Deli,Labuhan Deli,"Deli,Laboean Deli,Laboehan,Laboehandeli,Labuan Deli,Labuhan,Labuhan Deli,Laukaban",3.879,98.633,P,PPL,ID,,26,1275,,,49668,,2,Asia/Jakarta,2024-03-26
1214882,Kisaran,Kisaran,"Kisaran,Kisaran Baru",2.9845,99.6158,P,PPLA2,ID,,26,1208,,,141915,,20,Asia/Jakarta,2023-02-08
1214965,Kabanjahe,Kabanjahe,"Kabandjahe,Kabanjahe",3.1001,98.4908,P,PPLA2,ID,,26,1211,,,73581,,1196,Asia/Jakarta,2023-02-09
1215102,Gunungsitoli,Gunungsitoli,"GNS,Goenoengsitoli,Goenoensitoli,Gunongsitoli,Gunungsitoli,Omositoli",1.2888,97.6143,P,PPLA2,ID,,26,1278,,,136707,,14,Asia/Jakarta,2023-02-09
1215199,Deli Tua,Deli Tua,"Deli Tua,Delitoea",3.5078,98.6839,P,PPL,ID,,26,1212,,,27940,,56,Asia/Jakarta,2022-12-30
1215326,Blangpidie,Blangpidie,"Belangpidie,Belangpidië,Blang Pidie,Blangpidi,Blangpidie,KJX",3.73956,96.83608,P,PPLA2,ID,,01,1112,,,24085,,17,Asia/Jakarta,2023-02-09
1215350,Bireun,Bireun,"Bireuen,Bireun,Biroen,Biröen",5.203,96.7009,P,PPL,ID,,01,1110,,,47670,,19,Asia/Jakarta,2022-12-30
1215355,Binjai,Binjai,"Bindjai,Bindjei,Binjai,Kota Binjai,min li,民禮",3.6001,98.4854,P,PPLA2,ID,,26,1276,,,279302,,34,Asia/Jakarta,2023-02-08
1215395,Berastagi,Berastagi,"Berastagi,Берастаги",3.19468,98.50889,P,PPL,ID,,26,1211,,,48244,,1402,Asia/Jakarta,2022-12-30
1215412,Belawan,Belawan,Belawan,3.7755,98.6832,P,PPL,ID,,26,1275,,,102707,,5,Asia/Jakarta,2022-12-31
1215468,Barus,Barus,"Baroes,Barus",2.0106,98.3982,P,PPLA3,ID,,26,1204,,,18346,,5,Asia/Jakarta,2026-03-14
1215498,Bandar,Bandar,Bandar,2.05,99.75,P,PPL,ID,,26,1207,,,31442,,73,Asia/Jakarta,2022-12-30
1215502,Banda Aceh,Banda Aceh,"BTJ,Baiturahman,Banda Aceh,Banda Aceha,Banda Acehas,Banda Acheh,Banda Achekh,Banda Achem,Banda Achém,Banda Atjeh,Banda Ačeha,Banda Ačehas,Banda-Achekh,Banta Atsech,Koetaradja,Kota Banda Aceh,Kota Banda Acéh,Kuta Banda Aceh,Kuta Banda Acèh,Kuta Raja,Kutaradja,Kutha Banda Aceh,Kutha Banda Acèh,ban da ya qi,ban dar xa ceah,banda ash,banda atshyh,bandaache,Μπάντα Άτσεχ,Банда Ачех,Банда-Ачех,باندا آتشيه,باندا آسه,بندا آچے,บันดาร์อาเจะห์,バンダ・アチェ,班達亞齊,반다아체",5.54167,95.33333,P,PPLA,ID,,01,1171,,,255029,,9,Asia/Jakarta,2022-08-14
1621177,Yogyakarta,Yogyakarta,"DI Yogyakarta,DIY,Daerah Istimewa Yogyakarta,Djogjakarta,Djokja,Djokjakarta,Dzhodzhakarta,Dzhok'jakarta,Dzhokjakarta,Dzogdzakarta,Dzogjakarta,Džogjakarta,Gionkiakarta,JOG,Jogjakarta,Jogjakarto,Jogyakarta,Jokjakarta,Jokyakarta,Kota Yogyakarta,Kuta Yogyakarta,Kutha Ngayogyakarta,Special Region of Yogyakarta,Yogyakarta,jogujakaruta shi,ri re,yog-yakaleuta,yogyakarta,ywgyakarta,ywjyakrta,yxk ya kar ta,Γιογκιακάρτα,Џогџакарта,Джоджакарта,Джокьякарта,Джокякарта,يوجياكرتا,یوگیاکارتا,योग्यकर्ता,योग्यकार्ता,ยอกยาการ์ตา,ჯოკიაკარტა,ジョグジャカルタ市,日惹,욕야카르타",-7.80139,110.36472,P,PPLA,ID,,10,3471,,,373589,,110,Asia/Jakarta,2023-02-08
1621395,Wonosobo,Wonosobo,"Wanasaba,Wonosabo,Wonosobo",-7.35889,109.90306,P,PPLA2,ID,,07,3307,,,92990,,794,Asia/Jakarta,2022-12-31
1621399,Wonosari,Wonosari,"Wanasari,Wonasari,Wonosan,Wonosari",-7.96556,110.60361,P,PPLA2,ID,,10,3403,,,87454,,181,Asia/Jakarta,2023-02-09
1621416,Wonopringgo,Wonopringgo,"Wanapringga,Wonopringgo",-6.98333,109.61667,P,PPL,ID,,07,3326,,,38429,,45,Asia/Jakarta,2022-12-31
1621439,Wongsorejo,Wongsorejo,"Wangsaredja,Wangsoredjo,Wongsoredjo",-7.9908,114.4009,P,PPL,ID,,08,3510,,,29193,,32,Asia/Jakarta,2022-12-30
1621520,Wiradesa,Wiradesa,"Wiradesa,Wirodeso",-6.8922,109.619,P,PPL,ID,,07,3326,,,39407,,10,Asia/Jakarta,2022-12-31
1621613,Weru,Weru,Weru,-6.711,108.5037,P,PPL,ID,,30,3209,,,139004,,19,Asia/Jakarta,2022-12-31
1621655,Weleri,Weleri,Weleri,-6.9713,110.0666,P,PPL,ID,,07,3324,,,58448,,17,Asia/Jakarta,2022-12-31
1621659,Welahan,Welahan,Welahan,-6.8,110.71667,P,PPL,ID,,07,3321,,,26163,,4,Asia/Jakarta,2022-12-31
1621678,Wedi,Wedi,"Wed,Wedi",-7.74306,110.57944,P,PPL,ID,,07,3310,,,55300,,148,Asia/Jakarta,2022-12-31
1621884,Watampone,Watampone,"Bone,Boni,Watampone",-4.5386,120.3279,P,PPLA2,ID,,38,7311,,,149336,,34,Asia/Makassar,2023-02-08
1622090,Wangon,Wangon,Wangon,-7.51611,109.05389,P,PPLA3,ID,,07,3302,,,35530,,32,Asia/Jakarta,2022-12-31
1622138,Wanaraja,Wanaraja,"Wanaradja,Wanaraja",-7.1749,107.9808,P,PPLA3,ID,,30,3205,,,26240,,724,Asia/Jakarta,2022-12-31
1622167,Wamena,Wamena,"WMX,Wamena",-4.09583,138.94806,P,PPLA,ID,,PE,9402,,,41844,,1488,Asia/Jayapura,2024-11-13
1622293,Waisai,Waisai,"Waigeo,Waisai",-0.2379,130.5072,P,PPLA2,ID,,PD,9108,,,22541,,185,Asia/Jayapura,2023-02-09
1622318,Waingapu,Waingapu,"Vajngapu,WGP,Waingapoe,Waingapu,Вайнгапу",-9.6567,120.2641,P,PPLA2,ID,,18,5302,,,35932,,26,Asia/Makassar,2023-02-08
1622552,Utan,Utan,"Oetan,Utan",-6.17694,106.94667,P,PPL,ID,,04,3172,,,28745,,10,Asia/Jakarta,2024-04-16
1622636,Ungaran,Ungaran,"Oengaran,Ungaran,Unggaran",-7.13972,110.405,P,PPLA2,ID,,07,3322,,,171378,,351,Asia/Jakarta,2023-02-08
1622786,Makassar,Makassar,"Djumpandang,Kota Makassar,Macassar,Makasar,Makasaras,Makassar,Makasser,UPG,Udjung Pandang,Ujungpandang,makasaleu,makasar,makassaru,Макассар,ماکاسار,マカッサル,마카사르",-5.14861,119.43194,P,PPLA,ID,,38,7371,,,1423877,,6,Asia/Makassar,2022-12-30
1622846,Ubud,Ubud,"Oeboed,Ubud,abwd,ubuda,ubudo,ywbwd,Убуд,ابود,یوبود,उबुद,ウブド",-8.5098,115.2654,P,PPL,ID,,02,5104,,,74800,,210,Asia/Makassar,2022-10-03
1623080,Tulungagung,Tulungagung,"Toeloengagoeng,Toeloengoeng,Tulungagung",-8.0657,111.9025,P,PPLA2,ID,,08,3504,,,65262,,89,Asia/Jakarta,2022-12-31
1623096,Tulangan Utara,Tulangan Utara,"Toelangan,Tulangan,Tulangan Utara",-7.4737,112.6505,P,PPL,ID,,08,3515,,,63889,,8,Asia/Jakarta,2022-12-31
1623180,Tuban,Tuban,"Toeban,Tuban,Тубан",-6.8976,112.0649,P,PPLA2,ID,,08,3523,,,76242,,13,Asia/Jakarta,2022-12-31
1623197,Tual,Tual,"Toeal,Tual",-5.62878,132.75229,P,PPL,ID,,28,8172,,,90007,,41,Asia/Jayapura,2024-05-23
1623223,Trucuk,Trucuk,"Trucuk,Trutjuk",-7.71833,110.65889,P,PPL,ID,,07,3310,,,23584,,123,Asia/Jakarta,2022-12-31
1623251,Trenggalek,Trenggalek,"Trengalek,Trenggalek",-8.0764,111.70641,P,PPLA2,ID,,08,3503,,,29083,,113,Asia/Jakarta,2022-12-31
1623424,Tondano,Tondano,Tondano,1.3054,124.91261,P,PPLA2,ID,,31,7102,,,33317,,693,Asia/Makassar,2022-12-31
1623446,Tomohon,Tomohon,Tomohon,1.31678,124.80379,P,PPLA3,ID,,31,7173,,,27624,,734,Asia/Makassar,2022-12-30
1623651,Tobelo,Tobelo,,1.72837,128.00948,P,PPL,ID,,29,8205,,,34150,,11,Asia/Jayapura,2022-12-31
1623772,Tiom,Tiom,"TMY,Tiom",-3.92361,138.45472,P,PPLA2,ID,,PE,9430,,,21324,,2116,Asia/Jayapura,2025-05-27
1623834,Timika,Timika,"Timika,Timoeka,Timuka",-4.61407,136.67679,P,PPL,ID,,PT,9412,,,142909,,21,Asia/Jayapura,2025-05-27
1624041,Ternate,Ternate,"Kota Ternate,Ternate,teleunate seom,terunate dao,Тернате,テルナテ島,테르나테 섬",0.79065,127.38424,P,PPL,ID,,29,8271,,,204920,,23,Asia/Jayapura,2024-05-23
1624058,Terbanggi Besar,Terbanggi Besar,"Terbanggi Besar,Terbanggi-besar",-4.87898,105.21818,P,PPLA3,ID,,15,1805,,,52566,,29,Asia/Jakarta,2022-12-31
1624196,Teminabuan,Teminabuan,"Kampoeng Taminaboean,TXM,Taminaboean,Teminaboean,Teminabuan",-1.4416,132.01428,P,PPLA2,ID,,PD,9106,,,19491,,35,Asia/Jayapura,2023-02-09
1624494,Tegal,Tegal,"Kota Tegal,Kutha Tegal,Tegal,tgal,tygal  wsty jawa,tyghal,zhi ge,Тегал,تيغال,تگال,تیگال، وسطی جاوا,ტეგალი,直葛",-6.8694,109.1402,P,PPL,ID,,07,3376,,,282781,,7,Asia/Jakarta,2024-05-23
1624545,Tayu,Tayu,"Tajoe,Tajoe-wetan,Taju,Tayu",-6.5397,111.0518,P,PPLA3,ID,,07,3318,,,26413,,9,Asia/Jakarta,2022-12-31
1624647,Tasikmalaya,Tasikmalaya,"Kota Tasikmalaya,TSY,Tasikmalaja,Tasikmalaya,Tasikmalaya kutha,Тасикмалая",-7.3274,108.2207,P,PPL,ID,,30,3278,,,741760,,354,Asia/Jakarta,2024-05-23
1624668,Tarub,Tarub,Tarub,-6.93333,109.16667,P,PPL,ID,,07,3328,,,75739,,22,Asia/Jakarta,2022-12-31
1624725,Tarakan,Tarakan,"Kota Tarakan,Kutha Tarakan,TRK,Tarakan,ta la ka en,tarakan,tarakan  shmaly kalymantan,Таракан,تاراكان,تاراکان,تاراکان، شمالی کالیمانتان,塔拉卡恩",3.31332,117.59152,P,PPL,ID,,42,6571,,,249960,,29,Asia/Makassar,2024-05-23
1624827,Tanjung Selor,Tanjung Selor,"TJS,Tandjoeng Seilor,Tandjoengseloe,Tandjoengselor,Tandjungselor,Tanjongselor,Tanjung Selor,Tanjungselor",2.8375,117.36528,P,PPLA,ID,,42,6502,,,56569,,9,Asia/Makassar,2022-12-31
1624863,Tanjung Pinang,Tanjung Pinang,"Kota Tanjung Pinang,Kota Tanjungpinang,Kutha Tanjungpinang,TNJ,Tandjoengpinang,Tandjungpinang,Tandzhungpinang,Tanjung Pinang,Tanjungpinang,dan rong bin lang,liao dou,tanjungpinang,tanjun・pinan,tanjwng pynang,tanjwngh,Танджунгпинанг,تانجونغ,تانجونگ پینانگ,タンジュン・ピナン,丹戎檳榔,廖都,탄중피낭",0.91667,104.45833,P,PPLA2,ID,,40,2172,,,227663,,39,Asia/Jakarta,2024-10-11
1624877,Tanjung Pandan,Tanjung Pandan,"Pandan,TJQ,Tandjoengpandan,Tandjong-pandan,Tandjungpandan,Tanjong Pandan,Tanjung Pandan,Tanjungpandan",-2.73353,107.63477,P,PPL,ID,,35,1902,,,103062,,8,Asia/Jakarta,2022-12-31
1624917,Bandar Lampung,Bandar Lampung,"Bandar Lampung,Bandar-Lampung,Bandarlampung,Kota Bandar Lampung,TKG,Tanjungkarang,Tanjungkarang-Telukbetung,Telukbetung,ban da nan bang,bandaleulampung,bandaruranpun,bndr lampwng,Бандар-Лампунг,بندر لامپونگ,バンダールランプン,班達楠榜,반다르람풍",-5.42917,105.26111,P,PPLA,ID,,15,1871,,,1166066,,95,Asia/Jakarta,2022-12-30
1624974,Tanjung Balai,Tanjung Balai,"TJB,Tandjoengbalai,Tandjung,Tandjungbalai,Tanjung Balai,Tanjung Balai Karimun,Tanjungbalai",1.00005,103.42186,P,PPL,ID,,40,2101,,,48953,,9,Asia/Jakarta,2022-12-31
1624987,Tanjungagung,Tanjungagung,"Tandjoengagoeag,Tandjoengagoeng,Tandjungagung,Tanjungagung",-3.93728,103.80465,P,PPL,ID,,32,1603,,,53117,,129,Asia/Jakarta,2022-12-31
1625014,Tanjung,Tanjung,"TJG,Tandjoeng,Tandjung,Tanjong,Tanjung",-2.1709,115.4077,P,PPLA2,ID,,12,6309,,,37291,,23,Asia/Makassar,2023-02-09
1625067,Tanggulangin,Tanggulangin,"Tanggoelangin,Tangoelangin",-7.49958,112.69992,P,PPL,ID,,08,3515,,,32866,,6,Asia/Jakarta,2022-12-31
1625084,Tangerang,Tangerang,"Dang ge lang,Dāng gé lǎng,Kota Tangerang,Kutha Tangerang,RTO,Tangarang,Tangerang,Tangerangas,Tangerango,Tangèrang,Tanqeranq,dang ge lang,tan ge lang,tang-elang,tangeran,tangrang,tʼngrʼng,Тангеранг,טאנגראנג,تانگرانگ,ტანგერანგი,ᮒᮍᮛ,ᮒᮍᮨᮛᮀ,タンゲラン,坦格朗,當格朗,탕에랑",-6.17806,106.63,P,PPL,ID,,33,3671,,,1912679,,18,Asia/Jakarta,2025-11-04
1625420,Taliwang,Taliwang,"Talavang,Taliwang",-8.7449,116.8532,P,PPLA2,ID,,17,5207,,,55340,,14,Asia/Makassar,2023-02-09
1625585,Tahuna,Tahuna,"NAH,Tahana,Tahoena,Tahuna,Taruna",3.61099,125.4858,P,PPL,ID,,31,7103,,,35307,,77,Asia/Makassar,2025-05-20
1625708,Tabanan,Tabanan,Tabanan,-8.5413,115.12522,P,PPLA2,ID,,02,5102,,,33667,,126,Asia/Makassar,2022-12-31
1625812,Surakarta,Surakarta,"Kota Surakarta,Kutha Surakarta,SOC,Soerakarta,Solo,Sourakarta,Surakarta,Surakarte,sulakaleuta,suo luo,suo luo shi,surakarta,surakaruta,swrakarta,Σουρακάρτα,Суракарта,Суракарте,سوراكارتا,سوراکارتا,सुरकर्ता,სურაკარტა,スラカルタ,梭罗市,索罗,수라카르타",-7.55611,110.83167,P,PPL,ID,,07,3372,,,526870,,100,Asia/Jakarta,2024-05-23
1625822,Surabaya,Surabaya,"Kota Surabaya,Kutha Surabaya,SUB,Soerabaja,Soerabaya,Sourabaya,Sourampagia,Surabaia,Surabaja,Surabajo,Surabaya,si shui,sulabaya,sura ba ya,surabaia,surabaya,swrabaya,swrbyh,Σουραμπάγια,Сурабайа,Сурабая,Сурабаја,סורביה,سورابايا,سورابایا,สุราบายา,სურაბაია,スラバヤ,泗水,수라바야",-7.24917,112.75083,P,PPLA,ID,,08,3578,,,2874314,,8,Asia/Jakarta,2025-03-09
1625908,Sungai Raya,Sungai Raya,"Soengai Raya,Soengairaja,Sungai Raya,Sungairaja,Sungairaya",0.7,108.9,P,PPL,ID,,11,6102,,,47735,,9,Asia/Pontianak,2022-12-30
1625929,Sungai Penuh,Sungai Penuh,"Soengaipenoeh,Sungai Penuh,Sungeipenu",-2.0561,101.3913,P,PPL,ID,,05,1572,,,99233,,811,Asia/Jakarta,2024-05-23
1625958,Sungailiat,Sungailiat,"Soengailiat,Soengei Liat,Sungailiat",-1.85442,106.12215,P,PPLA2,ID,,35,1901,,,100750,,4,Asia/Jakarta,2023-02-08
1626099,Sumenep,Sumenep,"SUP,Soemanep,Soemenap,Soemenep,Sumenep",-7.01152,113.86042,P,PPLA2,ID,,08,3529,,,84656,,8,Asia/Jakarta,2022-12-31
1626100,Sumedang Utara,Sumedang Utara,,-6.85,107.91667,P,PPLX,ID,,30,3211,6581356,,100000,,467,Asia/Jakarta,2017-01-14
1626103,Sumedang,Sumedang,"Soemadang,Soemedang,Sumedang",-6.85861,107.91639,P,PPLA2,ID,,30,3211,,,200000,,460,Asia/Jakarta,2017-01-14
1626134,Sumberpucung,Sumberpucung,"Soemberpoetjoeng,Sumberputjung",-8.15856,112.48292,P,PPLA3,ID,,08,3507,,,35285,,302,Asia/Jakarta,2022-12-31
1626183,Sumber,Sumber,"Soember,Sumber",-6.76028,108.48306,P,PPLA2,ID,,30,3209,,,96725,,72,Asia/Jakarta,2023-02-08
1626185,Sumbawa Besar,Sumbawa Besar,"SWQ,Soembawa,Soembawa-besar,Sumbawa,Sumbawa Besar",-8.49317,117.42024,P,PPLA2,ID,,17,5204,7377422,,62753,,14,Asia/Makassar,2023-02-08
1626312,Sokaraja,Sokaraja,"Soekaradja,Sokaraja,Sukaradja,Sukaraja",-7.45806,109.28806,P,PPL,ID,,07,3302,,,66482,,48,Asia/Jakarta,2022-12-31
1626381,Sukabumi,Sukabumi,"Kota Sukabumi,Kutha Sukabumi,Soekaboemi,Sukabumi,su jia wu mei,swkabwmy,Сукабуми,Сукабумі,سوکابومی,სუკაბუმი,蘇加武眉",-6.91806,106.92667,P,PPL,ID,,30,3272,,,360644,,613,Asia/Jakarta,2024-05-23
1626444,Subang,Subang,"Soebang,Subang",-6.57,107.75667,P,PPLA2,ID,,30,3213,,,137234,,96,Asia/Jakarta,2025-07-09
1626486,Srono,Srono,Srono,-8.40003,114.26661,P,PPL,ID,,08,3510,,,36260,,60,Asia/Jakarta,2022-12-30
1626493,Srandakan,Srandakan,Srandakan,-7.93861,110.25056,P,PPL,ID,,10,3402,,,29529,,23,Asia/Jakarta,2022-12-31
1626498,Sragen,Sragen,"Spagen,Sragen,Sregen",-7.42639,111.02222,P,PPLA2,ID,,07,3314,,,71522,,90,Asia/Jakarta,2022-12-31
1626542,Sorong,Sorong,"Kota Sorong,SOQ,Sorong,Соронг",-0.87956,131.26104,P,PPLA,ID,,PD,9171,,,254294,,7,Asia/Jayapura,2022-12-31
1626560,Soreang,Soreang,"Sereang,Soreang",-7.03306,107.51833,P,PPLA2,ID,,30,3204,,,116780,,744,Asia/Jakarta,2023-02-08
1626649,Solok,Solok,Solok,-0.8006,100.6571,P,PPLA2,ID,,24,1372,,,73438,,392,Asia/Jakarta,2023-02-08
1626673,Soko,Soko,,-7.48315,112.42704,P,PPL,ID,,08,3516,,,25494,,28,Asia/Jakarta,2022-12-30
1626698,Sofifi,Sofifi,Sofifi,0.73729,127.5588,P,PPLA,ID,,29,8272,,,36197,,9,Asia/Jayapura,2022-12-31
1626703,Soe,Soe,"SoE,Soe,Soë,Su,sou,suo ai,Сое,ソウ,索埃",-9.86071,124.28395,P,PPL,ID,,18,5304,,,40190,,852,Asia/Makassar,2022-12-31
1626754,Sleman,Sleman,"Sleman,Suleman",-7.71556,110.35556,P,PPLA2,ID,,10,3404,,,56215,,210,Asia/Jakarta,2022-12-31
1626758,Slawi,Slawi,"Selawi,Slawi,Slawj",-6.9816,109.1407,P,PPLA2,ID,,07,3328,,,61206,,43,Asia/Jakarta,2022-12-31
1626801,Situbondo,Situbondo,"Sitoebanda,Sitoebondo,Situbando,Situbondo",-7.70623,114.00976,P,PPLA2,ID,,08,3512,,,685967,,36,Asia/Jakarta,2023-02-08
1626887,Sintang,Sintang,"SQG,Sintang",0.06667,111.5,P,PPLA2,ID,,11,6107,,,85000,,24,Asia/Pontianak,2025-07-02
1626895,Sinjai,Sinjai,"Sindjai,Sinjai,Sinjay",-5.1241,120.253,P,PPLA2,ID,,38,7307,,,40797,,6,Asia/Makassar,2022-12-30
1626899,Singosari,Singosari,"Singasari,Singosari,Сингосари",-7.8924,112.6658,P,PPL,ID,,08,3507,,,180740,,501,Asia/Jakarta,2024-05-23
1626903,Singojuruh,Singojuruh,"Singodjoeroeh,Singodjuruh,Soekasari",-8.31667,114.23333,P,PPLA3,ID,,08,3510,,,29418,,157,Asia/Jakarta,2022-12-30
1626916,Singkawang,Singkawang,"SKJ,Sekawang,Singkawang",0.90925,108.98463,P,PPL,ID,,11,6172,,,246112,,2,Asia/Pontianak,2024-05-23
1626921,Sengkang,Sengkang,"Sengkang,Singkang",-4.1279,120.0297,P,PPLA3,ID,,38,7313,,,59523,,23,Asia/Makassar,2022-12-31
1626932,Singaraja,Singaraja,"Boeleleng,Boelèlèng,Singaradja,Singaradzha,Singaraja,shigaraja,Сингараджа,シガラジャ",-8.112,115.08818,P,PPLA3,ID,,02,5108,,,133784,,11,Asia/Makassar,2022-12-31
1626936,Singaparna,Singaparna,Singaparna,-7.3515,108.111,P,PPLA2,ID,,30,3206,,,48882,,430,Asia/Jakarta,2022-12-31
1627035,Simpang,Simpang,Simpang,-1.26424,104.09701,P,PPL,ID,,05,1506,,,36652,,5,Asia/Jakarta,2022-12-30
1627185,Sijunjung,Sijunjung,"Sidjoendioeng,Sidjoendjoeng,Sidjoengdjoeng,Sidjundjung,Sijunjung",-0.7005,100.9774,P,PPLA3,ID,,24,1304,,,27786,,167,Asia/Jakarta,2022-12-31
1627253,Sidoarjo,Sidoarjo,"Sidaardja,Sidoardio,Sidoardja,Sidoardjo,Sidoarjo,Sidohardjo",-7.4478,112.7183,P,PPLA2,ID,,08,3515,,,139189,,5,Asia/Jakarta,2025-10-05
1627267,Sidareja,Sidareja,"Sidaredja,Sidareja",-7.4846,108.7923,P,PPLA3,ID,,07,3301,,,30313,,8,Asia/Jakarta,2022-12-31
1627357,Sewon,Sewon,Sewon,-7.87639,110.35889,P,PPL,ID,,10,3402,,,73585,,57,Asia/Jakarta,2022-12-31
1627459,Serpong,Serpong,Serpong,-6.31694,106.66417,P,PPL,ID,,30,,,,80193,,49,Asia/Jakarta,2018-07-04
1627549,Serang,Serang,"Kabupaten Serang,Serang",-6.11528,106.15417,P,PPLA,ID,,33,3673,,,692101,,29,Asia/Jakarta,2022-12-30
1627610,Sepatan,Sepatan,"Sepaitan,Sepatan",-6.11889,106.575,P,PPL,ID,,30,,,,118439,,11,Asia/Jakarta,2012-01-17
1627896,Semarang,Semarang,"Kota Semarang,Kutha Semarang,SRG,Samarang,Semaran'nk,Semarang,Semarangas,Semaranq,cemaran,san bao long,san ma leng,se ma rang,semarangi,seumalang,smarang,smrʼng,sumaran,symarang,symaranj,Σεμαράνγκ,Семаранг,סמראנג,سمارانگ,سيمارانج,سیمارانگ,செமாராங்,เซมารัง,სემარანგი,スマラン,三孖冷,三宝垄,三寶瓏,ꦏꦛꦯꦩꦫ,ꦏꦸꦛꦯꦼꦩꦫꦁ,스마랑",-6.99306,110.42083,P,PPLA,ID,,07,3374,,,1653524,,18,Asia/Jakarta,2026-01-09
1627957,Selong,Selong,"Balli,Selong",-8.6503,116.5318,P,PPLA2,ID,,17,5203,,,92464,,156,Asia/Makassar,2023-02-09
1627969,Selogiri,Selogiri,Selogiri,-7.78333,110.86667,P,PPL,ID,,07,3312,,,30180,,117,Asia/Jakarta,2022-12-31
1628453,Sawangan,Sawangan,Sawangan,-6.40278,106.77444,P,PPL,ID,,30,3276,,,165631,,88,Asia/Jakarta,2022-12-30
1628767,Sangkapura,Sangkapura,"Sangkapoera,Sangkapura",-5.84525,112.65173,P,PPL,ID,,08,3525,,,50612,,28,Asia/Jakarta,2025-09-02
1628858,Sanana,Sanana,"SQN,Sanana",-2.05853,125.97786,P,PPLA2,ID,,29,8203,,,29716,,10,Asia/Jayapura,2023-02-09
1628884,Sampit,Sampit,"SMQ,Sampit,Tanah Hevea",-2.5315,112.9496,P,PPLA2,ID,,13,6202,,,166773,,5,Asia/Pontianak,2023-02-08
1628899,Sampang,Sampang,"Sampand,Sampang",-7.1872,113.2394,P,PPLA2,ID,,08,3527,,,53269,,5,Asia/Jakarta,2022-12-31
1629001,Samarinda,Samarinda,"Batoeng Panggol,Kota Samarinda,Kuta Samarinda,Kutha Samarinda,SRI,Samarinda,Samarynda,camarinta,sa ma rin da,samalinda,samarinda,samarynda,sha ma lin da,Самаринда,Самарында,ساماريندا,ساماریندا,سامارینڈا,சமாரிண்டா,ซามารินดา,サマリンダ,沙馬林達,사마린다",-0.49167,117.14583,P,PPLA,ID,,14,6472,,,831460,,24,Asia/Makassar,2022-12-30
1629131,Salatiga,Salatiga,Salatiga,-7.33194,110.49278,P,PPL,ID,,07,3373,,,201369,,571,Asia/Jakarta,2024-05-23
1629380,Ruteng,Ruteng,"RTG,Roeteng,Roeting,Ruteng,Рутенг",-8.61139,120.46444,P,PPLA2,ID,,18,5313,,,41533,,1173,Asia/Makassar,2023-02-08
1629710,Rengasdengklok,Rengasdengklok,Rengasdengklok,-6.15917,107.29806,P,PPL,ID,,30,3215,,,201463,,10,Asia/Jakarta,2022-12-31
1629749,Rembangan,Rembangan,"Rembang,Rembangan",-6.7036,111.3416,P,PPL,ID,,07,3317,,,44030,,11,Asia/Jakarta,2022-12-31
1629974,Rantepao,Rantepao,Rantepao,-2.9701,119.8978,P,PPLA2,ID,,38,7326,,,40438,,784,Asia/Makassar,2022-12-30
1630034,Ransiki,Ransiki,"RSK,Ranasiki,Ransiki",-1.5083,134.1708,P,PPLA2,ID,,39,9111,,,16245,,26,Asia/Jayapura,2023-02-09
1630058,Rangkasbitung,Rangkasbitung,"Rangkas Betung,Rangkasbitoeng,Rangkasbitung,Rangkasibitoeng",-6.3591,106.2494,P,PPLA2,ID,,33,3602,,,137041,,27,Asia/Jakarta,2023-02-08
1630088,Randudongkal,Randudongkal,"Randoedonggal,Randoedongkal,Randudongkal,Randudongkol",-7.0981,109.3243,P,PPL,ID,,07,3327,,,28532,,216,Asia/Jakarta,2022-12-31
1630200,Rajapolah,Rajapolah,"Radjapolah,Radjapoloh,Rajapolah",-7.221,108.1896,P,PPLA3,ID,,30,3206,,,39840,,467,Asia/Jakarta,2022-12-31
1630238,Raha,Raha,"Raba,Raha",-4.838,122.7209,P,PPLA2,ID,,22,7402,,,69980,,19,Asia/Makassar,2023-02-09
1630328,Purwokerto,Purwokerto,"Kota Purwokerto,PWL,Poerwakerta,Poerwokerto,Purwakerta,Purwokerto",-7.42139,109.23444,P,PPLA2,ID,,07,3302,,,230235,,81,Asia/Jakarta,2023-02-08
1630333,Purwodadi,Purwodadi,"Poerwadadi,Poerwodadi,Purwadadi,Purwodadi,Purwodadi Grobogan",-7.0868,110.9158,P,PPLA2,ID,,07,3315,,,139387,,29,Asia/Jakarta,2023-02-08
1630341,Purwakarta,Purwakarta,"Kota Purwakarta,Poerwakarta,Purwakarta",-6.55694,107.44333,P,PPLA2,ID,,30,3214,,,179233,,86,Asia/Jakarta,2023-02-08
1630366,Purbalingga,Purbalingga,"Poerbalingga,Poerbolinggo,Purbalingga,Purbolinggo,Purbolingo",-7.38806,109.36389,P,PPLA2,ID,,07,3303,,,56903,,61,Asia/Jakarta,2022-12-31
1630416,Pundong,Pundong,"Poendoeng,Poendong,Pundong,Pundung",-7.95222,110.34861,P,PPL,ID,,10,3402,,,24081,,26,Asia/Jakarta,2022-12-31
1630634,Probolinggo,Probolinggo,"Kota Probolinggo,Prabalingga,Probalingga,Probalinggo,Probolinggo",-7.7543,113.2159,P,PPL,ID,,08,3574,,,246980,,15,Asia/Jakarta,2024-05-23
1630649,Prigen,Prigen,,-7.68333,112.61667,P,PPL,ID,,08,3514,,,24164,,823,Asia/Jakarta,2022-12-30
1630662,Praya,Praya,"LOP,Praja,Praya,Прая",-8.70536,116.27036,P,PPLA3,ID,,17,5202,,,35183,,108,Asia/Makassar,2022-12-31
1630681,Candi Prambanan,Candi Prambanan,"Candi Prambanan,Prambanan",-7.75,110.49417,P,PPL,ID,,07,3310,,,44925,,157,Asia/Jakarta,2022-12-31
1630723,Poso,Poso,"PSJ,Poso,Posso,Посо",-1.3959,120.7524,P,PPLA2,ID,,21,7204,,,47477,,10,Asia/Makassar,2023-02-09
1630789,Pontianak,Pontianak,"Kota Pontianak,Kuta Pontianak,Kutha Pontianak,PNK,Pontianak,Pontianakas,Pontijanak,bwntyanak,kun dian,pn ti xa nak,pontianag,pontianakku,pwntyanak,pwnٹyank  anڈwnyshya,Понтианак,Понтіанак,פונטיאנק,بونتياناك,پونتیاناک,پونٹیاناک,پونٹیانک، انڈونیشیا,ปนตีอานัก,ポンティアナック,坤甸,폰티아낙",-0.03194,109.325,P,PPLA,ID,,11,6171,,,658685,,2,Asia/Pontianak,2025-05-08
1630798,Ponorogo,Ponorogo,"Panaraga,Ponogoro,Ponorogo",-7.8685,111.462,P,PPLA2,ID,,08,3502,,,79026,,103,Asia/Jakarta,2022-12-31
1630935,Polewali,Polewali,Polewali,-3.4324,119.3435,P,PPLA2,ID,,41,7602,,,65800,,6,Asia/Makassar,2023-02-08
1630997,Plumbon,Plumbon,"Pelumbon,Ploembon,Plumbon",-6.705,108.47278,P,PPL,ID,,30,3209,,,167105,,22,Asia/Jakarta,2022-12-31
1631393,Prabumulih,Prabumulih,"Peraboemoelih,Perabumulih,Praboemoelih,Prabumuli,Prabumulih",-3.43447,104.23056,P,PPLA3,ID,,32,1672,,,103470,,51,Asia/Jakarta,2022-12-31
1631637,Pemangkat,Pemangkat,"Pamangka,Pamangkat,Pemangkat",1.16667,108.96667,P,PPL,ID,,11,6101,,,34029,,1,Asia/Pontianak,2022-12-30
1631648,Pemalang,Pemalang,Pemalang,-6.89193,109.38263,P,PPLA2,ID,,07,3327,,,184149,,12,Asia/Jakarta,2018-03-27
1631733,Pelabuhanratu,Pelabuhanratu,"Palaboehan,Palaboehanratoe,Palabuanratu,Palabuhan,Palabuhanratu,Palakoehanratoe,Pelabuanratu,Pelabuhanratu,Plabuhanratu",-6.9875,106.55139,P,PPLA2,ID,,30,3202,,,109523,,21,Asia/Jakarta,2023-02-09
1631761,Pekanbaru,Pekanbaru,"Kota Pekanbaru,Kutha Pekanbaru,PKU,Pakanbahru,Pakanbaroe,Pakanbaru,Pekanbaroe,Pekanbaru,bei gan ba lu,pekanbalu,pkanbarw,pukanbaru,pykanbarw,Пеканбару,پکانبارو,پیکانبارو,プカンバル,北干巴魯,페칸바루",0.51667,101.44167,P,PPLA,ID,,37,1471,,,1085000,,19,Asia/Jakarta,2023-02-08
1631766,Pekalongan,Pekalongan,"Kota Pekalongan,Pekalongan",-6.8886,109.6753,P,PPL,ID,,07,3375,,,317524,,10,Asia/Jakarta,2024-05-23
1631851,Pecangaan,Pecangaan,"Pecangaan,Pecangakan,Petjangaan,Petjangakan,Petjangkan",-6.6978,110.7107,P,PPL,ID,,07,3320,,,61046,,18,Asia/Jakarta,2022-12-31
1631905,Payakumbuh,Payakumbuh,"Kota Payakumbuh,Paja Kombo,PajaKumbuh,Pajakoemboeh,Payakumbuh,Rayakumbuh",-0.2159,100.6334,P,PPLA2,ID,,24,1376,,,139576,,517,Asia/Jakarta,2023-02-08
1631992,Pati,Pati,"Pati,Пати",-6.7559,111.038,P,PPLA2,ID,,07,3318,,,107028,,13,Asia/Jakarta,2023-02-08
1632033,Pasuruan,Pasuruan,"Kota Pasuruan,Pasoeroean,Pasuruan",-7.6453,112.9075,P,PPL,ID,,08,3575,,,212466,,9,Asia/Jakarta,2024-05-23
1632197,Paseh,Paseh,Paseh,-7.068,107.794,P,PPL,ID,,30,3204,,,126181,,924,Asia/Jakarta,2024-03-25
1632228,Pasarkemis,Pasarkemis,Pasarkemis,-6.17028,106.53028,P,PPL,ID,,30,,,,273659,,20,Asia/Jakarta,2022-09-29
1632276,Parung,Parung,"Paroeng,Parung",-6.42139,106.73306,P,PPL,ID,,30,3201,,,123078,,101,Asia/Jakarta,2022-12-31
1632334,Pariaman,Pariaman,"Kota Pariaman,Pariaman",-0.61898,100.11997,P,PPLA3,ID,,24,1377,,,92183,,4,Asia/Jakarta,2022-12-31
1632353,Parepare,Parepare,"Pare-Pare,Parepare",-4.0135,119.6255,P,PPL,ID,,38,7372,,,160309,,22,Asia/Makassar,2025-09-17
1632358,Pare,Pare,Pare,-7.7679,112.198,P,PPL,ID,,08,3506,,,56699,,141,Asia/Jakarta,2022-12-31
1632566,Panji,Panji,"Pandji,Pandji-lor,Panji,Panji-lor",-7.72528,114.09954,P,PPLA3,ID,,08,3512,,,42789,,32,Asia/Jakarta,2022-12-30
1632654,Pangkalpinang,Pangkalpinang,"Merawang,PGK,Pangkalpinang,Pankal Pinang",-2.12914,106.11377,P,PPLA,ID,,35,1971,,,216893,,10,Asia/Jakarta,2022-12-30
1632694,Pangkalanbuun,Pangkalanbuun,"PKN,Pangkalan Bun,Pangkalanboeoen,Pangkalanbun,Pangkalanbuun,Soekaboemi,Sukabumi",-2.6832,111.6259,P,PPL,ID,,13,6201,,,38057,,16,Asia/Pontianak,2022-12-30
1632823,Pandeglang,Pandeglang,"Pandegelang,Pandeglang",-6.3084,106.1067,P,PPLA2,ID,,33,3601,,,92316,,253,Asia/Jakarta,2022-12-31
1632859,Pandaan,Pandaan,"Pandaan,Pandakara,Pandaän,Paodakan",-7.65268,112.6875,P,PPL,ID,,08,3514,,,34184,,196,Asia/Jakarta,2022-12-30
1632861,Pandak,Pandak,Pandak,-7.91306,110.29361,P,PPL,ID,,10,3402,,,56043,,34,Asia/Jakarta,2022-12-31
1632903,Panarukan,Panarukan,Panaroekan,-7.70181,113.91844,P,PPL,ID,,08,3512,,,30749,,9,Asia/Jakarta,2022-12-30
1632937,Pamulang,Pamulang,Pamulang,-6.34278,106.73833,P,PPL,ID,,30,,,,174557,,65,Asia/Jakarta,2018-12-04
1632974,Pameungpeuk,Pameungpeuk,Pameungpeuk,-7.01833,107.60389,P,PPL,ID,,30,3204,,,48294,,665,Asia/Jakarta,2022-12-31
1632978,Pamekasan,Pamekasan,"Pamekasan,Ramekasan",-7.1568,113.4746,P,PPLA2,ID,,08,3528,,,92447,,18,Asia/Jakarta,2022-12-31
1632998,Pamanukan,Pamanukan,"Pamanoekan,Pamanukan",-6.28417,107.81056,P,PPL,ID,,30,3213,,,114290,,10,Asia/Jakarta,2022-12-31
1633034,Palu,Palu,"Kabupaten Poso,Kota Palu,PLW,Pal,Paloe,Palu,Пал",-0.90833,119.87083,P,PPLA,ID,,21,7271,,,373218,,9,Asia/Makassar,2022-12-30
1633037,Palopo,Palopo,"LLO,Palopo,Paloppo,Wara",-2.9925,120.19694,P,PPL,ID,,38,7373,,,190867,,8,Asia/Makassar,2024-05-23
1633056,Palimanan,Palimanan,Palimanan,-6.70694,108.42417,P,PPL,ID,,30,3209,,,92600,,26,Asia/Jakarta,2022-12-31
1633070,Palembang,Palembang,"Kota Palembang,Kutha Palembang,PLM,Palembang,Palembangas,Palembanq,Palempan'nk,Palimbao,Palimbão,Palèmbang,Pelembang,Pelémbang,balymbanj,jiu gang,ju gang,pa lem bang,palembanga,pallembang,palmbang,palymbang,parenban,plmbʼng,Παλεμπάνγκ,Палембанг,פלמבאנג,باليمبانج,پالمبانگ,پالم‌بانگ,پالیمبانگ,पालेंबांग,ปาเล็มบัง,パレンバン,巨港,旧港,팔렘방",-2.91673,104.7458,P,PPLA,ID,,32,1671,,,1668848,,5,Asia/Jakarta,2026-01-15
1633118,Palangkaraya,Palangkaraya,"Kota Palangka Raya,PKY,Pahandoet,Pahandut,Palangka Raya,Palangkaraja,Palangkaraya,Palankaraja,Plangkaraja,pa lang ka la ya,Паланкарая,帕朗卡拉亚",-2.20833,113.91667,P,PPLA,ID,,13,6271,,,293500,,16,Asia/Pontianak,2022-12-31
1633182,Pakisaji,Pakisaji,"Pakisadji,Pakisadji l,Pakisaji",-8.0665,112.5981,P,PPLA3,ID,,08,3507,,,30213,,393,Asia/Jakarta,2022-12-31
1633308,Pagar Alam,Pagar Alam,"PXA,Pagar Alam,Pageralam",-4.02506,103.24694,P,PPLA3,ID,,32,1604,,,70386,,720,Asia/Jakarta,2016-06-12
1633375,Padangpanjang,Padangpanjang,"Padangpandjang,Padangpanjang,Pandangrandjang",-0.45602,100.40521,P,PPL,ID,,24,1374,,,58627,,824,Asia/Jakarta,2025-07-03
1633419,Padang,Padang,"Kota Padang,Kuta Padang,Kutha Padang,PDG,Padang,Padangas,Padango,ba dong,badangh,pa dang,padan,padang,padanga,padng  andwnzy,Паданг,بادانغ,پادانگ,پادنگ، اندونزی,پاڈانگ,पादांग,ปาดัง,パダン,巴東,파당",-0.94924,100.35427,P,PPLA,ID,,24,1371,,,909040,,6,Asia/Jakarta,2022-12-31
1633442,Paciran,Paciran,"Pachiran,Patjiran",-6.87666,112.37606,P,PPL,ID,,08,3524,,,27072,,5,Asia/Jakarta,2022-12-31
1633811,Nunukan,Nunukan,"NNX,Noenoekan,Nunukan Barat",4.13841,117.6507,P,PPL,ID,,42,,,,67006,,19,Asia/Makassar,2025-06-20
1633986,Ngunut,Ngunut,Ngoenoet,-8.1058,112.01591,P,PPL,ID,,08,3504,,,26297,,110,Asia/Jakarta,2022-12-31
1634010,Ngoro,Ngoro,Ngara,-7.68386,112.25804,P,PPL,ID,,08,3517,,,22871,,93,Asia/Jakarta,2022-12-30
1634098,Ngawi,Ngawi,Ngawi,-7.4038,111.4461,P,PPL,ID,,08,3521,,,22412,,57,Asia/Jakarta,2022-12-30
1634131,Nganjuk,Nganjuk,"Ngandjoek,Ngandjuk,Nganjuk",-7.6051,111.9035,P,PPLA2,ID,,08,3518,,,69011,,59,Asia/Jakarta,2022-12-30
1634266,Negara,Negara,,-8.35694,114.61694,P,PPL,ID,,02,5101,,,33191,,12,Asia/Makassar,2022-12-31
1634511,Namrole,Namrole,"NRE,Nam' Role,Namrole,Nam’ Role",-3.84548,126.72619,P,PPLA2,ID,,28,8109,,,21513,,13,Asia/Jayapura,2025-05-25
1634519,Namlea,Namlea,"NAM,Nam' Lea,Namlea,Nam’ Léa",-3.26194,127.09292,P,PPLA2,ID,,28,8104,,,37869,,34,Asia/Jayapura,2025-05-25
1634614,Nabire,Nabire,"NBX,Nabarie,Nabire",-3.35989,135.50074,P,PPLA,ID,,PT,9404,,,43898,,8,Asia/Jayapura,2022-12-31
1634678,Muntok,Muntok,"Mentok,Muntok",-2.06719,105.16228,P,PPLA2,ID,,35,1903,,,26709,,8,Asia/Jakarta,2022-12-31
1634680,Muntilan,Muntilan,"Moentilan,Muntilan",-7.58111,110.29278,P,PPL,ID,,07,3308,,,44859,,377,Asia/Jakarta,2022-12-31
1634718,Muncar,Muncar,"Moentjar,Muncar,Muntjar",-8.43333,114.33333,P,PPL,ID,,08,3510,,,64537,,6,Asia/Jakarta,2022-12-30
1634739,Mulia,Mulia,"LII,Mulia",-3.71472,137.98528,P,PPLA2,ID,,PT,9411,,,35884,,2106,Asia/Jayapura,2025-05-27
1634788,Muara Teweh,Muara Teweh,"HMS,MTW,Moearatewe,Moearateweh,Muara Teweh,Muaratawe,Muaratewa,Muaratewe,Muarateweh",-0.94734,114.8962,P,PPLA2,ID,,13,6205,,,46652,,31,Asia/Pontianak,2026-01-13
1634904,Muara Bungo,Muara Bungo,"BUU,Moearaboengo,Muara Bungo,Muarabungo",-1.49018,102.1149,P,PPLA2,ID,,05,1509,,,21243,,53,Asia/Jakarta,2023-02-09
1634954,Mranggen,Mranggen,Mranggen,-7.0268,110.5158,P,PPL,ID,,07,3321,,,28026,,20,Asia/Jakarta,2022-12-31
1635111,Mojokerto,Mojokerto,"Kota Mojokerto,Madjakerta,Modjokerto,Mojokerto",-7.4664,112.4338,P,PPL,ID,,08,3576,,,141785,,25,Asia/Jakarta,2024-05-23
1635116,Mojoagung,Mojoagung,"Madja agoeng,Madjaagung,Modjoagoeng,Modjoagung,Mojoangung",-7.56667,112.35,P,PPL,ID,,08,3517,,,23534,,37,Asia/Jakarta,2022-12-30
1635164,Mlonggo,Mlonggo,Mlonggo,-6.53333,110.7,P,PPL,ID,,07,3320,,,33542,,18,Asia/Jakarta,2022-12-31
1635283,Metro,Metro,"Kota Metro,Metra,Metro,Метро",-5.11306,105.30667,P,PPL,ID,,15,1872,,,178381,,62,Asia/Jakarta,2024-05-23
1635342,Mertoyudan,Mertoyudan,"Mertajoedan,Mertojoedan,Mertojudan,Mertoyudan",-7.52,110.22639,P,PPL,ID,,07,3308,,,69871,,351,Asia/Jakarta,2022-12-31
1635660,Melati,Melati,"Melati,Mlati",-7.73333,110.36667,P,PPL,ID,,10,3404,,,67090,,187,Asia/Jakarta,2022-12-31
1635815,Maumere,Maumere,"MOF,Maoemere,Maomere,Maumere,Mauniere,Маумере",-8.6199,122.2111,P,PPLA2,ID,,18,5310,,,87720,,18,Asia/Makassar,2023-02-08
1635882,Mataram,Mataram,"AMI,Kota Mataram,Kutha Mataram,Mataram,Mataram-Lombok,Mataramas,ma ta lan,matalam,mataram,mataramu,Матарам,ماتارام,ماٹارام,მატარამი,マタラム,馬塔蘭,마타람",-8.58333,116.11667,P,PPLA,ID,,17,5271,,,429651,,24,Asia/Makassar,2022-12-30
1635984,Masamba,Masamba,"MXB,Masamba,Masambe",-2.5537,120.3279,P,PPLA2,ID,,38,7322,,,38024,,42,Asia/Makassar,2023-02-09
1636022,Martapura,Martapura,"Martapoera,Martapura",-3.4109,114.8642,P,PPLA2,ID,,12,6303,,,131449,,6,Asia/Makassar,2022-12-31
1636029,Maros,Maros,"Maroesoe,Maros",-5.006,119.5727,P,PPLA2,ID,,38,7308,,,30000,,9,Asia/Makassar,2022-12-30
1636121,Margasari,Margasari,"Margasari,Margosari",-7.09484,109.025,P,PPLA3,ID,,07,3328,,,27814,,51,Asia/Jakarta,2022-12-31
1636125,Margahayukencana,Margahayukencana,"Margahajoe,Margahaju,Margahayu,Margahayukencana",-6.97083,107.5675,P,PPL,ID,,30,3204,,,83119,,668,Asia/Jakarta,2022-12-31
1636308,Manokwari,Manokwari,"Kabupaten Manokwari,Kutha Manokwari,MKW,Manokvari,Manokvaris,Manokwari,Menoekwari,man nuo wa li,manokuwari,manokwali,manwkwary,Маноквари,مانوكواري,مانوکواری,მანოკვარი,マノクワリ,曼諾瓦里,마노콰리",-0.86291,134.06402,P,PPLA,ID,,39,9105,,,107325,,15,Asia/Jayapura,2022-08-14
1636322,Manismata,Manismata,Manismata,-2.46667,111.03333,P,PPL,ID,,11,6106,,,18888,,29,Asia/Pontianak,2022-12-30
1636426,Manggar,Manggar,Manggar,-2.88333,108.26667,P,PPLA2,ID,,35,1906,,,39135,,2,Asia/Jakarta,2023-02-08
1636507,Mendaha,Mendaha,"Mandahara,Mendaha,Mendahara",-1.0163,103.59331,P,PPL,ID,,05,1506,,,56268,,5,Asia/Jakarta,2022-12-30
1636544,Manado,Manado,"Kota Manado,Kutha Manado,MDC,Manadas,Manado,Menado,ma na do,manado,manadw,wan ya lao,Манадо,مانادو,مناڈو,मानदो,มานาโด,マナド,万鸦老,萬鴉老,마나도",1.48218,124.84892,P,PPLA,ID,,31,7171,,,451916,,10,Asia/Makassar,2022-12-30
1636657,Malinau,Malinau,"Kabiran,LNU,Malinau,Malinau City",3.58855,116.62391,P,PPLA2,ID,,42,6501,,,25596,,5,Asia/Makassar,2023-02-09
1636722,Malang,Malang,"Kabupaten Malang,Kota Malang,Kutha Malang,MLG,Maland,Malang,ma lang,malangh,malangi,mallang,malng,maran,Маланг,مالانغ,مالنگ,მალანგი,マラン,瑪琅,말랑",-7.9797,112.6304,P,PPL,ID,,08,3573,,,847182,,452,Asia/Jakarta,2024-05-23
1636806,Majene,Majene,"Madjene,Majene",-3.5403,118.9707,P,PPLA2,ID,,41,7601,,,73883,,8,Asia/Makassar,2023-02-08
1636808,Majenang,Majenang,"Madjenang,Majenang",-7.2975,108.7642,P,PPLA3,ID,,07,3301,,,38897,,40,Asia/Jakarta,2022-12-31
1636816,Majalengka,Majalengka,"Madjalengka,Majalengka",-6.83611,108.22778,P,PPLA2,ID,,30,3210,,,73052,,126,Asia/Jakarta,2023-02-08
1636884,Magelang,Magelang,"Kota Magelang,Kutha Magelang,Magelang,ma ge lang,magelangi,maglang,Магеланг,ماگلانگ,მაგელანგი,馬格朗",-7.47056,110.21778,P,PPL,ID,,07,3371,,,121526,,379,Asia/Jakarta,2022-12-30
1636930,Madiun,Madiun,"Kota Madiun,Madioen,Madiun",-7.6298,111.5239,P,PPL,ID,,08,3577,,,202544,,69,Asia/Jakarta,2024-05-23
1637001,Luwuk,Luwuk,"LUW,Loewoek,Luwuk",-0.9516,122.7875,P,PPLA2,ID,,21,7202,,,47778,,17,Asia/Makassar,2016-02-27
1637090,Lumajang,Lumajang,"Kabupaten Lumajang,Loemadjang,Lumadjang,Lumajang",-8.1335,113.2248,P,PPLA2,ID,,08,3508,,,123626,,56,Asia/Jakarta,2022-12-31
1637158,Lubuklinggau,Lubuklinggau,"Kota Lubuklinggau,LLJ,Loeboeklinggau,Lubuklinggao,Lubuklinggau",-3.2945,102.8614,P,PPLA2,ID,,32,1674,,,234166,,140,Asia/Jakarta,2022-01-30
1637510,Loa Janan,Loa Janan,"Loa Djanan,Loa Janan",-0.58295,117.09503,P,PPL,ID,,14,6403,,,212816,,9,Asia/Makassar,2022-12-30
1637833,Lewoleba,Lewoleba,"LWE,Lewoleba",-8.3723,123.418,P,PPLA2,ID,,18,5308,,,30151,,19,Asia/Makassar,2025-05-25
1638063,Lembang,Lembang,"Lembang,Lembang 1,Lembange,Лембанге",-6.81167,107.6175,P,PPL,ID,,30,3217,,,183130,,1252,Asia/Jakarta,2022-12-31
1638217,Lebaksiu,Lebaksiu,"Lebaksioe,Lebaksiu",-7.0496,109.1441,P,PPL,ID,,07,3328,,,33606,,149,Asia/Jakarta,2022-12-31
1638284,Lawang,Lawang,Lawang,-7.8353,112.6947,P,PPL,ID,,08,3507,,,112540,,509,Asia/Jakarta,2024-05-23
1638352,Lasem,Lasem,"Binangun,Lasem",-6.6922,111.4527,P,PPLA3,ID,,07,3317,,,28948,,12,Asia/Jakarta,2022-12-31
1638562,Lamongan,Lamongan,,-7.11667,112.41667,P,PPLA3,ID,,08,3524,,,59224,,8,Asia/Jakarta,2022-12-31
1638775,Lahat,Lahat,"Lahat,PXA",-3.78514,103.54279,P,PPLA2,ID,,32,1604,,,65906,,115,Asia/Jakarta,2023-02-08
1638868,Labuan Bajo,Labuan Bajo,"Badjo,LBJ,Laboean Bajo,Laboehanbadjo,Labuan Bajo,Labuanbadzho,Labuanbajo,Labuhanbadjo,Labuhanbajo,Лабуанбаджо",-8.4964,119.8877,P,PPLA2,ID,,18,5315,,,188724,,63,Asia/Makassar,2022-12-31
1638870,Labuan,Labuan,"Laboean,Laboehan,Labuan,Labuhan",-6.3784,105.83,P,PPLA3,ID,,33,3601,,,33576,,12,Asia/Jakarta,2022-12-31
1638981,Kutoarjo,Kutoarjo,"Koeta'ardja,Koeta’ardja,Koetoardjo,Kutoardjo,Kutoarjo",-7.71694,109.91278,P,PPL,ID,,07,3306,,,31352,,20,Asia/Jakarta,2022-12-31
1639002,Kuta,Kuta,"Koeta,Kuta,ku ta,kuta,Кута,कूटा,クタ,庫塔",-8.72332,115.17234,P,PPL,ID,,02,5103,,,30012,,8,Asia/Makassar,2019-03-26
1639094,Kuningan,Kuningan,"Koeningan,Kuningan",-6.97583,108.48306,P,PPLA2,ID,,30,3208,,,111742,,537,Asia/Jakarta,2023-02-09
1639215,Kudus,Kudus,"Koedoes,Kudus",-6.8048,110.8405,P,PPLA2,ID,,07,3319,,,92156,,27,Asia/Jakarta,2023-02-08
1639286,Kuala Tungkal,Kuala Tungkal,"Koealatoengkal,Kuala Tungkal,Kualatungkal",-0.81623,103.46111,P,PPLA2,ID,,05,1507,,,33683,,6,Asia/Jakarta,2022-12-30
1639304,Kualakapuas,Kualakapuas,"Koealakapoeas,Kualakapuas",-3.00913,114.38759,P,PPL,ID,,13,6203,,,35632,,9,Asia/Jakarta,2025-10-18
1639337,Kroya,Kroya,"Kroja,Kroya",-7.63306,109.24611,P,PPL,ID,,07,3301,,,23255,,18,Asia/Jakarta,2022-12-31
1639356,Krian,Krian,"Kerian,Krian,Krijan",-7.4104,112.5792,P,PPL,ID,,08,3515,,,38603,,17,Asia/Jakarta,2022-12-31
1639362,Kresek,Kresek,"Keresek,Kresek",-6.13139,106.37972,P,PPL,ID,,30,,,,110182,,16,Asia/Jakarta,2012-01-17
1639431,Kraksaan,Kraksaan,"Kraksahan,Kraksan",-7.75845,113.39624,P,PPL,ID,,08,3513,,,28248,,1,Asia/Jakarta,2022-12-30
1639524,Kotabumi,Kotabumi,"Kotaboemi,Kotabumi",-4.82505,104.8817,P,PPLA2,ID,,15,1806,,,42366,,37,Asia/Jakarta,2022-12-31
1639850,Klungkung,Klungkung,Kloengkoeng,-8.53333,115.4,P,PPL,ID,,02,5105,,,27836,,95,Asia/Makassar,2022-12-31
1639900,Klaten,Klaten,"Kabupaten Klaten,Klaten,Klathen",-7.70583,110.60639,P,PPLA2,ID,,07,3310,,,126831,,159,Asia/Jakarta,2022-12-31
1639925,Klangenan,Klangenan,Klangenan,-6.70944,108.44,P,PPL,ID,,30,3209,,,88378,,25,Asia/Jakarta,2022-12-31
1640138,Ketanggungan,Ketanggungan,"Ketanggoengan,Ketanggungan",-6.9383,108.891,P,PPL,ID,,07,3329,,,44288,,16,Asia/Jakarta,2022-12-31
1640185,Kertosono,Kertosono,"Pelem,Pĕlĕm",-7.58333,112.1,P,PPL,ID,,08,3518,,,60782,,43,Asia/Jakarta,2022-12-30
1640296,Kepanjen,Kepanjen,"Kepandjen,Kepanjen",-8.1303,112.5727,P,PPLA2,ID,,08,3507,,,51919,,341,Asia/Jakarta,2022-12-31
1640344,Kendari,Kendari,"KDI,Kendari,Kendaris,Kota Kendari,Kutha Kendhari,ken da li,ken da ri,kendari,keundali,kndary,kndry  andwnzy,Кендари,کنداری,کندری، اندونزی,เก็นดารี,ケンダリ,肯達里,큰다리",-3.9778,122.51507,P,PPLA,ID,,22,7471,,,345107,,2,Asia/Makassar,2022-12-31
1640354,Kencong,Kencong,"Kentjong,Ketjong",-8.28333,113.36667,P,PPL,ID,,08,3509,,,43046,,11,Asia/Jakarta,2022-12-31
1640576,Kefamenanu,Kefamenanu,"Kefamenanu,Kefannanoe,Kefannanu,Kefannau",-9.44667,124.47806,P,PPLA2,ID,,18,5305,,,48202,,409,Asia/Makassar,2023-02-08
1640581,Kedungwuni,Kedungwuni,"Kedoengwoeni,Kedungwuni",-6.97038,109.64794,P,PPL,ID,,07,3326,,,117249,,17,Asia/Jakarta,2022-12-31
1640585,Kedungwaru,Kedungwaru,,-8.06667,111.91667,P,PPL,ID,,08,3504,,,80257,,90,Asia/Jakarta,2022-12-31
1640660,Kediri,Kediri,"DHX,Kediri,Kota Kediri,Kutha Kedhiri,jian yi li,kdyry,kydyry  mshrqy jawa,Кедири,كديري,کیدیری، مشرقی جاوا,კედირი,諫義里",-7.81667,112.01667,P,PPL,ID,,08,3571,,,235143,,74,Asia/Jakarta,2024-05-23
1640755,Kebonarun,Kebonarun,"Kebonarum,Kebonarun",-7.70028,110.56306,P,PPL,ID,,07,3310,,,21745,,193,Asia/Jakarta,2022-12-31
1640765,Kebomas,Kebomas,,-7.16667,112.6333,P,PPL,ID,,08,3525,,,75982,,36,Asia/Jakarta,2022-12-30
1640889,Kawasi,Kawasi,"Kawasi,Kawass,Kawassi",-1.59122,127.40707,P,PPL,ID,,29,8204,,,29642,,3,Asia/Jayapura,2025-05-25
1640902,Kawalu,Kawalu,"Kawaloe,Kawalu",-7.3817,108.2082,P,PPLA3,ID,,30,3278,,,50541,,325,Asia/Jakarta,2022-12-31
1640972,Katobu,Katobu,"Kahoboe,Kataboe",-4.8299,122.726,P,PPL,ID,,22,7402,,,31929,12,1,Asia/Makassar,2021-12-21
1641134,Karawang,Karawang,"Karawang,Krawang",-6.30525,107.3197,P,PPLA2,ID,,30,3215,,,307880,,12,Asia/Jakarta,2026-03-14
1641184,Karangsembung,Karangsembung,"Karangsemboeng,Karangsembung",-6.8487,108.6422,P,PPL,ID,,30,3209,,,75856,,14,Asia/Jakarta,2022-12-31
1641301,Amlapura,Amlapura,"Amlapura,Karangasem,Karangasem Amlapura,Амлапура",-8.45,115.61667,P,PPLA2,ID,,02,5107,,,31869,,86,Asia/Makassar,2018-08-17
1641333,Karanganom,Karanganom,Karanganom,-7.64889,110.625,P,PPL,ID,,07,3310,,,50670,,217,Asia/Jakarta,2022-12-31
1641342,Karangampel,Karangampel,Karangampel,-6.46222,108.45194,P,PPL,ID,,30,3212,,,31234,,7,Asia/Jakarta,2022-12-31
1641792,Kamal,Kamal,"Kama,Kamal,Kamal',Камаль",-7.16778,112.71917,P,PPL,ID,,08,3526,,,22515,,7,Asia/Jakarta,2022-12-31
1641977,Kalianget,Kalianget,Kalianget,-7.0537,113.94244,P,PPLA3,ID,,08,3529,,,23897,,14,Asia/Jakarta,2022-12-31
1642069,Kalabahi,Kalabahi,"Kalabahi,Kalabaki,Kalaoahi,Kalooahi",-8.2151,124.5458,P,PPLA2,ID,,18,5307,,,19210,,33,Asia/Makassar,2025-05-25
1642317,Juwana,Juwana,"Djoeana,Djoewana,Djoewono,Djuana,Djuwana,Djuwono,Joana,Juana,Juwana",-6.715,111.1514,P,PPLA3,ID,,07,3318,,,40177,,8,Asia/Jakarta,2022-12-31
1642414,Jombang,Jombang,"Djombang,Jombang,Kabupaten Jombang",-7.54595,112.23307,P,PPL,ID,,08,3517,,,126465,,43,Asia/Jakarta,2022-12-30
1642437,Jogonalan,Jogonalan,"Djogonalan,Jogonalan",-7.70361,110.53611,P,PPL,ID,,07,3310,,,28114,,223,Asia/Jakarta,2022-12-31
1642548,Jepara,Jepara,"Djapara,Djepara,Japara,Jepara,Yapara,jybara,جيبارا",-6.5924,110.671,P,PPLA2,ID,,07,3320,,,1257912,,5,Asia/Jakarta,2023-02-09
1642588,Jember,Jember,"Djember,JBB,Jember",-8.17211,113.69953,P,PPLA2,ID,,08,3509,,,298585,,86,Asia/Jakarta,2022-12-31
1642628,Jekulo,Jekulo,"Djekoela,Djekoelo,Djekolo,Djekulo,Jekulo,Tenggeles",-6.8057,110.9262,P,PPL,ID,,07,3319,,,37521,,15,Asia/Jakarta,2022-12-31
1642684,Jatiwangi,Jatiwangi,"Djatiwangi,Jatiwangi",-6.73361,108.26278,P,PPL,ID,,30,3210,,,57973,,47,Asia/Jakarta,2022-12-31
1642692,Jatiroto,Jatiroto,"Djatiroto,Jatiroto",-7.88333,111.11667,P,PPL,ID,,07,3312,,,50059,,265,Asia/Jakarta,2022-12-31
1642726,Jatibarang,Jatibarang,"Djatibarang,Jatibarang",-6.47472,108.31528,P,PPL,ID,,30,3212,,,73010,,12,Asia/Jakarta,2022-12-31
1642754,Jaten,Jaten,"Djaten,Jaten",-7.57722,110.8975,P,PPL,ID,,07,3313,,,32378,,113,Asia/Jakarta,2022-12-31
1642858,Jambi City,Jambi City,"DJB,Djambi,Dzhambi,Jambi,Jambi City,Sriindrapura,Telanaipura,jamby,Джамби,جامبي",-1.6,103.61667,P,PPLA,ID,,05,1571,,,606200,,21,Asia/Jakarta,2022-12-30
1642911,Jakarta,Jakarta,"Batavia,Big Durian,Cakarta,Cakʻartʻa,D'akarta,Daerah Khusus Ibukota Jakarta,Djakarta,Djogkarta,Dki Jakarta,Dzakarta,Dzhakarta,Dzhakartae,Dżakarta,Džakarta,Gakarto,Giacarta,Iacarta,Iacárta,JKT,Jacarta,Jakarta,Jakarte,Jakartè,Jayakarta,Jogkarta,Koningin van het Oosten,New York Van Java,Nga-ka-that Su-tu Thit-khi,Ngâ-kâ-tha̍t Sú-tû Thi̍t-khî,Sakata,Sunda Kelapa,Sundapura,Tzakarta,Xacarta,Xhakarta,Yajgyadaz,Yakarta,Zhakarta,ba da wei ya,batavuia,cakarta,g'qrth,jakaleuta,jakarata,jakarta,jakartta,jakaruta,jkarta,wu jiao wei,ya jia da,ye jia da,Ĝakarto,Τζακάρτα,Џакарта,Джакартæ,Джакарта,Дьакарта,Жакарта,Ճաքարթա,Ջակարտա,ג'קרטה,דזשאקארטא,جاكارتا,جاکارتا,جکارتا,جکارتہ,जकार्ता,জাকার্তা,ਜਕਾਰਤਾ,જાકાર્તા,ଜାକର୍ତା,ஜகார்த்தா,జకార్తా,ಜಕಾರ್ತ,ജക്കാർത്ത,จาการ์ตา,ཊ་ཁར་ཏ།,ဂျကာတာမြို့,ჯაკარტა,ጃካርታ,ចាការតា,ジャカルタ,バタヴィア,勿礁維,勿礁维,巴达威亚,耶加達,雅加达,雅加達,자카르타",-6.21462,106.84513,P,PPLC,ID,,04,,,,8540121,,16,Asia/Jakarta,2026-02-23
1643078,Indramayu,Indramayu,"Indramajoe,Indramaju,Indramayu",-6.32639,108.32,P,PPLA2,ID,,30,3212,,,123263,,5,Asia/Jakarta,2022-12-31
1643089,Indralaya,Indralaya,"Inderalaja,Inderalaya,Indralaja,Indralaya",-3.25249,104.67555,P,PPLA2,ID,,32,1610,,,42498,,8,Asia/Jakarta,2024-05-19
1643761,Grogol,Grogol,Grogol,-7.60111,110.81861,P,PPL,ID,,07,3311,,,100613,,93,Asia/Jakarta,2022-12-31
1643776,Gresik,Gresik,"Geresik,Gersik,Gresik,Grise,Grisee,Grissee",-7.15389,112.65611,P,PPLA2,ID,,08,3525,,,73629,,10,Asia/Jakarta,2022-12-30
1643837,Gorontalo,Gorontalo,"GTO,Gorontalo,Горонтало",0.5375,123.0625,P,PPLA,ID,,34,7571,,,198539,,11,Asia/Makassar,2022-12-30
1643898,Gongdanglegi Kulon,Gongdanglegi Kulon,"Gondanglegi,Gondangtegi,Gongdanglegi Kulon",-8.17529,112.63594,P,PPLA3,ID,,08,3507,,,22468,,360,Asia/Jakarta,2022-12-31
1643920,Gombong,Gombong,Gombong,-7.60722,109.51417,P,PPL,ID,,07,3305,,,50200,,26,Asia/Jakarta,2022-12-31
1643981,Godean,Godean,"Godean,Godejan",-7.76972,110.29389,P,PPL,ID,,10,3404,,,63164,,121,Asia/Jakarta,2022-12-31
1644178,Genteng,Genteng,Genteng-kulon,-8.36667,114.15,P,PPL,ID,,08,3510,,,79652,,172,Asia/Jakarta,2022-12-30
1644349,Gedangan,Gedangan,Gedangan,-7.39083,112.72667,P,PPL,ID,,08,3515,,,79230,,5,Asia/Jakarta,2022-12-31
1644360,Gebog,Gebog,Gebog,-6.735,110.8444,P,PPL,ID,,07,3319,,,43756,,127,Asia/Jakarta,2022-12-31
1644409,Garut,Garut,"Garoet,Garut",-7.245,107.921,P,PPLA2,ID,,30,3205,,,131809,,891,Asia/Jakarta,2025-07-05
1644522,Gampengrejo,Gampengrejo,"Gampeng,Gampengredja,Gampengredjo",-7.764,112.035,P,PPL,ID,,08,3506,,,49118,,84,Asia/Jakarta,2024-03-25
1644557,Gambiran Satu,Gambiran Satu,"Gambiran,Gambiran Satu",-8.3939,114.1464,P,PPL,ID,,08,3510,,,22525,,143,Asia/Jakarta,2022-12-30
1644605,Galesong,Galesong,Galesong,-5.3166,119.3661,P,PPL,ID,,38,7305,,,83050,,12,Asia/Makassar,2022-12-30
1644833,Fakfak,Fakfak,"FKQ,Fakfak",-2.92481,132.29813,P,PPLA2,ID,,36,,,,18900,,71,Asia/Jayapura,2023-02-09
1644932,Ende,Ende,"ENE,Ende,Endeh,Kota Ende",-8.8432,121.6623,P,PPLA2,ID,,18,5311,,,87269,,31,Asia/Makassar,2023-02-08
1645133,Dumai,Dumai,"DUM,Doemai,Dumai,Dumaj,Kota Dumai,Думай",1.66711,101.44316,P,PPL,ID,,37,1473,,,331832,,7,Asia/Jakarta,2024-05-23
1645154,Dukuhturi,Dukuhturi,Dukuhturi,-6.9,109.08333,P,PPL,ID,,07,3328,,,98074,,4,Asia/Jakarta,2022-12-31
1645220,Driyorejo,Driyorejo,"Driaredja,Drijoredjo,Drioredja,Drioredjo,Driorejo,Driyorejo",-7.3659,112.6219,P,PPL,ID,,08,3525,,,26827,,13,Asia/Jakarta,2022-12-30
1645343,Dompu,Dompu,"Dompo,Dompoe,Dompu",-8.5365,118.4634,P,PPLA2,ID,,17,5205,,,54987,,32,Asia/Makassar,2023-02-08
1645413,Dobo,Dobo,"DOB,Dobo",-5.76092,134.23405,P,PPLA3,ID,,28,8105,,,52104,,5,Asia/Jayapura,2025-05-25
1645428,Diwek,Diwek,,-7.57897,112.23109,P,PPL,ID,,08,3517,,,41719,,53,Asia/Jakarta,2022-12-30
1645518,Depok,Depok,Depok,-7.7625,110.43167,P,PPL,ID,,10,3404,,,104527,,154,Asia/Jakarta,2022-12-31
1645524,Depok,Depok,"Dehpak,Depok,Depok kutha,Depokas,Dèpok,Kota Depok,Kota Dépok,de bo,de bo shi,depokku,dpwq,Депок,Дэпак,Դեպոկ,דפוק,ᮓᮦᮕᮧᮊ᮪,デポック,德博,德博市",-6.4,106.81861,P,PPL,ID,,30,3276,,,2145400,,92,Asia/Jakarta,2025-11-15
1645528,Denpasar,Denpasar,"DPS,Dehnpasar,Dempasar,Dempassar,Denpasar,Denpasar - Bali,Denpasar Bali,Denpasaras,Kota Denpasar,Kutha Denpasar,Ntenpasar,dan pa sha,denapasara,denpasaleu,denpasaru,dnpasar,Ντενπασάρ,Денпасар,Дэнпасар,דנפסאר,دنپاسار,ڈنپاسار,ڈنپسار,देनपसार,દેનપસાર,ဒန်ပါဆာမြို့,დენპასარი,デンパサール,丹帕沙,덴파사르",-8.65,115.21667,P,PPLA,ID,,02,5171,,,725314,,33,Asia/Makassar,2023-02-08
1645559,Demak,Demak,"Demak,Demark,Демак",-6.8909,110.6396,P,PPLA2,ID,,07,3321,,,27251,,9,Asia/Jakarta,2022-12-31
1645565,Delanggu,Delanggu,"Delanggoe,Delanggu,Delangu",-7.61667,110.68333,P,PPL,ID,,07,3310,,,24440,,153,Asia/Jakarta,2022-12-31
1645663,Daruba,Daruba,"Daruba,Doroeba,Doruba",2.05049,128.29398,P,PPLA2,ID,,29,8207,,,23566,,8,Asia/Jayapura,2025-05-25
1645749,Dampit,Dampit,Dampit,-8.21162,112.74934,P,PPLA3,ID,,08,3507,,,23094,,430,Asia/Jakarta,2022-12-31
1645875,Curup,Curup,"Churup,Curup,Tjoeroep,Tjurup",-3.4703,102.5207,P,PPLA2,ID,,03,1702,,,46245,,630,Asia/Jakarta,2022-12-31
1645895,Curug,Curug,"Curug,Tjoeroeg,Tjurug",-6.26583,106.55639,P,PPL,ID,,33,3603,,,191406,,39,Asia/Jakarta,2022-12-31
1645976,Comal,Comal,"Chiomal,Chomal,Comal,Tjomal",-6.9053,109.5347,P,PPL,ID,,07,3327,,,51092,,13,Asia/Jakarta,2022-12-31
1645978,Colomadu,Colomadu,"Colomadu,Tjolomadu",-7.53333,110.75,P,PPL,ID,,07,3313,,,26274,,128,Asia/Jakarta,2022-12-31
1646034,Citeureup,Citeureup,"Citeurep,Citeureup,Tjiteureup",-6.48556,106.88194,P,PPL,ID,,30,3201,,,214668,,136,Asia/Jakarta,2022-12-31
1646170,Cirebon,Cirebon,"CBN,Cheribon,Chirebon,Cirebon,Cirebon kutha,Kota Cirebon,Kutha Cirebon,Tjerebon,Tjeribon,Tjirebon,chileubon,chireboni,chirubon,jing li wen,syrybwn,Чиребон,سيريبون,سیریبون,ჩირებონი,チルボン,井裡汶,치르본",-6.7063,108.557,P,PPL,ID,,30,3274,,,341980,,8,Asia/Jakarta,2024-05-23
1646194,Ciputat,Ciputat,"Ciputat,Tjipoetat,Tjipoetat 2,Tjiputat,Tjiputat 2",-6.2375,106.69556,P,PPL,ID,,30,,,,207858,,23,Asia/Jakarta,2012-01-17
1646448,Cimahi,Cimahi,"Chimahi,Cimahi,Cimahi kutha,Kota Cimahi,Tjimahi,Tjimaki",-6.87222,107.5425,P,PPL,ID,,30,3277,,,590782,,764,Asia/Jakarta,2024-05-23
1646492,Cileunyi,Cileunyi,"Cileunyi,Tjileunji,Tjileunji 2",-6.93889,107.75278,P,PPL,ID,,30,3204,,,111476,,703,Asia/Jakarta,2022-12-31
1646494,Cileungsir,Cileungsir,"Cileungsi,Cileungsir,Tjileungsir",-6.39472,106.95917,P,PPL,ID,,30,3201,,,288347,,78,Asia/Jakarta,2022-12-31
1646511,Cilegon,Cilegon,"Chilegon,Cilegon,Tjilegon,Tlilegon",-6.0144,106.0542,P,PPL,ID,,33,3672,,,450271,,18,Asia/Jakarta,2025-05-30
1646559,Cilacap,Cilacap,"CXP,Chilachap,Cilacap,Tjilatjap",-7.72639,109.00944,P,PPLA2,ID,,07,3301,,,256996,,10,Asia/Jakarta,2022-12-31
1646678,Cikarang,Cikarang,"Chikarang,Cikarang,Tjikarang",-6.26111,107.15278,P,PPLA2,ID,,30,3216,,,106479,,17,Asia/Jakarta,2022-12-31
1646698,Cikampek,Cikampek,"Chikampek,Cikampek,Tjikampek",-6.41972,107.45583,P,PPL,ID,,30,3215,,,145620,,61,Asia/Jakarta,2022-12-31
1646893,Cicurug,Cicurug,"Cicurug,Tjitjoeroeg,Tjitjurug",-6.78139,106.7825,P,PPL,ID,,30,3202,,,88965,,502,Asia/Jakarta,2022-12-31
1647003,Cibinong,Cibinong,"Chibinong,Chibinung,Cibinong,Sibinonge,Tjibinong,Сибинонге",-6.48167,106.85417,P,PPLA2,ID,,30,3201,,,363424,,137,Asia/Jakarta,2023-02-08
1647142,Cianjur,Cianjur,"Chiandzhur,Chianjur,Cianjur,Kabupaten Cianjur,Kabupaten de Cianjur,Kabupatèn Cianjur,Kabupatén Cianjur,Tjandjoer,Tjiandjoer,Tjiandjur,chianjuri,ciyancur,zhan yu,Чианджур,சியாஞ்சூர்,ჩიანჯური,展玉",-6.82222,107.13944,P,PPLA2,ID,,30,3203,,,174587,,456,Asia/Jakarta,2023-01-17
1647149,Ciamis,Ciamis,"Chiamis,Ciamis,Tjiamis",-7.3257,108.3534,P,PPLA2,ID,,30,3207,,,109839,,207,Asia/Jakarta,2023-02-08
1647179,Cepu,Cepu,"CPF,Cepu,Chepu,Panolan,Tjepoe,Tjepu",-7.1475,111.5906,P,PPLA3,ID,,07,3316,,,55055,,36,Asia/Jakarta,2022-12-31
1647187,Ceper,Ceper,"Ceper,Tjeper,Tjepper",-7.67417,110.67889,P,PPL,ID,,07,3310,,,28646,,130,Asia/Jakarta,2022-12-31
1647298,Caringin,Caringin,"Caringin,Caringin 2,Tjaringin",-6.70611,106.82139,P,PPL,ID,,30,3201,,,91845,,444,Asia/Jakarta,2022-12-31
1647383,Ciampea,Ciampea,"Campea,Ciampea,Tjampea,Tjampea 1",-6.55472,106.70083,P,PPL,ID,,30,3201,,,207212,,147,Asia/Jakarta,2022-12-31
1647638,Bungku,Bungku,"Boengkoe,Bungku,Sakita,Tombuko",-2.5471,121.972,P,PPLA2,ID,,21,7203,7203030,,25477,,6,Asia/Makassar,2025-05-25
1647834,Bulakamba,Bulakamba,"Boelakamba,Bulakamba",-6.8748,108.9559,P,PPL,ID,,07,3329,,,27367,,5,Asia/Jakarta,2022-12-31
1647866,Bukittinggi,Bukittinggi,"Bukittinggi,Bukittingi,Fort de Kock,Fort de Rock,Kota Bukittinggi,Kutha Bukittinggi,bukitingi,wu ji ding yi,Букиттинги,ブキティンギ,武吉丁宜",-0.30907,100.37055,P,PPLA2,ID,,24,1375,,,121028,,927,Asia/Jakarta,2023-02-08
1647936,Buduran,Buduran,Buduran,-7.4281,112.7234,P,PPL,ID,,08,3515,,,48152,,6,Asia/Jakarta,2022-12-31
1647991,Buaran,Buaran,"Boearan,Boearan 1,Buaran",-7.05,109.55,P,PPL,ID,,07,3326,,,38770,,21,Asia/Jakarta,2022-12-31
1648082,Boyolangu,Boyolangu,"Bojolangoe,Bojolangu,Boyolangu",-8.1181,111.8935,P,PPLA3,ID,,08,3504,,,32287,,94,Asia/Jakarta,2022-12-31
1648084,Boyolali,Boyolali,"Bajalali,Bajalili,Bojolali,Boyolali",-7.53306,110.59583,P,PPLA2,ID,,07,3309,,,59851,,438,Asia/Jakarta,2022-12-31
1648186,Bontang,Bontang,"BXT,Bontang,Kota Bontang",0.1324,117.4854,P,PPL,ID,,14,6474,,,189968,,10,Asia/Makassar,2024-05-23
1648266,Bondowoso,Bondowoso,"Bandawasa,Bandowoso,Bondawasa,Bondowoso",-7.91346,113.82145,P,PPL,ID,,08,3511,,,69783,,258,Asia/Jakarta,2022-12-30
1648451,Bojonegoro,Bojonegoro,"Bodjanegara,Bodjonegoro,Bojonegoro",-7.1502,111.8817,P,PPLA2,ID,,08,3522,,,86568,,24,Asia/Jakarta,2022-12-31
1648473,Bogor,Bogor,"Bogor,Bogoro,Buitenzorg,Kota Bogor,Kutha Bogor,bogoleu,bogori,bogoru,bwgwr,bwkwr,mao wu,Богор,بوكور,بوگور,ბოგორი,ボゴール,茂物,보고르",-6.59444,106.78917,P,PPL,ID,,30,3271,,,1127408,,245,Asia/Jakarta,2024-05-23
1648568,Blora,Blora,Blora,-6.9698,111.4186,P,PPLA2,ID,,07,3316,,,51811,,89,Asia/Jakarta,2022-12-31
1648580,Blitar,Blitar,"Belitar,Blitar,Kota Blitar",-8.0983,112.1681,P,PPL,ID,,08,3572,,,150371,,180,Asia/Jakarta,2022-12-31
1648637,Bitung,Bitung,"Bitoeng,Bitsun,Bitung,Kota Bitung,bi tong,bitsun,bitung,bytwng,bytwngh,Битунг,بيتونغ,بیتونگ,ビツン,比通,비퉁",1.44059,125.12824,P,PPLA2,ID,,31,7172,,,225134,,21,Asia/Makassar,2023-02-09
1648691,Bintuni,Bintuni,"Bintuni,Masoe,Masu,NTI,Steekool,Steenkool,Timbuni",-2.10967,133.52461,P,PPLA2,ID,,39,9104,,,24742,,12,Asia/Jayapura,2023-02-09
1648759,Bima,Bima,"BMU,Bim,Bima,Бим",-8.46006,118.72667,P,PPL,ID,,17,5272,,,161362,,15,Asia/Makassar,2024-05-23
1648844,Biak,Biak,"BIK,Biak,Biak Kota,Biak-Stad",-1.1767,136.082,P,PPLA2,ID,,36,9409,,,41731,,10,Asia/Jayapura,2025-05-27
1648918,Besuki,Besuki,Besoeki,-7.73379,113.69785,P,PPL,ID,,08,3512,,,55465,,6,Asia/Jakarta,2022-12-30
1649125,Benoa,Benoa,"Benoa,Tanjung Benoa,Tanjungbenoa,Tanzhung Benoa,Танжунг Беноа",-8.7548,115.2184,P,PPL,ID,,02,5103,,,39570,,7,Asia/Makassar,2026-05-17
1649150,Bengkulu,Bengkulu,"BKS,Bangkahulu,Bengkoeloe,Bengkulu,Benkoelen,Benkulen,Benkulu,Kota Bengkulu,Kutha Bengkulu,beungkullu,bngkwlw,bngkwlw  andwnzy,bnjkwlw,ming gu lu shi,Бенгкулу,Бенкулу,بنجكولو,بنگکولو,بنگکولو، اندونزی,明古魯市,븡쿨루",-3.80044,102.26554,P,PPLA,ID,,03,1771,,,373591,,19,Asia/Jakarta,2022-12-30
1649163,Bengkayang,Bengkayang,"Bengkajang,Bengkayang,Benkajang,Benkayan",0.83194,109.43589,P,PPLA2,ID,,11,6102,,,33385,,106,Asia/Pontianak,2025-07-02
1649378,Bekasi,Bekasi,"Bekasi,Bekasis,Bekaso,Kota Bekasi,Kutha Bekasi,beukasi,bkasy,bukashi,bykasy,wu jia si,Μπεκάσι,Бекаси,Бекасі,בקאסי,بيكاسي,بکاسی,ბეკასი,ᎠᎴᏂ,ブカシ,勿加泗,브카시",-6.2349,106.9896,P,PPL,ID,,30,3275,,,2564940,,18,Asia/Jakarta,2025-06-20
1649541,Baubau,Baubau,"BUW,Baoebaoe,Bau-Bau,Baubau,Boetoeng,Boeton,Buton,Butung",-5.4633,122.6024,P,PPL,ID,,22,7472,,,161280,,15,Asia/Makassar,2024-05-23
1649593,Baturaja,Baturaja,"Batoeradja,Batoerradja,Batu Radia,Baturadja,Baturaja",-4.12891,104.16695,P,PPLA2,ID,,32,1601,,,134759,,69,Asia/Jakarta,2022-12-30
1649595,Baturaden,Baturaden,"Baturaden,Baturraden",-7.3,109.21667,P,PPL,ID,,07,3302,,,42394,,980,Asia/Jakarta,2022-12-31
1649824,Batu,Batu,"Batoe,Batu,Batyj,Kota Batu,Sisir,Батый",-7.87,112.52833,P,PPL,ID,,08,3579,,,221714,,881,Asia/Jakarta,2024-05-23
1649881,Batang,Batang,Batang,-6.4846,110.7083,P,PPL,ID,,07,3320,,,136145,,14,Asia/Jakarta,2024-05-23
1650064,Barabai,Barabai,,-2.58333,115.38333,P,PPL,ID,,12,6307,,,55687,,16,Asia/Makassar,2024-05-23
1650077,Banyuwangi,Banyuwangi,"BWX,Banjoewangi,Banjuwangi,Banyuwangi",-8.2325,114.35755,P,PPLA2,ID,,08,3510,,,117558,,24,Asia/Jakarta,2023-02-08
1650095,Banyumas,Banyumas,"Banjoemas,Banjumas,Banyumas",-7.51417,109.29417,P,PPL,ID,,07,3302,,,48378,,28,Asia/Jakarta,2022-12-31
1650119,Bantul,Bantul,"Bantoel,Bantul",-7.88806,110.32889,P,PPLA2,ID,,10,3402,,,64360,,49,Asia/Jakarta,2023-02-08
1650213,Banjarmasin,Banjarmasin,"BDJ,Bandgermasin,Bandjarmasin,Bandjermasin,Bandjermassin,Bandzharmasin,Banjarmasin,Banjermasin,Banyermasin,Банджармасин",-3.31987,114.59075,P,PPLA2,ID,,12,6371,,,657663,,8,Asia/Makassar,2025-04-20
1650227,Banjaran,Banjaran,"Bandjaran,Banjaran",-7.04528,107.58778,P,PPL,ID,,30,3204,,,164952,,674,Asia/Jakarta,2022-12-31
1650232,Banjar,Banjar,"Bandjar,Banjar",-8.19,114.9675,P,PPL,ID,,02,5108,,,89040,,15,Asia/Makassar,2022-12-31
1650234,Banjar,Banjar,"Bandjar,Banjar",-7.1955,107.4313,P,PPL,ID,,30,3204,,,200970,,1874,Asia/Jakarta,2022-12-31
1650298,Bangkalan,Bangkalan,"Bangkalan,Pangkalan",-7.0455,112.7351,P,PPLA2,ID,,08,3526,,,86250,,4,Asia/Jakarta,2023-02-09
1650319,Bangil,Bangil,,-7.59939,112.8186,P,PPL,ID,,08,3514,,,120551,,2,Asia/Jakarta,2022-12-30
1650357,Bandung,Bandung,"BDO,Bandoeng,Banduna,Bandung,Bandungas,Bandungo,Bandunq,Bantoun'nk,Kota Bandung,Kuta Bandung,Kutha Bandhung,ban dung,bandon,bandung,bandungi,bandwng,bandwnj,bndwng,pantun,wan long,Μπαντούνγκ,Бандунг,Бандуң,Բանդունգ,באנדונג,باندونج,باندونگ,بندونگ,بنڈونگ,பண்டுங்,บันดุง,ဘန်ဒေါင်းမြို့,ბანდუნგი,バンドン,万隆,萬隆,반둥",-6.92222,107.60694,P,PPLA,ID,,30,3273,,,2444160,,714,Asia/Jakarta,2025-06-14
1650434,Bambanglipuro,Bambanglipuro,Bambanglipuro,-7.95,110.28333,P,PPL,ID,,10,3402,,,44713,,37,Asia/Jakarta,2022-12-31
1650460,Balung,Balung,Baloeng,-7.73333,113.91667,P,PPL,ID,,08,3512,,,47631,,27,Asia/Jakarta,2022-12-30
1650527,Balikpapan,Balikpapan,"BPN,Balikpapan,Balikpapanas,Kota Balikpapan,Kutha Balikpapan,ba li ba ban,ba lik pa pan,balligpapan,balyk‌papan,barikupapan,Баликпапан,بالیک‌پاپان,บาลิก์ปาปัน,ဘာလစ်ပါပန်မြို့,ბალიკპაპანი,バリクパパン,巴厘巴板,발릭파판",-1.26753,116.82887,P,PPLA2,ID,,14,6471,,,695287,,67,Asia/Makassar,2023-02-08
1650572,Balapulang,Balapulang,"Balapoelang,Balapulang",-7.04858,109.10056,P,PPL,ID,,07,3328,,,28483,,98,Asia/Jakarta,2022-12-31
1650600,Balai Pungut,Balai Pungut,"Balai Pungut,Balaipoengoet",1.05949,101.29054,P,PPL,ID,,37,1408,,,56452,,16,Asia/Jakarta,2022-12-30
1650670,Baki,Baki,Baki,-7.61278,110.78389,P,PPL,ID,,07,3311,,,58909,,104,Asia/Jakarta,2022-12-31
1650815,Baekrajan,Baekrajan,"Bae,Baekrajan,Beh,Tjendono,Бэ",-6.7674,110.8541,P,PPL,ID,,07,3319,,,57920,,68,Asia/Jakarta,2022-12-31
1650888,Babat,Babat,"Babad,Babat,Бабат",-7.11282,112.16354,P,PPL,ID,,08,3524,,,27038,,12,Asia/Jakarta,2022-12-31
1651103,Atambua,Atambua,"ABU,Atamboea,Atamboewa,Atambua,Атамбуа",-9.10611,124.8925,P,PPLA2,ID,,18,5306,,,82196,,336,Asia/Makassar,2023-02-08
1651112,Astanajapura,Astanajapura,"Astanadjapura,Astanajapura",-6.8017,108.6311,P,PPL,ID,,30,3209,,,148047,,6,Asia/Jakarta,2022-12-31
1651226,Arjawinangun,Arjawinangun,"Ardjawinangoen,Ardjawinangoen-Koelan,Ardjawinangun,Arjawinangun",-6.64528,108.41028,P,PPL,ID,,30,3209,,,105845,,14,Asia/Jakarta,2022-12-31
1651461,Amuntai,Amuntai,Amoentai,-2.41773,115.24941,P,PPL,ID,,12,6308,,,55560,,10,Asia/Makassar,2022-12-31
1651531,Ambon,Ambon,"AMQ,Amboina,Ambon,Ambon City,Ambonas,Amboyna,Ambun,Kota Ambon,Kutha Ambon,ambn,ambon,ambwn,ambwn  malwkw,an wen,anbon,Амбон,آمبن,آمبون,أمبون,امبون، مالوکو,アンボン,安汶,암본",-3.69583,128.18333,P,PPLA,ID,,28,8171,,,347288,,12,Asia/Jayapura,2025-05-08
1651555,Ambarawa,Ambarawa,"Ambarava,Ambarawa",-7.26333,110.3975,P,PPL,ID,,07,3322,,,63193,,481,Asia/Jakarta,2022-12-31
1651591,Amahai,Amahai,"AHI,Amahai,Amahei,Masohi",-3.33984,128.91975,P,PPL,ID,,28,8103,,,47653,,6,Asia/Jayapura,2022-12-30
1651852,Agats,Agats,"Agats,Agatz",-5.54505,138.13522,P,PPLA2,ID,,PS,9415,,,23869,,4,Asia/Jayapura,2023-02-09
1651887,Adiwerna,Adiwerna,"Adiwerna,Adiwerno",-6.9375,109.1325,P,PPL,ID,,07,3328,,,134188,,23,Asia/Jakarta,2022-12-31
1963770,Padalarang,Padalarang,,-6.83778,107.47278,P,PPL,ID,,30,3217,,,184182,,703,Asia/Jakarta,2022-12-31
1964032,Ciranjang-hilir,Ciranjang-hilir,"Ciranjang-hilir,Tjirandjang-hilir",-6.82,107.25722,P,PPL,ID,,30,3203,,,77758,,266,Asia/Jakarta,2022-12-31
1966184,Leuwiliang,Leuwiliang,"Leuwiliang,Leuwiliang 2,Leuwiliang Dua",-7.11694,107.50194,P,PPL,ID,,30,3204,,,15275,,1143,Asia/Jakarta,2026-02-16
1985663,Cikupa,Cikupa,Cikupa,-6.23639,106.50833,P,PPL,ID,,30,,,,174041,,30,Asia/Jakarta,2018-12-06
1990589,Teluknaga,Teluknaga,Teluknaga,-6.09889,106.63806,P,PPL,ID,,30,,,,128275,,8,Asia/Jakarta,2012-01-20
1999251,Karangnongko,Karangnongko,Karangnongko,-7.79556,110.58667,P,PPL,ID,,07,3310,,,37420,,130,Asia/Jakarta,2026-02-16
2005057,Gamping Lor,Gamping Lor,Gamping Lor,-7.79556,110.32639,P,PPL,ID,,10,3404,,,66110,,105,Asia/Jakarta,2022-12-31
2005237,Kasihan,Kasihan,Kasihan,-7.82694,110.32917,P,PPL,ID,,10,3402,,,86234,,86,Asia/Jakarta,2022-12-31
2010971,Ngemplak,Ngemplak,Ngemplak,-7.54972,110.71639,P,PPL,ID,,07,3309,,,23750,,143,Asia/Jakarta,2022-12-31
2010985,Kartasura,Kartasura,Kartasura,-7.55194,110.73778,P,PPL,ID,,07,3311,,,88927,,134,Asia/Jakarta,2022-12-31
2011457,Gatak,Gatak,Gatak,-7.59083,110.70444,P,PPL,ID,,07,3309,,,48959,,144,Asia/Jakarta,2022-12-31
2057087,Kupang,Kupang,"KOE,Koepang,Kota Kupang,Kupang,Kupangas,Kupange,Kupango,Kupanq,Kutha Kupang,gu bang,kupan,kupang,kwpang,Купанг,Купанге,کوپانگ,クパン,古邦,쿠팡",-10.17083,123.60694,P,PPLA,ID,,18,5371,,,442758,,94,Asia/Makassar,2022-12-30
2082460,Sentani,Sentani,"DJJ,Koejaboe,Kojaboeti,Kojabuti,Sentani",-2.5691,140.5127,P,PPLA2,ID,,36,9403,,,44779,,100,Asia/Jayapura,2025-05-27
2082539,Merauke,Merauke,"MKQ,Merauke,ma lao qi,myrwky,Мерауке,ميروكي,میراوکے,馬老奇",-8.49958,140.40613,P,PPLA,ID,,PS,9401,,,102351,,8,Asia/Jayapura,2025-05-08
2082600,Jayapura,Jayapura,"DJJ,Djajapoera,Djajapura,Dzajapura,Dzhajapura,Džajapura,Hollandia,Jaya Pura,Jayapura,Kota Jayapura,Kotabaru,Noordwijk,Port Numbay,Port-Numbaj,Sukarnapura,Sukarnopura,ca ya pu ra,cha ya pu la,japapwra,jayapula,jayapura,Џајапура,Джаяпура,Порт-Нумбай,جاپاپورا,จายาปุระ,ジャヤプラ,查雅普拉,자야푸라",-2.53371,140.71813,P,PPLA,ID,,36,9471,,,404004,,11,Asia/Jayapura,2022-12-30
2082727,Abepura,Abepura,Abepura,-2.5964,140.6324,P,PPLA3,ID,,36,9471,,,62248,,85,Asia/Jayapura,2022-12-30
6295587,Batam,Batam,"BTH,Batam,Kota Batam,Kutha Batam,ba dan dao,bata m,batam,batam seom,batama,batamu dao,batm,Батам,باتام,باتم,बाटम,บาตัม,バタム島,巴淡島,바탐 섬",1.14937,104.02491,P,PPL,ID,,37,,,,1164352,,38,Asia/Jakarta,2020-11-01
6713355,Subulussalam,Subulussalam,Subulussalam,2.662,97.8827,P,PPL,ID,,01,1175,,,90751,,29,Asia/Jakarta,2025-07-11
7084521,Seririt,Seririt,"Seririt,Серирит",-8.1928,114.9388,P,PPLA3,ID,,02,5108,,,25000,,17,Asia/Makassar,2022-12-31
7087175,Bedugul,Bedugul,"Bedugul,Бедугул",-8.4504,115.5925,P,PPL,ID,,02,5107,,,20000,,155,Asia/Makassar,2022-12-31
7334948,Sukawati,Sukawati,Sukawati,-8.4913,115.0459,P,PPL,ID,,02,5102,,,125470,,159,Asia/Makassar,2025-12-11
7336548,Tambolaka,Tambolaka,"TMC,Tambolaka",-9.4283,119.238,P,PPLA2,ID,,18,5317,,,35790,,79,Asia/Makassar,2023-02-09
7529299,Tuban,Tuban,Tubangerya,-8.7427,115.1724,P,PPL,ID,,02,5103,,,22947,,7,Asia/Makassar,2026-05-17
8224233,Batubulan,Batubulan,,-8.62379,115.26203,P,PPL,ID,,02,5104,,,28131,,36,Asia/Makassar,2026-05-17
8449493,Pekan Bahapal,Pekan Bahapal,,3.11313,99.17352,P,PPL,ID,,26,1209,,,40000,1000,128,Asia/Jakarta,2022-12-30
8581443,South Tangerang,South Tangerang,"South Tangerang,South Tangerang City,Tangerang Selatan",-6.28862,106.71789,P,PPL,ID,,33,3674,,,1404785,,39,Asia/Jakarta,2024-05-30
8667930,Masohi,Masohi,Masohi,-3.29833,128.96882,P,PPLA2,ID,,28,8103,,,36433,,21,Asia/Jayapura,2023-02-09
11919949,Amlapura city,Amlapura city,"Amlapura,Karangasem,Амлапура",-8.44869,115.60621,P,PPL,ID,,02,5107,,,31869,,114,Asia/Makassar,2022-12-31
13405902,Kota Sambas,Kota Sambas,,1.36259,109.30093,P,PPLA2,ID,,11,6101,,,57295,15,23,Asia/Ho_Chi_Minh,2025-07-11
13645283,Dalung,Dalung,,-8.62553,115.17042,P,PPL,ID,,02,5103,,,30228,,52,Asia/Makassar,2026-05-17
1821306,Phnom Penh,Phnom Penh,"Krong Chaktomuk,Nam Van,Nam-Vang,Nom Pen,PNH,Phnom Pen,Phnom Penh,Phnom Pénh,Phnom-Penh,Phnompen,Phnompenh,Phnum Penh,Phnum Peny,Phnum Pénh,Phnum Pény,Phnôm Pênh,Phon Phen,Pnampen',Pnom Pehn',Pnom Pen,Pnom Pen'ch,Pnom Pene,Pnom Penh,Pnompen,Pnompen',Pnompena,Pnompenis,Pnompeno,Pnompeņa,Ville de Phnom Penh,bnwm bnh,fnwm pn,fnwm pېn,jin bian,namapenha,panoma pena,peunompen,phnm pen,phnmpey,pnwm pn,punom pen,punonpen,Πνομ Πενχ,Пнампень,Пном Пен,Пном Пэнь,Пномпень,Պնոմպեն,פנום פן,بنوم بنه,فنوم پن,فنوم پېن,پنوم پن,پنوم‌پن,پنۆم پێن,नामपेन्ह,पनॉम पेन,প্‌নম পেন,புனோம் பென்,พนมเปญ,พนมเปณ,ཕོམ་ཕེན།,ဖနွမ်းပင်မြို့,პნომპენი,ፕኖም ፔን,ភនកពងតរាច,ភនពេញ,ភ្នំកំពង់ត្រាច,ភ្នំពេញ,プノンペン,金边,프놈펜",11.56245,104.91601,P,PPLC,KH,,22,,,,1573544,,20,Asia/Phnom_Penh,2025-10-19
1821935,Ta Khmau,Ta Khmau,"Ta Khmau,Ta Kmau,Takhman,Takhmau,Takkhmau,ta Kmau,ta khama'o,ta khama'u,ta khmaw,ta kimaው,ta・kumau,Та Кмау,Такхмау,та Кмау,تا خماؤ,تا خماو,ता खमाऊ,তা খমাউ,ਤਾ ਖਮਾਓ,ታ ክማው,កណតាល,កណ្តាល,タ・クマウ",11.48333,104.95,P,PPLA,KH,,07,0811,,,52066,,7,Asia/Phnom_Penh,2026-04-14
1821940,Takeo,Takeo,"Prasat,Pràsàt,Takeo,Takev,Takéo,Takêv,take'o,takeo,takeyo,takyw,Такео,تاكيو,تاکئو,تاکيو,تاکیو,तकेओ,তাকেও,ਤਾਕੇਓ,ታኬዮ,タケオ",10.99081,104.78498,P,PPLA,KH,,19,2108,,,843931,,12,Asia/Phnom_Penh,2026-04-14
1821993,Svay Rieng,Svay Rieng,"Phumi Svay Rieng,Phumĭ Svay Riĕng,SVR,Soai Rieng,Soei Rieng,Svai Rieng,Svaj Rieng,Svay Rieng,Svay Riĕng,save riyaga,sbe riyem,sfay ryynj,siveyi riyeniግ,suvuairien,svaya ri'enga,sway ryang,swې rynګ,swے ryng,Свай Риенг,سفاي ريينج,سوای ریانگ,سوې رینګ,سوے رینگ,स्वाय रिएंग,স্বে রিয়েং,ਸਵੇ ਰਿਯੰਗ,ስቬይ ሪየንግ,スヴァイリエン",11.08785,105.79935,P,PPLA,KH,,18,2006,,,23956,,12,Asia/Phnom_Penh,2026-04-14
1822019,Suong,Suong,"Phumi Suong,Phumĭ Suŏng,Suong,Suŏng,su'om,su'onga,suon,suʾoniግ,swng,swwnګ,swywng,swywnj,Суонг,سؤنگ,سوئونگ,سوونګ,سويونج,सुओंग,সুওং,ਸੁਓਂਗ,ሱዖንግ,スオン",11.91178,105.65821,P,PPLA,KH,,31,2506,,,30000,,26,Asia/Phnom_Penh,2026-04-14
1822029,Stung Treng,Stung Treng,"Stoeng Treng,Stung Teeng,Stung Treng,Stung-treng,Stœ̆ng Trêng,TNX,astwng trng,satanga taraga,situniግ tireniግ,stum trem,stunga trenga,stwnj trbnj,sutanputorengu,sٹng ٹrng,sټnګ trnګ,Стунг Тренг,استونگ ترنگ,ستونج تربنج,سٹنگ ٹرنگ,سټنګ ترنګ,स्टुंग ट्रेंग,স্টুং ট্রেং,ਸਟਾਂਗ ਟਰੰਗ,ስቱንግ ትሬንግ,スタンプトレング",13.52586,105.9683,P,PPLA,KH,,17,1904,,,25000,,55,Asia/Phnom_Penh,2026-04-14
1822158,Snuol,Snuol,"Phumi Snuol,Phumĭ Snuŏl,Shoul,Shuol,Snoul,Snuol,Snuŏl,Sooul,ស្នួល",12.07244,106.42078,P,PPL,KH,,09,1005,100503,,16473,,168,Asia/Phnom_Penh,2024-05-13
1822207,Sisophon,Sisophon,"Serei Saophoan,Sesopone,Sisobhon,Sisofon,Sisofón,Sisophon,Sisŏphŏn,shisofon,sisophana,sisophona,sisoፎni,sswfwn,syswfwn,Сисофон,سسوفون,سيسوفون,سیسوفون,सिसोफॉन,সিসোফন,ਸਿਸੋਫੋਨ,ሲሶፎን,シソフォン",13.58588,102.97369,P,PPLA,KH,,25,0106,,,23218,,19,Asia/Phnom_Penh,2026-04-14
1822214,Siem Reap,Siem Reap,"Ciudad de Siem Riep,Khett Siem Reab,SAI,Siem Reab,Siem Reap,Siem-Reap,Siemrap,Siemreab,Siemreabas,Siemreap,Siemrãp,Sijem Reap,Siĕm Réab,Siĕmréab,Sziemreap,Xiem Riep,Xiêm Riệp,ciyem rip,seiy mrath,shemuriappu,si'ama ri'apa,siemleapeu,siemlib,sima ripa,siyema ripa,siም riፑ,ssiemlib,syam ryb,sym ryp,syym ryp,syym ryyp,xian li sheng,xian li shi,Сием-Реап,Сиемреап,Сијем Реап,Сіемреап,سيام ريب,سیئم ریئپ,سیئم ریپ,سیم ریپ,सीम रीप,সিয়েম রিপ,ਸਿਅਮ ਰਿਆਪ,சியெம் ரீப்,เสียมราฐ,ሲም ሪፑ,ក្រុងសៀមរាប,シェムリアップ,暹粒市,暹粒省,시엠레아프,시엠립,씨엠립",13.36179,103.86056,P,PPLA,KH,,24,1710,,,139458,,18,Asia/Phnom_Penh,2026-04-14
1822610,Prey Veng,Prey Veng,"Prei Veng,Prej Veng,Prey Veng,Prey Vêng,bry fynj,pre bhem,pre vaga,pre venga,pry wyng,pry wynj,pryے wyng,pureiben,Прей Венг,بري فينج,پري وينج,پری وینگ,پریے وینگ,प्रे वेंग,প্রে ভেং,ਪ੍ਰੇ ਵੰਗ,ፕreyi veniግ,ፕሬይ ቬንግ,プレイベン",11.48682,105.32533,P,PPLA,KH,,14,1410,141003,,33079,,13,Asia/Phnom_Penh,2026-04-14
1822768,Pursat,Pursat,"Porsat,Pousat,Pouthisat,Poŭsăt,Poŭthĭsăt,Pursat,bwrsat,prsat,purasata,purusatto,pwrsat,Пурсат,بورسات,پرسات,پورسات,पुरसात,পুরসাত,ਪੁਰਸਾਤ,ፑrisati,ፑርሳት,プルサット",12.53878,103.9192,P,PPLA,KH,,12,1505,,,52476,,25,Asia/Phnom_Penh,2026-04-14
1822827,Phumĭ Yoŭl Toŭng,Phumi Youl Toung,"Phumi Youl Toung,Phumĭ Yoŭl Toŭng,Yol Tong",11.28233,104.73796,P,PPL,KH,,19,2102,210205,,44395,,24,Asia/Phnom_Penh,2026-01-23
1822842,Yeang,Yeang,"Phum Yeang,Phum Yéang,Yeang,ភូមិ យាង",13.54972,103.60905,P,PPL,KH,,24,1707,170716,,16177,,23,Asia/Phnom_Penh,2026-01-23
1822895,Phumĭ Véal Tônsay,Phumi Veal Tonsay,"Phumi Veal Tonsay,Phumi Veal Tunsay,Phumĭ Véal Tônsay,Phumĭ Véal Tŭnsay,Veal Ansal,Yeal Ansai",11.69616,104.58062,P,PPL,KH,,04,0505,050506,,25168,,46,Asia/Phnom_Penh,2026-01-23
1822906,Phumĭ Véal Srê,Phumi Veal Sre,"Phumi Veal Sre,Phumĭ Véal Srê,Veal Sre,Véal Srê",10.98081,104.77828,P,PPL,KH,,19,2108,210803,,44270,,10,Asia/Phnom_Penh,2026-03-10
1823687,Phumĭ Tnaôt,Phumi Tnaot,"Inot,Phumi Tnaot,Phumĭ Tnaôt",12.94731,104.56914,P,PPL,KH,,05,0608,060804,,21727,,16,Asia/Phnom_Penh,2026-01-23
1825093,Samraong,Samraong,"Phumi Samraong,Phumi Samrong,Phumi Samroung,Phumi Sâmroŭng,Phumĭ Sâmraông,Phumĭ Sâmrông,Samraong,Samrong,Somrong,Sâmraông,samara'onga,samaram,samrawnj,samuraon,saምraʾoniግ,smrawng,smrawnj,Самраонг,سامراونج,سمراؤنگ,سمراونج,سمراونگ,समराओंग,সামরাং,ਸਮਰਾਓਂਗ,ሳምራዖንግ,サムラオン",14.18175,103.51761,P,PPLA,KH,,27,2204,220404,,18694,,52,Asia/Phnom_Penh,2026-04-14
1825978,Preaek Prasab,Preaek Prasab,"Phumi Prek Prasab,Phumi Prek Prasap,Phumĭ Prêk Prâsáb,Phumĭ Prêk Prâsâp,Preaek Prasab,ភូមិ ព្រែកប្រសប់",12.35367,106.03562,P,PPLA2,KH,,09,1003,100305,,64466,,27,Asia/Phnom_Penh,2025-11-10
1828090,Kandoeng,Kandoeng,"Kandoeng,Phumi Kandoeng Toch,Phumĭ Kăndœ̆ng Toch,Youd",11.29163,104.84103,P,PPL,KH,,19,2102,210204,,33827,,15,Asia/Phnom_Penh,2026-01-23
1829516,Bavet,Bavet,"Bavet,Bavĕt,Phum Bavet,Phum Bavĕt,Phumi Bavet (1),Phumĭ Bavĕt (1),ភូមិ បាវិត",11.06317,106.13557,P,PPL,KH,,18,2008,200802,,43783,,10,Asia/Phnom_Penh,2025-10-02
1829773,Phum Ânlŭng Vĭl,Phum Anlung Vil,"Anlong Vil,Anlung Vil,Phum Anlung Vil,Phum Ânlŭng Vĭl,Phumi Anlong Vil,Phumi Anlung Vil,Phumĭ Ânlóng Vĭl,Phumĭ Ânlŭng Vĭl,Ânlóng Vĭl,Ânlŭng Vĭl,ភូមិ អន្លង់វិល",13.08339,103.23503,P,PPL,KH,,29,0208,020801,,16479,,16,Asia/Phnom_Penh,2025-08-22
1830040,Phumĭ Âmpĭl Leu,Phumi Ampil Leu,"Ampil Leu,Phumi Ampil Leu,Phumĭ Âmpĭl Leu,Âmpĭl Leu",12.00923,105.43409,P,PPL,KH,,02,0306,030601,,16110,,34,Asia/Phnom_Penh,2025-09-09
1830098,Tbeng Meanchey,Tbeng Meanchey,"Kampong Preng,Kimpong Pranak,Kompong Pranak,Kompong Prena,Kompong Preng,OMY,Phnom Tbeng Meanchey,Phnom Thbeng Meanchey,Phnom Thbeng Neanchey,Phnum Tbeng Meanchey,Phnum Tbêng Méanchey,Phom Thbeng Meanchey,Phumi Thbeng Meanchey,Phumĭ Thbeng Meanchey,Tbaeng Mean Chey,Tbeng Meanchej,Tbeng Meanchey,Tbêng Méanchey,Thbeng Meanchey,tabaga me'anace,tabenga me'ance,tbng myanchy,tbnj myanchy,tbynj myatshay,teben'ga meyanace,teben・meanche,tibeniግ miyanice,Тбенг Меанчей,تبنج میانچی,تبنگ میانچی,تبينج مياتشاي,ٹbyng myanchے,ٹبینگ میانچے,टबेंग मेअंचे,টেবেন্গ মেয়ানচে,ਟਬੰਗ ਮੇਅਨਚੇ,ትቤንግ ሚያንቼ,テベン・メアンチェ",13.80731,104.98046,P,PPLA,KH,,13,1308,130801,,24380,,59,Asia/Phnom_Penh,2026-04-14
1830194,Paoy Paet,Paoy Paet,"Paoy Paet,Paoy Pet,Paôy Pêt,Phum Paoy Pet,Phum Paôy Pêt,Phumi Paoy Pet,Phumĭ Paôy Pêt,Poipet,Pojpet,Пойпет,ប៉ោយប៉ែត",13.65805,102.56365,P,PPL,KH,,25,0110,011002,,98934,,43,Asia/Phnom_Penh,2025-11-08
1830205,Pailin,Pailin,"Ciudad de Pailin,Ciudad de Pailín,Krong Pailin,Pailin,Pailĭn,baylyn,pa'ilina,pailina,pairin,paylyn,pylyn,Паилин,بايلين,پایلین,پيلين,پیلین,पैलिन,পাইলিন,ਪੈਲਿਨ,ፓyilini,ፓይሊን,ក្រុងប៉ៃលិន,パイリン",12.84895,102.60928,P,PPLA,KH,,30,2401,,,17850,,201,Asia/Phnom_Penh,2026-04-14
1830338,Mémót,Memot,"Memot,Memut,Mimot,Mémót,Mémŭt,Phumi Memot,Phumi Memut,Phumĭ Mémót,Phumĭ Mémŭt",11.82883,106.18206,P,PPL,KH,,31,2503,250309,,17061,,74,Asia/Phnom_Penh,2026-01-03
1830377,Lumphat,Lumphat,"Lomphat,Lumphat,Lumphăt,លំផាត់",13.49146,106.98022,P,PPLA2,KH,,23,1605,160501,,19205,,101,Asia/Phnom_Penh,2020-12-30
1830467,Kep,Kep,"Kaeb,Kep,Krong Keb,Krong Kep,Krŏng Kêb,Krŏng Kêp,kepa,keppu,keፕ,kp,kyb,kyp,Кеп,كيب,کپ,کیپ,केप,কেপ,ਕੇਪ,ኬፕ,របភាពករង,រូបភាពក្រុង,ケップ",10.48291,104.31672,P,PPLA,KH,,26,2302,230201,,35990,,8,Asia/Phnom_Penh,2026-04-14
1830468,Koh Kong,Koh Kong,"KKZ,Kaoh Kong,Kaôh Kŏng,Khemarak Phoumin,Khemarak Phoumin Ville,Khemareah Phumint,Koh Kong,Kokhkong,Koville,Krong Kao Kong,Krong Kaoh Kong,Krong Khemarak Phoumin,Krong Khemoreah Phumint,Krong Koh Kong,Krŏng Kaôh Kŏng,Krŏng Khémôreăh Phumĭnt,koha kam,koha kanga,koha kon'ga,kokkon,kwehi kweniግ,kwh kang,kwh kanj,kwh kwnj,kwہ kang,Кохконг,كوه كونج,کوه کانج,کوه کانگ,کوہ کانگ,कोह कॉन्ग,কোহ কং,ਕੋਹ ਕਾਂਗ,ኮህ ኮንግ,កោះកង,កោះកុង,コッコン",11.61531,102.9838,P,PPLA,KH,,08,0904,090401,,33134,,5,Asia/Phnom_Penh,2026-04-14
1830564,Kratié,Kratie,"KTI,Kracheh,Krati,Kratie,Kratié,Krâchéh,kirati,krati,kraty,kreti,kryٹy,kurache,Кратие,كراتي,کراتي,کراتی,کریٹی,क्रेटी,ক্রাতি,ਕ੍ਰਾਤੀ,ክራቲ,ករចេះ,ក្រចេះ,クラチェ",12.48811,106.01879,P,PPLA,KH,,09,1002,,,19975,,27,Asia/Phnom_Penh,2026-04-14
1830783,Dar,Dar,"Dar,Khum Dar,Khŭm Dar,Phum Dar",11.78851,106.09334,P,PPL,KH,,31,2503,250305,,22898,,59,Asia/Phnom_Penh,2026-01-03
1830784,Dangkao,Dangkao,"Dangkao,Khum Dangkao,Khŭm Dângkaô,Rung",11.50881,104.89144,P,PPL,KH,,22,1205,120501,,76421,,12,Asia/Phnom_Penh,2026-02-08
1831112,Kampot,Kampot,"Compong Bai,Compong Baï,Kampat,Kampot,Kampot Lalawigan,Kampotas,Kamput,Kompong Bai,Krong Kampot,Krŏng Kâmpôt,Kâmpôt,gong bu,kambwt,kampota,kampoteu,kampwt,kanpotto,kapota,kaምፖti,kmpwt,kyampata,Кампот,كامبوت,کامپوت,کمپوت,کمپوٹ شہر,कंपोट,ক্যাম্পট,ਕੰਪੋਟ,ካምፖት,កពត,កំពត,ក្រុងកំពត,カンポット,贡布,캄포트",10.61041,104.18145,P,PPLA,KH,,21,0708,070801,,22691,,7,Asia/Phnom_Penh,2026-04-14
1831125,Kampong Thom,Kampong Thom,"Kampong Thom,Kampong Thum,Kampong Thun,Kampong Tom,Kompong Thom,Kâmpóng Thom,Kâmpóng Thum,kambwnj twm,kamponga thoma,kampwng tm,kaponga thauma,kaምፖniግ toም,kmpwng ٹm,kmpwnj twm,konpontomu,kyampam tama,Кампонг Том,كامبونج توم,کامپونگ تم,کمپونج توم,کمپونگ ٹم,कंपोंग थॉम,ক্যাম্পং টম,ਕੰਪੋਂਗ ਥੌਮ,ካምፖንግ ቶም,コンポントム",12.71112,104.88873,P,PPLA,KH,,05,0603,,,19951,,16,Asia/Phnom_Penh,2026-04-14
1831133,Kampong Speu,Kampong Speu,"Kampong Speu,Kampong Spoe,Kompon Spu,Kompong Speu,Kâmpóng Spœ,Kŏmpon Spu,kambwnj sbyw,kamponga spe'u,kampwng aspyw,kaponga sapu,kaምፖniግ siፑ,kmpwng spyw,kmpwnj spyw,konponsupeu,kyampam spe'u,Кампонг Спеу,كامبونج سبيو,کامپونگ اسپئو,کمپونج سپيو,کمپونگ سپیو,कंपोंग स्पेउ,ক্যাম্পং স্পেউ,ਕੰਪੋਂਗ ਸਪੂ,ካምፖንግ ስፑ,コンポンスペウ",11.45332,104.52085,P,PPLA,KH,,04,0502,,,33231,,35,Asia/Phnom_Penh,2026-04-14
1831142,Sihanoukville,Sihanoukville,"Ciudad de Sihanoukville,KOS,Kampong Saom,Kampong Semville,Kampong Som,Kampong Somville,Kom Pong Song,Kompong Som,Kompong Somville,Krong Preah Seihanu,Krong Preah Sihanouk,Krŏng Preăh Seihanŭ,Krŏng Preăh Sihanouk,Kâmpóng Saôm,Port de Sihanoukville,Preah Seihanouk,Preah Sihanouk,Sianukvil',Sianuquevila,Sihanouk,Sihanoukville,Sihanukville,Sikanonville,shianukubiru,sih nu will,sihanauka vila,sihanaukabhila,sihanaukavile,sihanukiviል,syhanwk wېl,syhanwkfyl,syhanwkwyl,syہanwk wil,xi ha nu ke shi,Сиануквиль,سيهانوك وېل,سيهانوكفيل,سیهانوکویل,سیہانوک وِل,सिहानौकविले,সিহানৌকভিল,ਸਿਹਾਨੌਕ ਵਿਲ,สีหนุวิลล์,ሲሃኑክቪል,ក្រុងព្រះសីហនុ,シアヌークビル,西哈努克市",10.60932,103.52958,P,PPLA,KH,,28,1801,,,73036,,6,Asia/Phnom_Penh,2026-04-14
1831167,Kampong Chhnang,Kampong Chhnang,"KZC,Kampong Chhnang,Kampong Chkhnang,Kampong Chnang,Kampongchnang,Kompon Chnang,Kompong Chhang,Kompong Chhnang,Kâmpóng Chhnăng,Phumi Kampong Chhnang,Phumĭ Kâmpông Chhnăng,kambwnj tshhnanj,kamponga chahananga,kampwng chhnang,kaponga chahananga,kaምፖniግ cihananiግ,kmpwng chھnang,kmpwnj tshhnanj,konponchunan,kyampam chahanam,Кампонг Чхнанг,Кампонгчнанг,كامبونج تشهنانج,کامپونگ چهنانگ,کمپونج تشهنانج,کمپونگ چھنانگ,कंपोंग छहनांग,ক্যাম্পং ছহনাং,ਕੰਪੋਂਗ ਛਹਨਾਂਗ,ካምፖንግ ችሃናንግ,ករងកពងឆនាង,ក្រុងកំពង់ឆ្នាំង,コンポンチュナン",12.25,104.66667,P,PPLA,KH,,03,0403,,,75244,,21,Asia/Phnom_Penh,2026-04-14
1831173,Kampong Cham,Kampong Cham,"Compon-lina,Kampong Cham,Kampongtjam,Kompon Cam,Kompong Cham,Kâmpóng Cham,kambwnj tsham,kamponga cama,kampwng cham,kaponga cama,kaምፖniግ caም,kmpwng cham,kmpwnj cham,konponchamu,kyampam cama,Кампонг Чам,Кампонгтям,كامبونج تشام,کامپونگ چام,کمپونج چام,کمپونگ چام,कंपोंग चाम,ক্যাম্পং চাম,ਕੰਪੋਂਗ ਚਾਮ,ካምፖንግ ቻም,ករងកពងចាម,ក្រុងកំពង់ចាម,コンポンチャム",11.99339,105.4635,P,PPLA,KH,,02,0305,,,61750,,23,Asia/Phnom_Penh,2026-04-14
1831732,Banlung,Banlung,"Ban Lung,Ban Lŭng,Banlung,Bong Long,Boung Long,Bung Lung,Bông Lông,Bŭng Lŭng,Krong Ban Lung,Phumi Bung Lung,Phumĭ Bŭng Lŭng,Soung Long,banalum,banalunga,baniluniግ,banlng,banlwng,banlwnj,banrun,Банлунг,بانلنگ,بانلونج,بانلونگ,बनलुंग,বানলুং,ਬਾਨਲੁਂਗ,ባንሉንግ,バンルン",13.73939,106.98727,P,PPLA,KH,,23,1602,,,17000,,316,Asia/Phnom_Penh,2026-04-14
1831797,Battambang,Battambang,"BBM,Bat Dambang,Batambang,Batambangas,Batdamban,Batdambang,Batdâmbâng,Battamban,Battambang,Battampan'nk,Băt Dâmbâng,Bătdâmbâng,Ciudad de Battambang,Khett Batdambang,Phratabong,batamabanga,batambang,batambanj,batanban,batitaምbaniግ,battamabanga,btam bang,byatamabam,ma de wang,pattampan,phra tabxng,Μπατταμπάνγκ,Батамбанг,Батдамбан,Баттамбанг,باتامبانج,باتم‌بنگ,باٹامبانگ,بتام بانگ,बत्तमबांग,ব্যাটামবং,ਬੱਤਾਮਬਾਂਗ,பட்டாம்பாங்,พระตะบอง,ባትታምባንግ,ករងបាតដបង,ក្រុងបាត់ដំបង,バタンバン,马德望,바탐방",13.10271,103.19822,P,PPLA,KH,,29,0203,,,119251,,18,Asia/Phnom_Penh,2026-04-14
1831898,Anlong Veaeng,Anlong Veaeng,"Anlong Veaeng,Anlong Veng,Anlung Veng,Anlung Vêng,Srok Anlongweng,Ânlóng Vêng,Ânlūng Vêng",14.23223,104.08107,P,PPLA2,KH,,27,2201,220101,,56927,,54,Asia/Phnom_Penh,2025-11-10
1831940,Ângk Tasaôm,Angk Tasaom,"Ang Tasaom,Angk Tasaom,Angtasom,Angtassom,Antassom,Phumi Angk Tasaom,Phumĭ Ângk Tasaôm,Âng Tasaôm,Ângk Tasaôm",11.0129,104.67292,P,PPL,KH,,19,2109,210901,,16026,,17,Asia/Phnom_Penh,2025-08-23
8740221,Smach Mean Chey,Smach Mean Chey,,11.54665,103.03569,P,PPLA2,KH,,08,0904,090403,,29329,5,5,Asia/Phnom_Penh,2023-01-17
11338545,Ou Bei Choan,Ou Bei Choan,"Ou Bei Choan,Ou Beichoan",13.77363,102.73731,P,PPL,KH,,25,0105,010509,,15351,,41,Asia/Phnom_Penh,2025-08-22
11475247,Chrang Chamreh Muoy,Chrang Chamreh Muoy,Chrang Chamreh Muoy,11.63049,104.88542,P,PPL,KH,,22,1207,120711,,22911,,11,Asia/Phnom_Penh,2025-09-07
11475280,Boeng Kak Pir,Boeng Kak Pir,Boeng Kak Pir,11.57269,104.89022,P,PPL,KH,,22,1204,120408,,24937,,14,Asia/Phnom_Penh,2025-09-07
1651944,Vientiane,Vientiane,"Bientian,Fanhyiengh,Nakhon Viangchan,V'ent'jan,VTE,Venc'jan,Vent'jan,Ventjan,Ventyan,Vianchan,Viang chan,Viangchan,Vien Can,Vien Chang,Vienciana,Vieng Quy,Vieng-Caen,Vieng-Chan,Vieng-Cæn,Viengchan,Viengtjan,Vientane,Vientian,Vientianas,Vientiane,Vientijan,Vientián,Vientjan,Vientyan,Vijentijan,Viêng Quý,Vjencana,Vjentiano,Vjentjan,Vjenčana,Vyantyan,Vyantyàn,Vyentyan,Wei-t'ien,Wei-t’ien,Wiang Chan,Wiangcan,Wien Tsjan,Wientian,Wiën Tsjan,Wyentyan,Wyéntyan,bhiyenatiyena,bientian,fyyntyan,vhi'antiyana,vi'anga cana,viyancan,viyen tiyen,vuienchan,vuienchan shi,wan xiang,weiyngcanthn,wyntyan,yong zhen,Βιεντιάν,Вентян,Венцьян,Виентијан,Виентян,Вијентијан,Вьентьян,Вєнтьян,Վիենտյան,ויינטיאן,فيينتيان,وینتیان,ڤیێنتیان,व्हिआंतियान,ভিয়েনতিয়েন,ਵਿਆਂਗ ਚਾਨ,வியஞ்சான்,ವಿಯೆನ್ ಟಿಯೇನ್,വിയന്റിയൻ,เวียงจันทน์,ວຽງຈນ,ວຽງຈັນ,ཝིན་ཆིའང་,ဗီယင်ကျန်းမြို့,ვიენტიანი,ቭየንትዬን,ヴィエンチャン,ヴィエンチャン市,万象,永珍,비엔티안",17.96667,102.6,P,PPLC,LA,,24,,,,840940,,174,Asia/Vientiane,2026-03-29
1652203,Xam Nua,Xam Nua,"Muang Sam,Muang Xam Nua,NEU,Sam Neua,Sam Nua,Sammeua,Samnua,Sầm Nưa,Sầm Nứa,Xam Neua,Xam Nua,kham nwa,khama nu'a,khama nuya,samunua,zaም nuwa,Сам Неуа,Сам Нуа,خام نوا,खाम नुआ,খাম নুয়া,ਖਾਮ ਨੁਆ,ຊຳເໜອ,ຊຳເໜືອ,ዛም ኑዋ,サムヌア",20.4164,104.045,P,PPLA,LA,,03,,,,56900,,957,Asia/Vientiane,2026-05-01
1653316,Savannakhet,Savannakhet,"Kaysone Phomvihane,Khwaeng Savannakhet,Khwaeng_Savannakhet,Muang Kaysone Phomvihane,Muang Savannaket,Savannaket,Savannakhet,Savannakhét,Savannakkhet,Suvannakhet,Suwanakhet,Svannakhet,Svannakhét,ZVK,sabhannakheta,safan nakhyt,savanakheta,savanakhti,savannakheta,sawan nakht,sawan'naketo xian,Саваннакхет,Саваннахет,سافان ناخيت,سافان ناخیت,ساوان ناخت,सवन्नाखेत,সাভান্নাখেট,ਸਵਨਾਖੇਤ,แขวงสะหวันนะเขต,ሳቫናხት,サワンナケート県",16.5703,104.7622,P,PPLA,LA,,20,,,,125760,,154,Asia/Vientiane,2026-04-30
1654379,Pakse,Pakse,"PKZ,Pakse,Paksé,Paksė,Pakxe,Pakxé,ba se,baksy,baksyh,pagse,pak se,pakase,pakse,paksh,pakuse jun,Паксе,باكسي,باكسيه,پاکسه,پاکسے,पक्से,পাক্সে,ਪੱਕਸੇ,ปากเซ,ປາກເຊ,ເມືອງປາກເຊ,პაქსე,ፓkise,ፓክሴ,パークセー郡,巴色,팍세",15.12022,105.79898,P,PPLA,LA,,02,,,,77900,,105,Asia/Vientiane,2026-05-01
1655078,Muang Xay,Muang Xay,"Mouang Sai,Muang Saj,Muang Xai,Muang Xay,Muangsaj,Muong Sai,ODY,Oudomsay,Oudomxai,Oudomxay ,Udomxai,mu'anga sa'e,mu'anga saya,muansai,muwaniግ sayi,muyam ja'i,mwaang say,mwang sah,mwang say,mwang saے,Муанг Сай,Муангсай,مواang ساي,مواng ساي,موانگ ساه,موانگ ساے,मुआंग साय,মুয়াং জাই,ਮੁਆਂਗ ਸਾਏ,ሙዋንግ ሳይ,ムアンサイ",20.69229,101.98368,P,PPLA,LA,,07,,,,25000,,652,Asia/Vientiane,2026-04-14
1655087,Vang Vieng,Vang Vieng,"Muang Vangviang,Vang V'eng,Vang Vieng,Vangviang,Viangviang,Ванг Вьенг",18.9235,102.44784,P,PPL,LA,,27,,,,25000,,243,Asia/Vientiane,2023-02-10
1655107,Muang Sing,Muang Sing,"Ban Muangsing,Muang Sing,Muong Sen,Muong Seng,Muong Sing,Muong-ting,Sing",21.19206,101.14789,P,PPLA2,LA,,16,,,,23500,,639,Asia/Vientiane,2025-05-06
1655123,Muang Phônsavan,Muang Phonsavan,"Muang Fonsavan,Muang Phonsavan,Muang Phônsavan,Phone Savan,Phong Savan,Phonsavan,Phônsavan,mu'anga phonsavana,muanfonsawan,muwaniግ ፎnisavani,muyam phanasabhana,mwaang fwnsafan,mwang fwnsafan,mwang fwnsawan,Муанг Фонсаван,مواang فونسافان,مواng فونسافان,موانگ فونساوان,मुआंग फोंसावान,মুয়াং ফনসাভান,ਮੁਆਂਗ ਫੋਂਸਾਵਾਨ,ໂພນສະຫວນ,ໂພນສະຫວັນ,ሙዋንግ ፎንሳቫን,ムアンフォンサワン",19.4494,103.1917,P,PPLA,LA,,14,,,,37507,,1106,Asia/Vientiane,2026-05-01
1655140,Pakxan,Pakxan,"Muang Pakxan,Pakkhan,Paksan,Paksane,Pakxan,baksan,pakasana,paksan,paksana,pakusan,Пакхан,باكسان,پاکسان,पक्सान,পাক্সান,ਪਕਸਾਨ,ፓkisani,ፓክሳን,パクサン",18.3942,103.6611,P,PPLA,LA,,23,,,,21967,,156,Asia/Vientiane,2026-04-14
1655199,Thakhèk,Thakhek,"Khammouane,Muang Khammouan,Muang Thakek,Takkhek,Tha Khaek,Thakhek,Thakhet,Thakhok,Thakhèk,takeku,takhk,takxeki,thakheka,thakhyk,tھakhyk,Такхек,تاخک,تھاخیک,ثاخيك,थाखेक,থাখেক,ਥਾਖੇਕ,ታኸክ,ターケク",17.41027,104.83068,P,PPLA,LA,,15,1201,,,90800,,176,Asia/Vientiane,2026-05-01
1655559,Luang Prabang,Luang Prabang,"LPQ,Louang Prabang,Louangphabang,Louangphrabang,Luan Praban,Luang Phrabang,Luang Prabang,Luang-Prabang,Luangpkhabang,Luangprabang,Luangprabangas,Luangprabango,Luanpabana,Luanpraban,Muang Louangphabang,hlwng phra bang,lang bo la bang,lu'anga parabanga,lu'anga prabanga,luangpeulabang,luvan praban,luwaniግ ፕrabaniግ,luyam prabam,lwang prabang,lwangh brabangh,lwanj brabanj,ruanpaban jun,Луанг Прабанг,Луанг-Прабанг,Луангпхабанг,Луанпрабан,לואנג פרבאנג,لوآنگ پرابانگ,لوانج برابانج,لوانغ برابانغ,لوانگ پرابانگ,लुआंग प्रबांग,লুয়াং প্রাবাং,ਲੁਆਂਗ ਪਰਾਬਾਂਗ,ലുവാങ് പ്രബാങ്,หลวงพระบาง,ຫລວງພະບາງ,ເມືອງຫຼວງພະບາງ,ლუანგპრაბანგი,ሉዋንግ ፕራባንግ,ルアンパバーン郡,琅勃拉邦,루앙프라방",19.8933,102.1525,P,PPLA,LA,,17,,,,55027,,296,Asia/Vientiane,2026-04-14
1657897,Borikhan,Borikhan,"Berikhane,Bolikanh,Bolikhan,Borikane,Borikham,Borikhan,Borikhane,Muang Borikan,Muang Borikane,Muong Borikan,Muong Borikane",18.56286,103.72671,P,PPLA2,LA,,23,,,,18354,,165,Asia/Vientiane,2025-07-15
1658073,Ban Xénô,Ban Xeno,"Ban Xeno,Ban Xénô,Nong Seno,Seno,Xeno,Xénô",16.6759,104.98798,P,PPL,LA,,20,,,,25135,,197,Asia/Vientiane,2025-05-06
1662589,Ban Laongam,Ban Laongam,"Ban Laongam,Lao Ngam",15.46549,106.16682,P,PPL,LA,,19,,,,21304,,547,Asia/Vientiane,2025-12-08
1663246,Ban Kèngkok,Ban Kengkok,"Ban Kengkok,Ban Kèngkok,Keng Kok,Muang Champhon",16.44369,105.19798,P,PPL,LA,,20,,,,15658,,145,Asia/Vientiane,2026-05-01
1904391,Ban Houakhoua,Ban Houakhoua,"Ban  Khojjaksjau,Ban Houakhoua,Ban Houayxay,Бан  Хойяксяу",20.2467,100.45401,P,PPL,LA,,22,,,,15500,,361,Asia/Vientiane,2013-08-13
9948272,Sekong,Sekong,"Sekong,Xekong,sekam,sekon,sekonga,sekweniግ,skwng,sykwng,sykwnj,Секонг,سيكونج,سکونگ,سیکونگ,सेकोंग,সেকং,ਸੇਕੋਂਗ,ເຊກອງ,ሴኮንግ,セコン",15.34582,106.72368,P,PPLA,LA,,26,,,,20116,,148,Asia/Vientiane,2026-05-01
11244752,Ban Khoan,Ban Khoan,"Ban Khoan,Ban Kwan,Golden Triangle,Zloty Trojkat,Zolotij Trikutnik,Złoty Trójkąt,Золотий Трикутник,ກວານ,​ບານ​ກວານ,​ບ້ານ​ກວານ",20.35008,100.09022,P,PPL,LA,,22,,,,65348,,373,Asia/Vientiane,2026-05-01
1283878,Zigon,Zigon,"Zigon,Zugon",18.33559,95.6215,P,PPL,MM,,16,MMR008D002,MMR008011,,15233,,34,Asia/Yangon,2025-09-11
1284225,Zalun,Zalun,Zalun,17.47941,95.55924,P,PPL,MM,,03,MMR017D002,MMR017009,,21947,,14,Asia/Yangon,2025-12-10
1284569,Ywar Ma West,Ywar Ma West,"Ywa Ma West,Ywa Ma West Ward,Ywama West,Ywama West Ward,Ywar Ma West,Ywar Ma West Ward",16.89672,96.09173,P,PPLX,MM,,17,MMR013D001,MMR013001,,30704,,12,Asia/Yangon,2025-12-10
1285002,Ye-u,Ye-u,Ye-u,22.76722,95.42758,P,PPL,MM,,10,MMR005D002,MMR005009,,20458,,109,Asia/Yangon,2024-04-19
1285094,Yesagyo,Yesagyo,"Yesagyo,Yezagyo,yejajo,ysgyw,یسگیو,ယေႇၸၵျူဝ်ႇ၊ ဝဵင်း,ရေစကြိုမြို့,ဝေင်ꩻယေသစျို,예자조",21.63241,95.24619,P,PPL,MM,,15,MMR009D004,MMR009019,,23329,,71,Asia/Yangon,2025-09-11
1285173,Yenangyaung,Yenangyaung,"Yaynangyoung,Yenangyaung,Yenangyoung",20.46504,94.8712,P,PPL,MM,,15,MMR009D001,MMR009002,,110553,,56,Asia/Yangon,2016-06-01
1285457,Yedashe,Yedashe,Yedashe,19.15633,96.34593,P,PPL,MM,,16,MMR007D002,MMR007010,,24420,,65,Asia/Yangon,2025-09-11
1285606,Ye,Ye,"XYE,Ye,Yelamaingtwp",15.24645,97.85506,P,PPL,MM,,13,MMR011D001,MMR011006,,34430,,14,Asia/Yangon,2024-04-19
1285693,Yawnghwe,Yawnghwe,"Nyaungshwe,Yawnghwe",20.65973,96.93376,P,PPL,MM,,11,MMR014D001,MMR014002,,188083,,892,Asia/Yangon,2025-07-06
1285871,Nyaungdon,Nyaungdon,"Njaungdon,Nyanngdon,Nyaung-dun,Nyaungdon,Yandoon,Yandun,yang dong,Няунгдон,ညောင်တုန်းမြို့,ဝေင်ꩻညောင်တုန်း,ၺွင်ႇတူင်း၊ ဝဵင်း,央東",17.04459,95.63957,P,PPL,MM,,03,MMR017D005,MMR017021,,40092,,11,Asia/Yangon,2016-06-01
1285899,Yamethin,Yamethin,"Jametin,Jametkhin,Yamethin,Yamethinn,yameten,yang mi ding,Яметин,Яметхин,یمٹھن,ယမႄးတိၼ်း၊ ဝဵင်း,ရမည်းသင်းမြို့,ဝေင်ꩻယမဲးတဉ်း,ヤメテン,央米丁",20.43189,96.13875,P,PPL,MM,,08,MMR010D006,MMR010023,,59867,,203,Asia/Yangon,2016-06-01
1286026,Wundwin,Wundwin,Wundwin,21.09417,96.02803,P,PPL,MM,,08,MMR010D007,MMR010031,,32558,,145,Asia/Yangon,2025-09-11
1286591,Waw,Waw,"Vo,Waw,Во",17.47702,96.67828,P,PPL,MM,,16,MMR007D001,MMR007004,,23143,,15,Asia/Yangon,2025-10-14
1288322,Pangkham,Pangkham,"Pang Hseng,Pang Kham,Pang Sang,Panghsang,Pangkham,Pangszang,Pangxam,Pankan,Pansan,Wan Long,Wān Long,bang kang,bang sang,banghkham,paanhkammyahoet,pang kha,pangkam,pangkham,pangkھam,pankamu,pankhama,pngqhʼm,pʼangkhami,wayinꩻpainsainꩻ,winnpၢinsၢin,Панкан,Пансан,Պանգխամ,פנגקהאם,بانغكهام,پانگکهام,پانگکھام,পাংখাম,ปางคำ,ປາງຄຳ,པང་ཁམས།,ပန်ခမ်းမြို့,ဝေင်ꩻပင်သင်ꩻ,ဝဵင်းပၢင်သၢင်,პანგხამი,បាងខា,ប៉ាងខាំ,パンカム,邦康,邦桑,팡캄",22.17924,99.16666,P,PPL,MM,,11,MMR015D007,MMR015005,,15936,519,536,Asia/Yangon,2025-12-16
1289828,Wakema,Wakema,"Vakema,Wagay-ma,Wagema,Wagèma,Wakema,Wancuma,Wankinna,wa xi ma zhen,Вакема,ဝါးခယ်မမြို့,ဝေင်ꩻဝါးခယ်မ,ဝႃးၶႄႇမ၊ ဝဵင်း,瓦溪碼鎮",16.60333,95.18278,P,PPL,MM,,03,MMR017D003,MMR017017,,42705,,11,Asia/Yangon,2016-06-01
1290374,Twante,Twante,Twante,16.70836,95.9336,P,PPL,MM,,17,MMR013D003,MMR013027,,46516,,13,Asia/Yangon,2025-02-18
1290596,Taungoo,Taungoo,"Taung-ngu,Taungngu,Taungoo,Taungu,Taungû,Toungoo,taung-u,txng xu,Таунгу,ตองอู,တောင်ငူမြို့,타웅우",18.94291,96.43408,P,PPL,MM,,16,MMR007D002,MMR007009,,106945,,56,Asia/Yangon,2016-06-01
1291193,Thongwa,Thongwa,"Thon-Khwa,Thongwa",16.75998,96.52498,P,PPL,MM,,17,MMR013D003,MMR013025,,52496,,10,Asia/Yangon,2018-03-15
1291451,Thin Gan Kyun Gyi,Thin Gan Kyun Gyi,"Thin Gan Kyun Gyi,Thingangyun,သင်္ဃန်းကျွန်းကြီး",16.95735,96.15541,P,PPL,MM,,17,MMR013D001,MMR013002,,42350,,14,Asia/Yangon,2025-12-15
1292037,Thayetmyo,Thayetmyo,"Thayetmo,Thayetmyo,Thyatmyo",19.32076,95.18272,P,PPL,MM,,15,MMR009D003,MMR009012,,98185,,47,Asia/Yangon,2016-06-01
1292288,Thaton,Thaton,"Tha-tun,Thadon,Thadôn,Thaton",16.91867,97.37001,P,PPL,MM,,13,MMR011D002,MMR011007,,123727,,24,Asia/Yangon,2016-06-01
1292313,Tharyarwady,Tharyarwady,"Tharrawaddy,Tharyarwady,Thayawadi",17.65399,95.78813,P,PPL,MM,,16,MMR008D002,MMR008007,,54386,,17,Asia/Yangon,2016-06-01
1292443,Thanhlyin,Thanhlyin,"Syriam,Thanhlyin",16.78195,96.24678,P,PPL,MM,,17,MMR013D003,MMR013023,,78667,,18,Asia/Yangon,2026-03-12
1292507,Thanbyuzayat,Thanbyuzayat,"Thanbyuxayat,Thanbyuzat,Thanbyuzayat,dan biao zha ya,tagwndayng,tan-ph yu sa ya,tanbyuzaya,تاگونداینگ,ตาน-พยูซะยะ,တၢၼ်ႇၽျူႇၸယႅတ်ႉ၊ ဝဵင်း,ဝေင်ꩻတန်ဖျူသယတ်,သံဖြူဇရပ်မြို့,タンビュザヤ,丹彪扎亚,丹彪扎亞",15.96893,97.72745,P,PPL,MM,,13,MMR011D001,MMR011004,,57208,,17,Asia/Yangon,2025-09-11
1292579,Thanatpin,Thanatpin,"Tanatpin,Thanatpin,တၼၢတ်ႉပိၼ်ႇ၊ ဝဵင်း,ဝေင်ꩻတနတ်ပဉ်,သနပ္ပင်မြို့နယ်",17.29136,96.57523,P,PPL,MM,,16,MMR007D001,MMR007002,,38059,,13,Asia/Yangon,2016-06-01
1293625,Dawei,Dawei,"Davei,Davejus,Davėjus,Dawei,TVY,Tavoj,Tavoy,Tawe,Tawè,da'oya'i,dauei,dave,dave'i,dawei,dawi,dawy,dawyy,thway,tu wa,Тавой,داوئی,داوي,داوی,दावेई,দাওয়াই,ਦਾਵੇ,ทวาย,ထားဝယ်မြို့,ዳዊ,ダウェイ,土瓦,다웨이",14.0823,98.19151,P,PPLA,MM,,12,MMR006D001,MMR006001,,136783,,17,Asia/Yangon,2026-04-14
1293696,Taungup,Taungup,"Taung-gup,Taunggok,Taunggôk,Taungup",18.85609,94.24078,P,PPL,MM,,01,MMR012D004,MMR012016,,26854,,5,Asia/Yangon,2025-12-15
1293960,Taunggyi,Taunggyi,"Taundzhi,Taundzi,Taundzis,Taundžis,Taunggi Mong,Taunggyi,Taunji,Taunjī,dong zhi,ta'ungi,ta'ungyi,ta'unji,taungji,taunji,tawngyy,tawnjy,taውniji,txng yi,Таунджи,Таунџи,تاونجي,تاونجی,تاونگئی,ताउंग्यी,তাউংজি,ਟਾਉਂਗੀ,ตองยี,တောင်ကြီးမြို့,ታውንጂ,タウンジー,東枝,타웅지",20.78919,97.03776,P,PPLA,MM,,11,MMR014D001,MMR014001,,160115,1430,1396,Asia/Yangon,2026-04-14
1294041,Taungdwingyi,Taungdwingyi,Taungdwingyi,20.0065,95.54531,P,PPL,MM,,15,MMR009D001,MMR009004,,70094,,143,Asia/Yangon,2016-06-01
1294250,Tatkon,Tatkon,Tatkon,24.679,95.07416,P,PPL,MM,,10,MMR005D008,MMR005034,,41683,,179,Asia/Yangon,2025-09-11
1294547,Tangyan,Tangyan,"Lan-ts'ang-hsien,Lan-ts’ang-hsien,Tangyan",22.49441,98.39277,P,PPL,MM,,11,MMR015D001,MMR015004,,33603,,941,Asia/Yangon,2025-09-11
1294761,Tamu,Tamu,"Tama,Tammu,Tamu,Tana",24.21663,94.31216,P,PPL,MM,,10,MMR005D006,MMR005030,,43737,,178,Asia/Yangon,2025-09-11
1294974,Kone Ta La Paung,Kone Ta La Paung,"Kone Ta La Paung,Talabaung,ကုန်းတလပေါင်",17.00845,96.14971,P,PPL,MM,,17,MMR013D001,MMR013002,,22667,,8,Asia/Yangon,2025-12-15
1295087,Taikkyi,Taikkyi,"Taikkyi,titekyeemyahoet,တိုက်ကြီးမြို့",17.31439,95.96293,P,PPL,MM,,17,MMR013D001,MMR013005,,88000,,21,Asia/Yangon,2025-10-14
1295301,Tachilek,Tachilek,"THL,Tachajlejk,Tachileik,Tachilek,Tha Chaleak,Tha Chi Lek,Wan Ta-hki-lek,Wān Ta-hki-lēk,Тачайлейк",20.4475,99.88083,P,PPL,MM,,11,MMR016D003,MMR016009,,51553,,402,Asia/Yangon,2016-06-30
1295395,Thanlyin,Thanlyin,,16.76887,96.24503,P,PPL,MM,,17,MMR013D003,MMR013023,,69448,,24,Asia/Yangon,2025-08-05
1295765,Sittwe,Sittwe,"AKY,Ak'jab,Akjab,Akyab,Sittvi,Sittwe,Situe,Situeh,Sitve,Sitvė,shi dui,shittoue,sitave,siteuwe,sitiwe,sitta'oye,sytwh,sytwy,wytwy,Акьяб,Ситуэ,Сітуе,سيتوي,سیتوه,ویتوی,सितवे,সিত্তওয়ে,ਸਿੱਤਵੇ,စစ်တွေမြို့,ሲትዌ,シットウェ,实兑,시트웨",20.14624,92.89835,P,PPLA,MM,,01,MMR012D001,MMR012001,,177743,,5,Asia/Yangon,2026-04-14
1296536,Shwe Lin Ban,Shwe Lin Ban,"Shwe Lin Ban,Shwelinban,ရွှေလင်ဘန်း",16.89659,96.06801,P,PPL,MM,,17,MMR013D001,MMR013008,,28711,,5,Asia/Yangon,2025-12-15
1296614,Shwegyin,Shwegyin,Shwegyin,17.92118,96.87676,P,PPL,MM,,16,MMR007D001,MMR007008,,24579,,23,Asia/Yangon,2025-09-11
1296645,Shwegu,Shwegu,Shwegu,24.22673,96.79085,P,PPL,MM,,04,MMR001D003,MMR001011,,58696,,119,Asia/Yangon,2025-09-11
1296736,Shwebo,Shwebo,Shwebo,22.56925,95.69818,P,PPL,MM,,10,MMR005D002,MMR005004,,88914,,111,Asia/Yangon,2016-06-01
1298482,Sagaing,Sagaing,"Sagajn,Sagang,Sitkaing,Сагайн",21.8787,95.97965,P,PPLA2,MM,,10,MMR005D001,MMR005001,,78739,,75,Asia/Yangon,2024-01-13
1298824,Yangon,Yangon,"Dagon,Gian'nkon,Jangon,Jangon khot,Jangona,Jangono,Jangun,Jangún,Ngiong-kong,Ngióng-kông,RGN,Rangon,Rangoon,Rangoun,Rangum,Rangun,Rangunas,Rangún,Rangūnas,Yangjgvangh,Yangon,Yangôn,Yankoun,Yanqon,iangoni,iyanguna,raankone,raankonemyahoet,raguna,ranguna,rngwn,yang guang,yang-gon,yanghwn,yangkung,yangon,yanguna,yangwn,yanjwn,yankon,Ýangon,Γιανγκόν,Јангон,Рангун,Янгон,Янгон хот,Յանգոն,יאנגון,رنگون,يانجون,يانغون,یانگون,यांगून,रङ्गुन,रङ्गून,ইয়াংগুন,ਰੰਗੂਨ,யங்கோன்,యాంగోన్,യംഗോൺ,ย่างกุ้ง,ཡང་ཀོང་།,ရန်ကုန်,ရန်ကုန်မြို့,იანგონი,ያንጎን,យ៉ាំងហ្គូន,ヤンゴン,仰光,양곤",16.80528,96.15611,P,PPLA,MM,,17,MMR013D004,MMR013044,,4477638,,30,Asia/Yangon,2026-04-14
1298911,Pyu,Pyu,"Pju,Pyu,pyu,Пю,ဍုံဖျူႋ,ဖြူးမြို့,ဝေင်ꩻဖျူး,ၽျူး၊ ဝဵင်း,ピュ",18.4813,96.43742,P,PPL,MM,,16,MMR007D002,MMR007012,,40386,,55,Asia/Yangon,2016-06-01
1298987,Pyinmana,Pyinmana,"P'inmana,Pinmana,Pjinmana,Pyinmana,Pyinmana Naypyidaw,Pyinmank,Rangun,bin ma na,p yi nma na,pinmana,П'їнмана,Пинмана,Пьинмана,Рангун,לדי סיאדאו,ปยี่นมะน่า,ပျဉ်းမနားမြို့,ပၢင်မၢၵ်ႇၼႃႉ၊ ဝဵင်း,ဝေင်ꩻပဉ်းမနား,ピンマナ,彬馬那,彬马那,핀마나",19.7381,96.20742,P,PPL,MM,,18,MMR018D002,MMR018006,,97409,,101,Asia/Yangon,2016-06-22
1299154,Pyay,Pyay,"P'i,PRU,Pjaj,Pjajus,Pji,Prome,Pyain,Pyay,Pye,Pyei,Pyit,bei miu shi,bei miu zhen,peulom,pii,proma,П'ї,Проме,Пяй,פיאי,پیاے,প্রোম,แปร,ပျီႇ၊ ဝဵင်း,ဝေင်ꩻပီ,ピイ,卑謬市,卑謬鎮,卑谬镇,프롬",18.81996,95.21562,P,PPL,MM,,16,MMR008D001,MMR008001,,135308,,2,Asia/Yangon,2024-03-09
1299182,Pyawbwe,Pyawbwe,"Pyawbwe,Pyawlow",20.59193,96.05202,P,PPL,MM,,08,MMR010D006,MMR010024,,32214,,198,Asia/Yangon,2025-09-11
1299237,Pyapon,Pyapon,"P'japon,Pjapon,Pkh'japoun,Pyabon,Pyabôn,Pyapon,Pyapun,byabwn,pi ya peng,pyapon,shu bang,Пх'япоун,Пьяпон,Пяпон,بيابون,ဖျာပုံမြို့,ဝေင်ꩻဖျာပုံ,ၽျႃႇပူင်ႇ၊ ဝဵင်း,ピャーポン,皮亞朋,豎榜",16.28543,95.67882,P,PPL,MM,,03,MMR017D006,MMR017023,,47082,,8,Asia/Yangon,2025-12-09
1300310,Pèkon,Pekon,"Pekon,Phekhon,Pèkon,hpaalhkonemyahoet,ဖယ်ခုံမြို့",19.86766,97.00668,P,PPL,MM,,11,MMR014D001,MMR014010,,15323,,897,Asia/Yangon,2026-01-19
1300466,Bago,Bago,"Bagas,Bago,Begu,Pegou,Pegu,Pégou,baghw,bago,bagw  brma,bagw  myanmar,bo gu,peku,pha kho,Пегу,باغو,باگو، برما,باگو، میانمار,बागो,বাগো,ਬਾਗੋ,பெகு,พะโค,ပဲခူးမြို့,ባጎ,バゴー,勃固,바고",17.33521,96.48135,P,PPLA,MM,,16,MMR007D001,MMR007001,,244376,,18,Asia/Yangon,2026-04-14
1300567,Pazundaung,Pazundaung,Pazundaung,16.79574,96.17493,P,PPLX,MM,,17,MMR013D002,MMR013015,,40690,,19,Asia/Yangon,2026-02-21
1300969,Paungde,Paungde,"Paung-deh,Paungde",18.49167,95.50591,P,PPL,MM,,16,MMR008D001,MMR008004,,36971,,35,Asia/Yangon,2019-03-21
1301005,Paung,Paung,"Paung,paun,ပေါင်မြို့,ပွင်ႇ၊ ဝဵင်း,ဝေင်ꩻပေါင်,パウン",16.61753,97.45851,P,PPL,MM,,13,MMR011D002,MMR011008,,29434,,16,Asia/Yangon,2025-09-11
1301804,Panglong,Panglong,"Mong Ko,Möng Ko,Panglong",24.10051,98.31264,P,PPL,MM,,11,MMR015D002,MMR015009,,27115,,921,Asia/Yangon,2025-09-11
1302439,Pakokku,Pakokku,"PKK,Pagukku,Pakkoku,Pakokku,pahkukkuumyahoet,Пакокку,ပခုက္ကူမြို့",21.33489,95.08438,P,PPL,MM,,15,MMR009D004,MMR009018,,126938,,70,Asia/Yangon,2025-05-12
1302849,Hpa-An,Hpa-An,"Hpa-An,Hpa-an,Khpa-An,PAA,Pa-an,Pan,hapa-ana,hapan,hba an,hiፓ-ʿeni,hpa an,hpa-ana,Хпа-Ан,هبا آن,هپا آن,ہpa an,ہپا آن,ह्पा-आन,হপা-আন,ਹਪਾ-ਆਨ,ህፓ-አን,ハパーン",16.88953,97.63482,P,PPLA,MM,,05,MMR003D001,MMR003001,,50000,,18,Asia/Yangon,2026-05-12
1303351,Nyaung-U,Nyaung-U,"N'gion'k-Ou,N'jaung-U,NYU,Nayung-U,Njaung-U,Njaunga-U,Nyaung U,Nyaung-U,Nyaungoo,Nyaungu,Nyoungoo,liang wu xian,n'ya'unga-yu,n'yaunga-yu,n'yayung-yu,n'yuyanga-yu,nam-u,nang-yu,niyun-u,nyaun'u,nyaung-u,nyawngh aw,nyawnj aw,nyawnj-yw,yxng xu,Νγιόνκ-Ου,Ньяунг-У,نياونج او,نياونغ أو,نیاونج-یو,न्याउंग-यू,न्यूयांग-यू,নং-উ,ન્યૌંગ-યુ,நியுங்-உ,న్యాయుంగ్-యు,ನಂಗ್-ಯು,න්‍යාන්ග් -යු,ยอง อู,ညောင်ဦးမြို့,ဝေင်ꩻညောင်ဦး,ၺွင်ႇဢူး၊ ဝဵင်း,ニャウンウー,良乌县,냐웅우",21.20056,94.90827,P,PPL,MM,,08,MMR010D005,MMR010022,,48528,,62,Asia/Yangon,2025-10-12
1303406,Nyaunglebin,Nyaunglebin,"N'jaunlebin,Njaunglebin,Nyaunglebin,Ньяунлебин,Няунглебин,ညောင်လေးပင်,ဝေင်ꩻညောင်လေးပဉ်,ၺွင်ႇလေးပိၼ်ႇ၊ ဝဵင်း",17.95363,96.72247,P,PPL,MM,,16,MMR007D001,MMR007005,,89626,,19,Asia/Yangon,2018-12-05
1306443,Nansang,Nansang,"NMS,Namsang,Nansang",20.89184,97.71672,P,PPL,MM,,11,MMR014D002,MMR014013,,23792,,956,Asia/Yangon,2025-09-11
1307101,Namhkam,Namhkam,"Hambkan,Nam Khan,Namgkan,Namhkam,Namhkama,Namkam,Namkamas,Namkham,Nangan,nam h kham,namahkama,namakhama,namhakam,namhakama,namhkam,namkam,namukamu,nan kan,nanhkam,Νάμκαμ,Намгкан,نامحکام,नम्हकाम,নামখাম,નમહ્કમ,நம்ஹகம்,నంహ్కమ్,ನಾಮ್ಕಾಮ್,නම්හ්කම්,นามฮ์คาม,နမ့်ခမ်းမြို့,ဝေင်ꩻနမ်းခမ်း,ၼမ်ႉၶမ်း၊ ဝဵင်း,ナムカム,南坎",23.83342,97.67984,P,PPL,MM,,11,MMR015D002,MMR015010,,33382,,762,Asia/Yangon,2025-08-14
1307658,Mrauk U,Mrauk U,"M'jau-U,Mrauk U,Mrauk-U,Mrauk-oo,Mrohaung,Myauk U,Myohaung,Myonaung,Мьяу-У,မြောက်ဦးမြို့,မြောက်‌ဦးမြို့,မြောက‌ဥးမြ",20.59,93.19062,P,PPL,MM,,01,MMR012D005,MMR012003,,36139,,9,Asia/Yangon,2025-09-19
1307741,Myitkyina,Myitkyina,"M'ichina,M'itkina,MYT,Michina,Mitkina,Mjicina,Mjičina,Myitkyin,Myitkyina,Myitkyinā,ma'itaka'ina,mi zhi na,michina,mit ci na,mitchina,mitikina,myitaka'ina,myitkyina,mytkyna,myytkyyna,Мичина,Мьиткина,Мьичина,Мїчина,ميتكينا,میئتکیئنا,میتکینا,म्यिट्क्यिना,ম্যিটকাইনা,ਮਾਇਟਕਾਈਨਾ,มิตจีนา,မြစ်ကြီးနားမြို့,ሚትኪና,ミッチーナー,密支那,미치나",25.38327,97.39637,P,PPLA,MM,,04,MMR001D001,MMR001001,,90894,,147,Asia/Yangon,2026-04-14
1307835,Myingyan,Myingyan,"M'indzhan,Mgin'nkgian,Mijngjan,Mjindzana,Mjindzanas,Mjindžana,Mjindžanas,Myingan,Myingyan,Myringyan,m yi n chan,ma'in'gyana,ma'inyana,maiyinkiyan,mayajina,mayingyan,maynghyan,maynjyan,min jian,mindjan,minjian,myingyan,myynjyan,yinajnana,Μγινγκγιάν,М'їнджан,Мийнгян,Мьинджан,ماينجيان,ماينغيان,میینجیان,मायजीन,यिनज्ञान,মাইংয়ান,માઇન્ગ્યાન,மையிங்கியான்,మయింగ్యన్,ಮ್ಯಿಂಗ್ಯಾನ್,මින්යැන්,มยี่นชาน,မျိၼ်းၶျၢၼ်ႇ၊ ဝဵင်း,မြင်းခြံမြို့,ဝေင်ꩻမဉ်းခြံ,ミンヂャン,敏建,민지안",21.46002,95.3884,P,PPL,MM,,08,MMR010D004,MMR010017,,141713,,76,Asia/Yangon,2016-06-01
1308052,Myawaddy,Myawaddy,"Myawaddy,Myawadi,myawate,မြဝတီ",16.68911,98.50893,P,PPL,MM,,05,MMR003D002,MMR003005,,45000,,206,Asia/Yangon,2025-12-22
1308078,Myaungmya,Myaungmya,"Mjaungm'ja,Myaungmya,Myoungmya,m yxng meiy a,myanmya,myawngmya,Мяунгмья,Մյաունգմյա,میاؤنگمیا,มย่องเมียะ,ဍုံမျင်ႋမျး,မျွင်းမျႃႉ၊ ဝဵင်း,မြောင်းမြမြို့,ဝေင်ꩻမျောင်းမျ,ミャンミャ",16.59875,94.92111,P,PPL,MM,,03,MMR017D003,MMR017014,,58205,,13,Asia/Yangon,2025-12-15
1308204,Myanaung,Myanaung,"Mjanaung,Myanaung,mian ang,myananwng,Мянаунг,میانانونگ,မျၢၼ်ႇဢွင်ႇ၊ ဝဵင်း,မြန်အောင်မြို့,ဝေင်ꩻမျန်အောင်,缅昂",18.28651,95.32014,P,PPL,MM,,03,MMR017D002,MMR017011,,42252,,26,Asia/Yangon,2016-06-01
1308318,Mu-se,Mu-se,Mu-se,23.99742,97.90109,P,PPL,MM,,11,MMR015D002,MMR015009,,165022,,828,Asia/Yangon,2025-07-06
1308415,Mudon,Mudon,"Mudon,Mudoun,mu don,mudon,mudum,Мудон,Мудоун,มุโดน,မုတူင်ႇ၊ ဝဵင်း,မုဒုံမြို့,ဝေင်ꩻမုဒုံ,ムドン,무둠",16.25624,97.7246,P,PPL,MM,,13,MMR011D001,MMR011005,,89123,,22,Asia/Yangon,2016-06-01
1308464,Mawlamyinegyunn,Mawlamyinegyunn,"Mawlamyainggyun,Mawlamyinegyunn,Moulmeingyu,Moulmeingyun",16.3772,95.26488,P,PPL,MM,,03,MMR017D004,MMR017018,,34107,,8,Asia/Yangon,2025-12-15
1308465,Mawlamyine,Mawlamyine,"MNU,Maulamiain,Mawlamyaing,Mawlamyine,Molam'in,Molam'jajn,Molamjainas,Molamjajn,Molamyaing,Moulamjin,Moulmein,Mulmain,Mulmejn,mallama'ina,mao dan mian,maulama'ina,mawlamyayn,mawlamyyn,maውlaምyini,meaa la leing,molamina,moramyain,moulmein,mwlmyn,Моламьин,Моламьяйн,Моламяйн,Моуламјин,ماولامیئن,ماولامیاین,مولمين,मॉलमीन,মল্লমাইন,ਮੌਲਮਾਈਨ,เมาะลำเลิง,မောလမြင,မော်လမြိုင်,ማውላምይን,モーラミャイン,毛淡棉,모울메인",16.49051,97.62825,P,PPLA,MM,,13,MMR011D001,MMR011001,,438861,,52,Asia/Yangon,2026-04-14
1308522,Monywa,Monywa,"Moniva,Monywa,Mounujua,Munya,Munywa,NYW,mani'oya,meng yu wa,mon'yava,mon'yuwa,moni'a,moniwa,mony wa,mwnywa,Монива,Моунъюа,مونيوا,مونیوا,मोन्यवा,মনিওয়া,ਮੋਨਿਆ,โมนยวา,မုံရွာ,ሞንዋ,モンユワ,蒙育瓦,모니와",22.10856,95.13583,P,PPLA,MM,,10,MMR005D003,MMR005012,,182011,,81,Asia/Yangon,2026-04-14
1308567,Möng Yang,Moeng Yang,"Mong Yang,mineyaannmyahoet,မိုင်းယန်းမြို့",21.8478,99.67651,P,PPL,MM,,11,MMR016D001,MMR016003,,117108,914,914,Asia/Yangon,2025-12-17
1308910,Mohnyin,Mohnyin,"Mochn'gin,Mohnjin,Mohnyin,Mohnyn,Mokhnin,Monain,Monjina,Monjinas,mhnyyn,mo ning,mo yi n,mohan'yin,mohanim,mohanina,mohanyin,mohiniyina,mohnin,mohnina,moin,monin,mwhnyn,Μοχνγίν,Монаин,Мохњин,محنیین,موهنين,मोहनिं,मोहिनीयिन,মোহনিন,મોહ્નીન,மோஹன்யின்,మోహన్యిన్,ಮೊಹ್ನಿನ್,මොහ්නයින්,โม่ญี่น,မိုးညှင်းမြို့,မိူင်းယၢင်း၊ ဝဵင်း,ဝေင်ꩻမိုးငဉ်း,モニン,莫宁,莫寧,모인",24.77822,96.36863,P,PPL,MM,,04,MMR001D002,MMR001007,,33290,,216,Asia/Yangon,2025-09-11
1308937,Mogok,Mogok,"Magok,Mogok,Могок",22.91766,96.50982,P,PPL,MM,,08,MMR010D002,MMR010011,,89855,,1162,Asia/Yangon,2025-12-15
1308946,Mogaung,Mogaung,"Mogaun,Mogaung,Mogoung,Mongkawng,mo gang,mo kxng,mogaung,mougan,Могаунг,מוגאונג,โม่ก้อง,မိုးကောင်းမြို့,မိူင်းၵွင်း၊ ဝဵင်း,ဝေင်ꩻမိုးကောင်း,モウガン,莫冈,모가웅",25.30543,96.93537,P,PPL,MM,,04,MMR001D002,MMR001008,,25012,,150,Asia/Yangon,2025-09-11
1309233,Mingaladon,Mingaladon,Mingaladon,16.92406,96.09768,P,PPL,MM,,17,MMR013D001,MMR013002,,136000,,15,Asia/Yangon,2025-12-10
1309289,Minbu,Minbu,"Minbu,min wu,minbu,Минбу,မင်းဘူးမြို့,မိၼ်းပူး၊ ဝဵင်း,ဝေင်ꩻမိဉ်းဗူး,ミンブ,敏巫",20.18059,94.87595,P,PPL,MM,,15,MMR009D002,MMR009007,,57342,,49,Asia/Yangon,2018-04-06
1309611,Myeik,Myeik,"M'ej,M'joj,MGZ,Mergui,Merguj,Mgeik,Mjeik,Mjeika,Mjeikas,Mjejk,Myeik,dan lao,ma'eka,ma'inyeka,maiyik,marid,maya'eka,mayek,mayeka,mayyk,mayyk  myanmar,meleugwi,meykka,myeiku,myyyk,Μγέικ,М'єй,Мйеик,Мьей,Мјејк,М’ёй,ماييك,ماييك، ميانمار,میییک,मएक,मायएक,মাইংয়েক,માયેક,மேய்க்க,మయెక్,ಮೈಯಿಕ್,ම්යෙක්,มะริด,မျဵၵ်ႉ၊ ဝဵင်း,မြိတ်မြို့,ဝေင်ꩻမေက်,ミェイク,丹老,메르귀",12.43954,98.60028,P,PPL,MM,,12,MMR006D002,MMR006005,,173298,,15,Asia/Yangon,2017-12-29
1309793,Meiktila,Meiktila,"Meiktila,Mejtkhila,Miktila,mea thi la,meikeutilla,meittira,myyktyla,Мейтхила,میئکتیلا,เมะทีลา,မိတ္ထီလာမြို့,メイッティーラ,메이크틸라",20.87776,95.85844,P,PPL,MM,,08,MMR010D007,MMR010028,,177442,,244,Asia/Yangon,2016-06-01
1309937,Pyin Oo Lwin,Pyin Oo Lwin,"Maymo,Maymyo,Meimyu,Memyo,Pyin Oo Lwin",22.03501,96.45683,P,PPL,MM,,08,MMR010D002,MMR010008,,117303,,1088,Asia/Yangon,2020-02-01
1310120,Mawlaik,Mawlaik,Mawlaik,23.64254,94.40478,P,PPL,MM,,10,MMR005D007,MMR005031,,44540,,129,Asia/Yangon,2019-02-22
1310362,Maubin,Maubin,"Ma-oo-beng,Manbin,Maubin",16.73148,95.65441,P,PPL,MM,,03,MMR017D005,MMR017019,,42439,,11,Asia/Yangon,2025-12-15
1310460,Martaban,Martaban,"Martaban,Marteban,Moktama,Мартабан",16.52834,97.6157,P,PPL,MM,,13,MMR011D002,MMR011008,,48629,,27,Asia/Yangon,2016-06-01
1311874,Mandalay,Mandalay,"MDL,Mandalaj,Mandalaja,Mandalajo,Mandalajus,Mandalay,Mandalay piirkond,Mandale,Mandalej,madale,man de lei,mandalay,mandale,mandallei,mandaly,mandare,manidale,mantalai,manth a ley,Мандалай,Мандалеј,ماندالاي,ماندالی,ماندالے,मांडले,माण्डले,মান্দালে,ਮੰਡਲੇ,மண்டலை,మాండలే,มัณฑะเลย์,မန္တလေးမြို့,ማንዳሌ,マンダレー,曼德勒,만달레이",21.97473,96.08359,P,PPLA,MM,,08,MMR010D001,MMR010002,,1208099,,83,Asia/Yangon,2026-04-14
1311909,Manaung,Manaung,"Cheduba,MGU,Man-aung,Manaung,မာနအောငမြ,မာန်အောင်မြို့",18.85479,93.72913,P,PPL,MM,,01,MMR012D003,MMR012012,,50680,,9,Asia/Yangon,2025-08-14
1312609,Magway,Magway,"MWQ,Magueh,Magvay,Magve,Magway,Magwe,maghwy,maguue,magve,magwy,maigave,maግwe,myaga'oye,mygwے,Магве,Магуэ,ماغوي,ماگوی,میگوے,मग्वे,ম্যাগওয়ে,ਮੈਗਵੇ,ማግዌ,マグウェー",20.14956,94.93246,P,PPLA,MM,,15,MMR009D001,MMR009001,,96954,,60,Asia/Yangon,2026-04-14
1312649,Madaya,Madaya,"Madaya,Mattaya",22.21148,96.10387,P,PPL,MM,,08,MMR010D002,MMR010009,,24234,,82,Asia/Yangon,2025-09-11
1313479,Loikaw,Loikaw,"LIW,Loikaw,Lojkaun,Lojko,Loykau,Lwegaw,Lwègaw,la'ika'o,lo'ika'o,lo'iko,loyika,lwykaw,roika,Лойкаун,Лойко,لويكاو,لویکاؤ,لویکاو,लोइकॉ,লইকাও,ਲੋਇਕਾਓ,ሎይካ,ロイカー",19.67798,97.20975,P,PPLA,MM,,06,MMR002D001,MMR002001,,17293,,893,Asia/Yangon,2026-04-14
1313795,Lewe,Lewe,"Lewe,lai wei,แลเว่,လယ်ဝေးမြို့,လႄႇဝေး၊ ဝဵင်း,ဝေင်ꩻလယ်ဝေး,莱韦,萊韋",19.63606,96.10998,P,PPL,MM,,18,MMR018D002,MMR018007,,30208,,111,Asia/Yangon,2025-09-11
1314042,Letpandan,Letpandan,"Letpadan,Letpandan,Letpatan",17.78664,95.75076,P,PPL,MM,,16,MMR008D002,MMR008008,,38936,,23,Asia/Yangon,2016-06-01
1314619,Lawksawk,Lawksawk,"Lawksawk,Yatsauk,lao suo,ရပ်စောက်မြို့,ဝေင်ꩻရောက်ꩻစောက်ꩻ,劳索",21.2481,96.86731,P,PPL,MM,,11,MMR014D001,MMR014008,,29533,,940,Asia/Yangon,2025-09-11
1314759,Lashio,Lashio,"LSH,Lasha,Lashio,Lasho,Lasijas,Lasio,Laŝio,Lašijas,Lašio,la seiyw,la shu,lashyw,lashyyw,lasi'o,lasio,lasiyo,rasho,Λάσιο,Лаша,Лашио,Лашо,لاشيو,لاشیئو,لاشیو,लाशिओ,लाशियो,লাশিও,લાશિયો,லாஷியோ,లాషియో,ಲಾಶಿಯೋ,ලශියෝ,ล่าเสี้ยว,လားရှိုးမြို့,လႃႈသဵဝ်ႈ၊ ဝဵင်း,ဝေင်ꩻလားသျိုး,ラーショー,腊戍,臘戍,라시오",22.9359,97.7498,P,PPL,MM,,11,MMR015D001,MMR015001,,131000,,845,Asia/Yangon,2025-12-15
1315056,Lakang,Lakang,"La Kang-gahtawng,Lakang",24.66051,97.18923,P,PPL,MM,,04,MMR001D003,MMR001010,,85423,,320,Asia/Yangon,2024-04-19
1315244,Labutta,Labutta,"Labutta,la bu da,labwta,reppota,لابوتا,လပုတ်ႉတႃႇ၊ ဝဵင်း,လပွတ္တာမြို့,ဝေင်ꩻလပွတ်တာ,レッポター,拉布達",16.14948,94.75898,P,PPL,MM,,03,MMR017D004,MMR017016,,29645,,9,Asia/Yangon,2025-12-15
1315749,Kyonpyaw,Kyonpyaw,"K'onp'ja,Kionpgio,Kjonpiava,Kjonpja,Kyonbyaw,Kyonpyaw,Kyunpyaw,Kyônbyaw,con-b yx,jing song,kayonopaya,kayopayo,kiyampa,kiyompyav,kyaionpia,kyompayau,kyonapi'o,kyonpiya,kyonpiyav,kywnbyaw,kywnpyaw,Κιονπγιό,Кьонпья,كيونبياو,کیونپیاو,कायोनोपाय,क्योंपयौ,কিয়ংপ,ક્યોનપિઓ,க்யோன்பியவ்,కియోంప్యావ్,ಕ್ಯೊನ್ಪಿಯಾ,කියොන්පියෝ,โจน-บยอ,ကျုံပျော်မြို့,ဍုံကျုင်ပျဝ်,ဝေင်ꩻကျုံပျော်,ၵျူင်ႇပျေႃႇ၊ ဝဵင်း,キャイオンピア,京松,카요파요",17.30132,95.19833,P,PPL,MM,,03,MMR017D001,MMR017005,,23966,,15,Asia/Yangon,2025-09-11
1316173,Kyeintali,Kyeintali,"Kyeintali,Kyeintali Town,jing de li,ကျနတလ,ကျနတလမြ,ကျိန္တလီ,ကျိန္တလီမြို့,ဝေင်ꩻစေင်တလီ,ၵျဵၼ်ႇတလီႇ၊ ဝဵင်း,景德利",18.00611,94.49,P,PPL,MM,,01,MMR012D004,MMR012017,,23581,,7,Asia/Yangon,2025-05-09
1316499,Kyauktaw,Kyauktaw,"Kyauktaw,ကျောကတော,ကျောကတောမြ,ကျောက်တော်,ကျောက်တော်မြို့",20.84468,92.97527,P,PPL,MM,,01,MMR012D005,MMR012004,,19492,,10,Asia/Yangon,2026-01-03
1316539,Kyauktan,Kyauktan,Kyauktan,24.2782,95.89487,P,PPL,MM,,10,MMR005D004,MMR005023,,42778,,142,Asia/Yangon,2025-09-11
1316574,Kyauktan,Kyauktan,Kyauktan,16.63736,96.32512,P,PPL,MM,,17,MMR013D003,MMR013024,,132765,,26,Asia/Yangon,2026-01-02
1316642,Kyauktaga,Kyauktaga,"Kyauktaga,Kyautaga",17.49468,96.97758,P,PPL,MM,,13,MMR011D002,MMR011009,,31656,,40,Asia/Yangon,2025-09-11
1316703,Kyaukse,Kyaukse,"Chzhauskhi,Kjaukse,Kyaukse,cheuse,jiao ke xi,Кяуксе,Чжаусхи,Чжаўсхі,ကျောက်ဆည်မြို့,ဍုံကျုက်ဆယ်,ဝေင်ꩻကျောက်သယ်,ၵျွၵ်ႉသႄႇ၊ ဝဵင်း,チェウセ,皎克西",21.6056,96.13508,P,PPL,MM,,08,MMR010D003,MMR010013,,50480,,86,Asia/Yangon,2016-06-01
1316752,Kyaukpyu,Kyaukpyu,"KYP,Kyaukpyn,Kyaukpyu,ceaa ph yu,chauppyu,jiao piao,kyawkbyw,كياوكبيو,เจาะพยู,ကျောကဖြမြ,ကျောက်ဖြူမြို့,ဝေင်ꩻကျောက်ဖျူ,ၵျွၵ်ႉၽျူႇ၊ ဝဵင်း,チャウッピュー,皎漂",19.42793,93.55134,P,PPL,MM,,01,MMR012D003,MMR012011,,180000,,4,Asia/Yangon,2025-09-19
1316870,Kyaukpadaung,Kyaukpadaung,"Kyaukpadaung,Kyaukpandaung",20.84158,95.1267,P,PPL,MM,,08,MMR010D005,MMR010020,,42817,,380,Asia/Yangon,2025-09-11
1316943,Kyaukme,Kyaukme,Kyaukme,22.5392,97.03434,P,PPL,MM,,11,MMR015D003,MMR015012,,39930,,769,Asia/Yangon,2025-09-11
1317375,Kyaikto,Kyaikto,Kyaikto,17.30858,97.01124,P,PPL,MM,,13,MMR011D002,MMR011009,,48658,,23,Asia/Yangon,2016-06-01
1317397,Kyaiklat,Kyaiklat,"Keiklat,Kjaiklat,Kyaiklat,Кяиклат,ကျိုက်လတ်မြို့,ဝေင်ꩻကျိုက်လတ်,ၵျႅၵ်ႉလၢတ်ႉ၊ ဝဵင်း",16.44502,95.72373,P,PPL,MM,,03,MMR017D006,MMR017025,,52425,,10,Asia/Yangon,2018-03-15
1317402,Kyaikkami,Kyaikkami,"Amherst,Kjaikami,Kyaikkami,Kyaikkhami,chaikkami,ci kha mi,ji kan mei,Кяиками,ไจคะมี,ကျိုက္ခမီမြို့,ဝေင်ꩻကျိုက်ခမီ,ၵျႅၵ်ႉၶမီႇ၊ ဝဵင်း,チャイッカミ,吉坎眉",16.07686,97.56388,P,PPL,MM,,13,MMR011D001,MMR011004,,48100,,21,Asia/Yangon,2016-06-01
1317511,Kungyangon,Kungyangon,Kwon-khyan-gon,16.44258,96.0194,P,PPL,MM,,17,MMR013D003,MMR013029,,28352,,10,Asia/Yangon,2026-03-09
1317682,Kutkai,Kutkai,"Kutkai,Kutkaing,gui gai,kukkai,ကွတ်ခိုင်မြို့,ဝေင်ꩻကွတ်ခုဲင်,ၵူတ်ႉၶၢႆ၊ ဝဵင်း,クッカイ,贵概",23.45789,97.93799,P,PPL,MM,,11,MMR015D002,MMR015011,,24963,,1341,Asia/Yangon,2025-09-11
1319364,Kēng Tung,Keng Tung,"Keng Tung,Kēng Tung",21.63093,99.92676,P,PPL,MM,,11,MMR016D001,MMR016005,,171620,,690,Asia/Yangon,2021-07-13
1319389,Kyimyindine,Kyimyindine,,16.80852,96.12415,P,PPLX,MM,,17,MMR013D004,MMR013038,,111514,,19,Asia/Yangon,2026-03-09
1319533,Kayan,Kayan,Kayan,16.90802,96.56037,P,PPL,MM,,17,MMR013D003,MMR013026,,40322,,13,Asia/Yangon,2018-12-05
1319573,Kawthoung,Kawthoung,"KAW,Kau Saung,Kawsong,Kawsung,Kawthaung,Kawthoung,Kodaun,Pulodua,Victoria Point,keaa sxng,Кодаун,เกาะสอง,ကောသောငးမြ,ကော့သောင်းမြို့",9.98238,98.55034,P,PPL,MM,,12,MMR006D003,MMR006009,,57949,110,34,Asia/Yangon,2025-12-15
1319898,Kawkareik,Kawkareik,"Kawkareik,Kawkareit,Kawkayeik,kokarei,kx kare a,ก่อกะเระ,ကော့ကရိတ်မြို့,ဝေင်ꩻခြုက်ꩻခြိက်ꩻ,ၵေႃႉၵရဵၵ်ႉ၊ ဝဵင်း,コーカレイ",16.55543,98.2371,P,PPL,MM,,05,MMR003D003,MMR003006,,48468,,22,Asia/Yangon,2025-12-15
1320155,Katha,Katha,Katha,24.17541,96.34144,P,PPL,MM,,10,MMR005D004,MMR005020,,26732,,102,Asia/Yangon,2025-09-11
1320944,Kanbe,Kanbe,"Kanbe,Kanhe,Канбе",16.70728,96.00168,P,PPL,MM,,17,MMR013D003,MMR013027,,58146,,12,Asia/Yangon,2016-06-01
1320974,Kanbalu,Kanbalu,"Kanbala,Kanbalu,ကန့်ဘလူမြို့,ဝေင်ꩻကန့်ဗလူ,ၵၢၼ်ႉပလူႇ၊ ဝဵင်း",23.20328,95.51695,P,PPL,MM,,10,MMR005D002,MMR005007,,25022,,177,Asia/Yangon,2025-09-11
1321218,Kalemyo,Kalemyo,"KMV,Kalay,Kalaymyo,Kale,Kalemyo",23.19014,94.06405,P,PPL,MM,,10,MMR005D005,MMR005027,,348573,,119,Asia/Yangon,2025-12-15
1321275,Kalaw,Kalaw,"Kalaw,Kalo,ge lao,kallo,karo,Кало,ကလောမြို့,ဝေင်ꩻကလော်ꩻ,ၵၢတ်ႇလေႃႉ,カロー,格劳,칼로",20.63459,96.56454,P,PPL,MM,,11,MMR014D001,MMR014005,,93032,,1323,Asia/Yangon,2025-07-06
1321937,Insein,Insein,"Insein,Inzein",16.88874,96.10257,P,PPL,MM,,17,MMR013D001,MMR013001,,247675,,17,Asia/Yangon,2025-08-21
1322148,Ingabu,Ingabu,"Ingabu,Ingapu,ying jia wu,ဝေင်ꩻအိဉ်ဂပူ,အင်္ဂပူမြို့,ဢိင်ႇၵပူႇ၊ ဝဵင်း,英加務",17.81192,95.27044,P,PPL,MM,,03,MMR017D002,MMR017013,,19876,,20,Asia/Yangon,2026-01-13
1323815,Hpākān,Hpakan,"Hpakan,Hpakant,Hpākān,hparrkan,ဖားကန့်",25.6138,96.31482,P,PPL,MM,,04,MMR001D002,MMR001009,,60123,,275,Asia/Yangon,2025-09-11
1323949,Hopin,Hopin,"Hobin,Hopin",24.99146,96.52681,P,PPL,MM,,04,MMR001D002,MMR001007,,23352,,200,Asia/Yangon,2025-09-11
1324385,Hmaw Bi,Hmaw Bi,"Hmaw Bi,Hmawbi,Hmawbiywathit,မှော်ဘီ",16.63557,97.61526,P,PPL,MM,,13,MMR011D002,MMR011008,,25960,,13,Asia/Yangon,2025-10-12
1324494,Hlegu,Hlegu,"Hlegu,လှည်းကူးမြို့,ဝေင်ꩻလယ်းကူး",17.09567,96.22056,P,PPL,MM,,17,MMR013D001,MMR013004,,38757,,13,Asia/Yangon,2025-09-11
1325211,Hinthada,Hinthada,"Chinthanta,HEB,Henzada,Hintada,Hinthada,Hithada,Khintada,Khintkhada,henzada,hin ta da,hintada,hinthada,hinttata,hnthada,xing shi da,xuan hua da,Χινθάντα,Хинтада,Хинтхада,Хінтада,حینتھادا,هنثادا,हिंथाडा,হিন্থাদা,હિન્થાડા,ஹிந்த்தாடா,హింతాడా,ಹಿಂತಾಡ,හින්තාදා,ฮีนตาดะ,ဝေင်ꩻဟိဉ်းတာဒ,ဟင်္သာတမြို့,ヘンザダ,興實達,軒化達,힌타다",17.64944,95.45705,P,PPL,MM,,03,MMR017D002,MMR017008,,134947,,15,Asia/Yangon,2016-06-01
1325259,Heho,Heho,"HEH,He-ha,Heho,Khekho,Хехо",20.72315,96.82278,P,PPL,MM,,11,MMR014D001,MMR014005,,93041,,1170,Asia/Yangon,2025-06-10
1325443,Hakha,Hakha,"Haha,Haka,Hakha,Khakha,haka,hakha,haxa,Хаха,هاخا,ہakha,ہاخا,हाखा,হাখা,ਹਾਖਾ,ဟားခါးမြ,ဟားခါးမြို့,ሃኃ,ハカ",22.64452,93.61076,P,PPLA,MM,,02,MMR004D003,MMR004002,,24926,,1799,Asia/Yangon,2026-04-14
1325814,Gwa,Gwa,"GWA,Gwa,Gwa Twon,Khwa,Kwa,ဂ,ဂမြ,ဂွ,ဂွမြို့",17.59369,94.57996,P,PPL,MM,,01,MMR012D004,MMR012017,,66015,,9,Asia/Yangon,2026-01-06
1326703,Dawbon,Dawbon,"Dawbon,ဒေါပုံ",16.51634,95.60285,P,PPL,MM,,03,MMR017D006,MMR017025,,75325,,17,Asia/Yangon,2026-02-21
1326951,Daik-u,Daik-u,"Daik U,Daik-u",17.79506,96.66983,P,PPL,MM,,16,MMR007D001,MMR007007,,38477,,18,Asia/Yangon,2025-10-14
1327659,Chauk,Chauk,"Chauk,Chouk,Cokas,Czauk,chau,cheaa,Čokas,Чаук,เชาะ,ချောက်မြို့,ဝေင်ꩻချောက်,ၶျွၵ်ႉ၊ ဝဵင်း,チャウ",20.89921,94.81784,P,PPL,MM,,15,MMR009D001,MMR009003,,90870,,59,Asia/Yangon,2016-06-01
1327854,Buthidaung Town,Buthidaung Town,"Buthedaung,Buthidaung,Buthidaung Town,ဘူးသီးတောင်မြို့,ဘးသးတောငမြ",20.87537,92.53,P,PPL,MM,,01,MMR012D002,MMR012010,,55545,,8,Asia/Yangon,2025-12-09
1327995,Botataung,Botataung,"Botahtaung,Botataung",16.77182,96.17332,P,PPL,MM,,17,MMR013D002,MMR013017,,36645,,13,Asia/Yangon,2026-02-21
1328121,Bogale,Bogale,"Bogalay,Bogale,Богале,ပူဝ်ႇၵလေး၊ ဝဵင်း,ဘိုကလေးမြို့,ဝေင်ꩻဗိုကလေး",16.29415,95.39742,P,PPL,MM,,03,MMR017D006,MMR017024,,68938,,11,Asia/Yangon,2016-06-01
1328218,Bhamo,Bhamo,"BMO,Bamo,Banmaw,Banmo,Bhamo,Bkhamo,Hsinkai,ba mo,ba mx,bamo,bhamw,Бамо,Банмо,Бхамо,بهامو,บะมอ,ဗန်းမော်မြို့,မၢၼ်ႈမေႃႇ၊ ဝဵင်း,ဝေင်ꩻဗန်းမော်,バモー,八莫,바모",24.25256,97.23357,P,PPL,MM,,04,MMR001D003,MMR001010,,54721,,115,Asia/Yangon,2025-12-15
1328421,Pathein,Pathein,"BSX,Basejn,Bassein,Bassejn,Pantejn,Patein,Patejn,Pathein,Patheinas,Puthein,bathyyn,bo sheng,patein,patha'ina,pathe'ina,pathina,patyn,Бассейн,Пантейн,Патейн,باثيين,پاتھین,پاتین,पाथीन,পাথাইন,ਪਾਥੇਇਨ,ပုသိမ်မြို့,ፓteyini,ፓተይን,パテイン,勃生,파테인",16.77919,94.73212,P,PPLA,MM,,03,MMR017D001,MMR017001,,237089,,8,Asia/Yangon,2026-04-14
1328865,Aungban,Aungban,Aungban,20.6606,96.63488,P,PPL,MM,,11,MMR014D001,MMR014005,,30982,,1307,Asia/Yangon,2025-07-06
1328872,Ann,Ann,"Ann Town,အမး,အမးမြ,အမ်း,အမ်းမြို့",19.79537,94.04791,P,PPL,MM,,01,MMR012D003,MMR012014,,119714,,26,Asia/Yangon,2025-05-09
1329221,Amarapura,Amarapura,"Amajapuja,Amarapura,Amarapura Hmandan,Amayabuya,amalapula,amrapwra,Амарапура,Амаяпуя,امراپورا,အမရပူရမြို့,아마라푸라",21.90709,96.04894,P,PPLA3,MM,,08,MMR010D001,MMR010006,,237618,,79,Asia/Yangon,2025-06-06
1329239,Myaydo,Myaydo,"Allanmyo,Aunglan,Aunglanmyo,Myaydo",19.36838,95.21512,P,PPL,MM,,15,MMR009D003,MMR009016,,57395,,48,Asia/Yangon,2025-12-15
1329548,Ahlone,Ahlone,"Ahlon,Ahlone,Rangoon Ahlone",16.78897,96.12649,P,PPLX,MM,,17,MMR013D004,MMR013037,,41200,,12,Asia/Yangon,2026-03-09
1463081,Zee Kone,Zee Kone,"Zee Kone,Zigon,ဇီးကုန်း",16.94964,96.10227,P,PPL,MM,,17,MMR013D001,MMR013007,,24948,,6,Asia/Yangon,2025-12-15
1463085,Ah Lel,Ah Lel,"Ah Lel,Ale-ywa,အလယ်",16.9224,96.06344,P,PPL,MM,,17,MMR013D001,MMR013008,,23214,,4,Asia/Yangon,2025-12-15
1463102,Shan Chaung,Shan Chaung,"Shan Chaung,Shangyaung,ရှမ်းချောင်း",16.86034,96.09011,P,PPL,MM,,17,MMR013D001,MMR013008,,15934,,6,Asia/Yangon,2025-12-15
1463105,Oke Kan,Oke Kan,"Oke Kan,Oke Kan Thaung Kyar,Okkan,Yae Oke Kan,ဥက္ကံ",16.85299,96.06562,P,PPL,MM,,17,MMR013D001,MMR013008,,42201,,7,Asia/Yangon,2025-12-15
1463107,Nyaung,Nyaung,"Nyaung,Nyaung-ywa,ညောင်",16.83458,96.08796,P,PPL,MM,,17,MMR013D001,MMR013008,,43828,,6,Asia/Yangon,2025-12-15
1480266,San Chaung,San Chaung,"San Chaung,Sanchaung,Sang Young,Sangyoung,စမ်းချောင်း",17.0953,96.0992,P,PPL,MM,,17,MMR013D001,MMR013003,,99619,,12,Asia/Yangon,2026-03-09
1481644,Okpo,Okpo,,16.97266,96.0882,P,PPL,MM,,17,MMR013D001,MMR013007,,17812,,8,Asia/Yangon,2025-12-10
1481655,Shwenatha,Shwenatha,"Shwe Nant Thar,Shwenatha",16.98837,96.16219,P,PPL,MM,,17,MMR013D001,MMR013002,,39989,,13,Asia/Yangon,2025-12-15
1481671,Pawgan,Pawgan,"Hpawt Kan,Hpawt Kan Ward,Pawgan,Pawgan Ward",16.90842,96.09778,P,PPL,MM,,17,MMR013D001,MMR013001,,23992,,14,Asia/Yangon,2025-12-15
1481706,Sinngu,Sinngu,"Sinngu,Sinngu Ward,Sint Ngu,Sint Ngu Ward",16.9132,96.0974,P,PPL,MM,,17,MMR013D001,MMR013001,,22861,,15,Asia/Yangon,2025-12-15
1481890,Setsan,Setsan,,16.81025,96.11401,P,PPL,MM,,17,MMR013D004,MMR013038,,15111,,8,Asia/Yangon,2026-02-21
1481927,Set Ka Lay,Set Ka Lay,"Set Ka Lay,Setgale,စက်ကလေး",16.81435,96.11393,P,PPL,MM,,17,MMR013D004,MMR013038,,111514,,9,Asia/Yangon,2026-02-21
1481929,Myenigon,Myenigon,"Myaynigone,Myenigon,မြေနကနးလမးဆ,မြေနီကုန်းလမ်းဆုံ",16.80623,96.13506,P,PPL,MM,,17,MMR013D004,MMR013039,,18614,,26,Asia/Yangon,2026-02-21
1847816,Möng Yawng,Moeng Yawng,"Maingyaung,Meng-yang,Mong Yaung,Mong Yawng,Mong Yong,Möng Yaung,Möng Yawng",21.17924,100.35761,P,PPL,MM,,11,MMR016D003,MMR016011,,39102,,569,Asia/Yangon,2025-08-14
1847826,Möng La,Moeng La,"Meng La,Mong La,Möng La",21.67112,100.01267,P,PPL,MM,,11,MMR016D001,MMR016005,,43000,,639,Asia/Yangon,2025-09-09
6611854,Nay Pyi Taw,Nay Pyi Taw,"Kyatpyay,Kyetpyay,NYT,Naipidau,Najp'ido,Nay Pyi Taw,Naypyidaw,Naypyitaw,Ne Pyi Daw,Nejp'ido,Nejpjido,Nepjido,Pyinmana,naepido,nepido,Найп’їдо,Нейпьидо,Нејпјидо,내피도,네피도",19.745,96.12972,P,PPLC,MM,,18,MMR018D002,MMR018002,,925000,,122,Asia/Yangon,2025-05-08
8740157,Hlaingthaya,Hlaingthaya,"Hlaing Thar Yar,Hlaing Tharyar,လငသာယာ မြနယ,လှိုင်သာယာ မြို့နယ်",16.85,96.06667,P,PPL,MM,,17,MMR013D001,MMR013008,,687867,,5,Asia/Yangon,2026-01-03
10793787,Danai,Danai,Tanai,26.35926,96.71997,P,PPL,MM,,04,MMR001D001,MMR001004,,31998,,211,Asia/Yangon,2025-09-11
11778166,Payathonzu,Payathonzu,,15.31771,98.38836,P,PPL,MM,,05,MMR003D003,MMR003007,,27311,,279,Asia/Yangon,2025-09-11
13494766,Laukkai,Laukkai,,23.69611,98.76214,P,PPLA2,MM,,11,MMR015D005,MMR015022,,23435,1000,952,Asia/Yangon,2025-08-06
13546340,Pauk Kone,Pauk Kone,Pauk Kone Ward,16.94566,96.14569,P,PPLX,MM,,17,MMR013D001,MMR013002,,29829,,2,Asia/Yangon,2025-12-08
13546371,Min Ga Lar Don Zay,Min Ga Lar Don Zay,Min Ga Lar Don Zay Ward,16.92316,96.11643,P,PPLX,MM,,17,MMR013D001,MMR013002,,23588,,7,Asia/Yangon,2025-12-09
13546372,Pyan Lel Nay Yar Cha Htar Ye,Pyan Lel Nay Yar Cha Htar Ye,Pyan Lel Nay Yar Cha Htar Ye Ward,16.97189,96.1274,P,PPLX,MM,,17,MMR013D001,MMR013002,,26250,,19,Asia/Yangon,2025-12-09
13546398,Kan Nar Middle,Kan Nar Middle,Kan Nar Middle Ward,16.88052,96.09703,P,PPLX,MM,,17,MMR013D001,MMR013001,,15390,,5,Asia/Yangon,2025-12-10
13546403,Myo Thit Ka,Myo Thit Ka,"Myo Thit Ka Ward,Myo Thit Kha,Myo Thit Kha Ward",16.87373,96.09702,P,PPLX,MM,,17,MMR013D001,MMR013001,,18491,,5,Asia/Yangon,2025-12-10
13546404,Kyo Kone East,Kyo Kone East,"Gyogon East,Gyogon East Ward,Kyo Kone East Ward",16.88578,96.11463,P,PPLX,MM,,17,MMR013D001,MMR013001,,16270,,6,Asia/Yangon,2025-12-10
13546405,Saw Bwar Gyi Kone,Saw Bwar Gyi Kone,Saw Bwar Gyi Kone Ward,16.88644,96.12818,P,PPLX,MM,,17,MMR013D001,MMR013001,,20811,,11,Asia/Yangon,2025-12-10
13546407,Taung Thu Kone,Taung Thu Kone,Taung Thu Kone Ward,16.89815,96.11018,P,PPLX,MM,,17,MMR013D001,MMR013001,,19350,,7,Asia/Yangon,2025-12-10
13546408,Ywar Ma East,Ywar Ma East,"Ywa Ma East,Ywa Ma East Ward,Ywama East Ward,Ywar Ma East Ward",16.8993,96.10319,P,PPLX,MM,,17,MMR013D001,MMR013001,,16376,,6,Asia/Yangon,2025-12-10
13546410,Aung San,Aung San,Aung San Ward,16.92153,96.09715,P,PPLX,MM,,17,MMR013D001,MMR013001,,18555,,7,Asia/Yangon,2025-12-10
13546411,Da Nyin Kone,Da Nyin Kone,"Da Nyin Gone,Da Nyin Gone Ward,Da Nyin Kone Ward,Ta Nyin Kone,Ta Nyin Kone Ward",16.93342,96.0931,P,PPLX,MM,,17,MMR013D001,MMR013001,,22688,,5,Asia/Yangon,2025-12-10
13589382,Sangyoung,Sangyoung,Sanchaung,16.80607,96.13355,P,PPL,MM,,17,MMR013D004,MMR013039,,89618,,10,Asia/Yangon,2026-02-21
13589383,Mingala Tangnyunt,Mingala Tangnyunt,,16.78855,96.17234,P,PPL,MM,,17,MMR013D002,MMR013022,,132494,,7,Asia/Yangon,2026-02-21
1679360,Zumarraga,Zumarraga,Zumarraga,11.6388,124.8417,P,PPLA3,PH,,08,55,086023000,,16279,,6,Asia/Manila,2024-08-25
1679397,Zaragoza,Zaragoza,"Zaragosa,Zaragoza",15.44903,120.79627,P,PPL,PH,,03,47,034932000,,53090,,24,Asia/Manila,2024-08-29
1679432,Zamboanga,Zamboanga,"Burleigh School,Ciudad ti Zamboanga,Dakbayan sa Zamboanga,Lungsod ng Zamboanga,Syudad han Zamboanga,ZAM,Zamboanga,Zamboanga City,Zamboanga Lakanbalen,samboang-ga,san bao yan,sanboanga,Замбоанга,サンボアンガ,三宝颜,삼보앙가",6.91028,122.07389,P,PPLA2,PH,,09,66,097332000,,1018849,,9,Asia/Manila,2025-09-24
1679678,Wao,Wao,,7.68333,124.66667,P,PPLA3,PH,,14,35,153630000,,17845,,1246,Asia/Manila,2017-12-13
1679802,Virac,Virac,"VRC,Virac,Virak,wyrak  katandwanys,Вирак,ویراک، کاتاندوانیس",13.5848,124.2374,P,PPLA3,PH,,05,19,052011000,,75135,,7,Asia/Manila,2025-09-27
1679811,Vinzons,Vinzons,"Indan,Vinzons",14.1737,122.9066,P,PPLA3,PH,,05,15,051612000,,45173,,5,Asia/Manila,2025-09-27
1679845,Villasis,Villasis,Villasis,15.90167,120.58833,P,PPLA3,PH,,01,51,015547000,,65086,,30,Asia/Manila,2025-09-29
1679980,Vigan,Vigan,"Cidade Historica de Vigan,Cidade Histórica de Vigan,Ciudad Fernandina,Dakbayan sa Vigan,Kota Vigan,Lungsod ng Vigan,Siyudad na Vigan,VGN,Vigan,Vigan City,Vigan Lakanbalen,Vigan shaary,Vinkan,bhigana,bigan,mei an,vigani,wi kan,wygan,Βιγκάν,Виган,Виган шаары,ויגאן,ویگان,भिगन,വിഗൻ,วีกัน,ვიგანი,ビガン,美岸,비간",17.57472,120.38694,P,PPLA3,PH,,01,29,012934000,,48545,,19,Asia/Manila,2017-12-13
1680007,Victorias,Victorias,"Dakbayan sa Victorias,Syudad han Victorias,Victorias,Victorias City",10.90154,123.0705,P,PPLA3,PH,,06,H3,064531000,,86510,,12,Asia/Manila,2017-12-27
1680018,Victoria,Victoria,"Nanhaya,Victoria,Viktorija,Виктория",14.2277,121.3292,P,PPLA3,PH,,40,33,043430000,,24456,,14,Asia/Manila,2017-12-13
1680019,Victoria,Victoria,,13.17722,121.27806,P,PPLA3,PH,,41,41,175215000,,52215,,18,Asia/Manila,2025-09-27
1680040,Veruela,Veruela,Veruela,8.0731,125.9558,P,PPL,PH,,13,03,160313000,,18114,,31,Asia/Manila,2017-12-13
1680102,Valenzuela,Valenzuela,Valenzuela,14.7,120.9667,P,PPLA3,PH,,NCR,137500000,137504000,,725173,,12,Asia/Manila,2025-09-25
1680116,NIA Valencia,NIA Valencia,"Dakbayan sa Valencia,Kota Valencia,Lungsod ng Valencia,Valencia,Valencia City,Valencia Lakanbalen,Valensija,ba lun xi ya cheng,ballensia,Валенсия,巴伦西亚城,발렌시아",7.90639,125.09417,P,PPL,PH,,10,12,101321000,,223620,,310,Asia/Manila,2025-11-02
1680197,Urdaneta,Urdaneta,"Kota Urdaneta,Urdaneta Lakanbalen,Urdaneta de Pangasinan,Urdaneta de Pangasinán",15.97611,120.57111,P,PPLA3,PH,,01,51,015546000,,145935,,32,Asia/Manila,2025-09-25
1680505,Ualog,Ualog,Ualog,10.57396,123.3933,P,PPL,PH,,06,H3,064524000,,60548,,114,Asia/Manila,2017-12-13
1680613,Tupi,Tupi,Tupi,6.33444,124.95278,P,PPLA3,PH,,12,70,126317000,,78599,,317,Asia/Manila,2025-09-27
1680704,Tunasan,Tunasan,Tunasancillo,14.37917,121.0525,P,PPL,PH,,40,53,,,61374,,11,Asia/Manila,2023-03-08
1680932,Tuguegarao,Tuguegarao,"Lungsod ng Tuguegarao,TUG,Tugegarao,Tuguegarao,Tuguegarao City,Tuguegaro,Tүgegarao,tjygaraw,touguegarao,tugu'egara'o,tugugeraʾo,tuguyegara'o,twggaraw,twjyjaraw,twjyګaraw,Тугегарао,Түгегарао,تجیگاراؤ,توجيجاراو,توجیګاراو,توگگاراو,तुगुएगराओ,তুগুয়েগারাও,ਤੁਗੁਏਗਰਾਓ,ቱጉገራዖ,トゥグエガラオ",17.61577,121.72285,P,PPLA,PH,,02,14,021529000,,167297,,28,Asia/Manila,2026-04-14
1681149,Tubod,Tubod,"Tubod,Tubud,twbd  lanayw dl nwrth,twbwd  lanaw shmaly,توبد، لانائو دل نورته,توبود، لاناؤ شمالی",8.0555,123.7904,P,PPLA2,PH,,10,34,103522000,,50395,,11,Asia/Manila,2025-09-24
1681333,Trento,Trento,Trento,8.04583,126.06361,P,PPLA3,PH,,13,03,160312000,,15916,,38,Asia/Manila,2017-12-13
1681602,Toledo,Toledo,"Ciudad ti Toledo,Dakbayan sa Talisay,Dakbayan sa Toledo,Lungsod ng Toledo,Toledo,Toledo City,Толедо",10.3773,123.6386,P,PPL,PH,,07,21,072251000,,206692,,2,Asia/Manila,2025-11-02
1681676,Tiwi,Tiwi,Tiwi,13.4585,123.6805,P,PPLA3,PH,,05,05,050518000,,16826,,7,Asia/Manila,2017-12-13
1681766,Tinongan,Tinongan,"Tinongan,Tinungan",10.215,123.03528,P,PPL,PH,,06,H3,064514000,,62146,,33,Asia/Manila,2018-12-12
1682472,Ternate,Ternate,Ternate,14.2897,120.7168,P,PPLA3,PH,,40,20,042121000,,20049,,9,Asia/Manila,2017-12-13
1682478,Teresa,Teresa,"Teresa,Tereza,Тереза",14.5612,121.2195,P,PPLA3,PH,,40,53,045814000,,34716,,46,Asia/Manila,2017-12-13
1682537,Telabastagan,Telabastagan,Telabastagan,15.11854,120.60773,P,PPL,PH,,03,50,035416000,,25935,,73,Asia/Manila,2017-12-13
1682598,Taytay,Taytay,Taytay,14.55883,121.13285,P,PPLA3,PH,,40,53,045813000,,231460,,9,Asia/Manila,2017-12-13
1682659,Tayabas,Tayabas,"City of Tayabas,Lungsod ng Tayabas,Tayabas",14.0259,121.5929,P,PPL,PH,,40,H2,045647000,,115318,,194,Asia/Manila,2025-11-02
1682812,Tarlac City,Tarlac City,"Tarlac,Tarlac City",15.48017,120.59794,P,PPLA2,PH,,03,63,036916000,,401892,,44,Asia/Manila,2025-09-25
1683013,Tanza,Tanza,"Tanza,tanza,タンザ",14.6753,120.9389,P,PPL,PH,,NCR,137500000,137503000,,105510,,7,Asia/Manila,2017-12-13
1683088,Tanjay,Tanjay,"Dakbayan sa Tanjay,Lungsod ng Tanjay,Tanjay,Tanjay City",9.5162,123.158,P,PPL,PH,,07,46,074621000,,84593,,10,Asia/Manila,2025-11-02
1683116,Tangub,Tangub,"Tangob,Tangub,Tangub City",8.0618,123.7477,P,PPL,PH,,10,42,104215000,,29721,,11,Asia/Manila,2017-12-13
1683302,Tandag,Tandag,"Dakbayan sa Tandag,Kota Tandag,Lungsod ng Tandag,TDG,Tandag,Tandag City,Tandag Lakanbalen,tandag,تانداگ",9.07833,126.19861,P,PPLA2,PH,,13,62,166819000,,29011,,8,Asia/Manila,2017-12-13
1683319,Tanay,Tanay,Tanay,14.4968,121.2846,P,PPLA3,PH,,40,53,045812000,,59950,,11,Asia/Manila,2017-12-13
1683340,Tanauan,Tanauan,"Kota Tanauan,Tanauan City,Tanauan Lakanbalen",14.08627,121.14975,P,PPLA3,PH,,40,09,041031000,,68456,,155,Asia/Manila,2017-12-13
1683342,Tanauan,Tanauan,Tanauan,11.10944,125.01556,P,PPLA3,PH,,08,37,083748000,,16567,,5,Asia/Manila,2017-12-13
1683800,Taloc,Taloc,"Taloc,Taluc",10.5746,122.8954,P,PPL,PH,,06,H3,064502000,,20409,,8,Asia/Manila,2017-12-13
1683818,Talitay,Talitay,"Talita,Talitay",7.03333,124.7,P,PPL,PH,,14,MGN,,,19750,,17,Asia/Manila,2025-09-07
1683860,Talisay,Talisay,Talisay,14.0925,121.02194,P,PPLA3,PH,,40,09,041030000,,24969,,17,Asia/Manila,2017-12-13
1683877,Talisay,Talisay,"Dakbanwa sang Talisay,Dakbayan sa Talisay,Lungsod ng Talisay,Talisai,Talisaj,Talisay,Talisei,Talisej,Taliseja,Talisejus,Talisėjus,Talìsai,Talísay,ta li sa yi,ta li sai,talice,talisai,talisaya,talise,tallisai,talysay,tarisai,tha li sey,Ταλισέι,Талисай,Талисей,Талісей,تاليساي,تالیسای,टाळीसे,तालिसय,টালিসে,ટાલીસે,தாலிசெ,తాలిసై,ಟಾಲಿಸೇ,ටලිසේ,ทาลิเซย์,タリサイ,塔利賽,塔里萨伊,탈리사이",10.7375,122.9666,P,PPL,PH,,06,H3,064528000,,109204,,9,Asia/Manila,2025-11-03
1683881,Talisay,Talisay,"Ciudad ti Talisay,Talisay,Talisay City,tarisai,タリサイ",10.24472,123.84944,P,PPLA3,PH,,07,21,072250000,,133148,,4,Asia/Manila,2017-12-13
1683906,Talipapa,Talipapa,Talipapa,14.6857,121.0269,P,PPL,PH,,NCR,137400000,137404000,,39244,,36,Asia/Manila,2025-10-07
1684016,Talavera,Talavera,"Municipality of Talavera,Talavera,Талавера",15.5883,120.9192,P,PPLA3,PH,,03,47,034930000,,64610,,46,Asia/Manila,2022-09-14
1684137,Talacogon,Talacogon,,8.45611,125.78417,P,PPLA3,PH,,13,03,160311000,,15581,,20,Asia/Manila,2017-12-13
1684269,Magugpo Poblacion,Magugpo Poblacion,"Magugpo,Magugpo Poblacion,Tagum,Tagum City,Taguma,Tagumas,Tankoum,Tàgum,Tágum,ta gu mu,tagam,tagama,tagum,taguma,tagumu,tagwm,tajwm,takum,thaka m,tyagam,Τάγκουμ,Тагум,تاجوم,تاگوم,तागम,तागुम,টাগুম,ટાગમ,டாகும்,తాగం,ಟ್ಯಾಗಮ್,ටගුම්,ทากัม,タグム,塔古姆,타굼",7.4475,125.8046,P,PPL,PH,,11,I7,112319000,,233254,,24,Asia/Manila,2018-06-08
1684308,Taguig,Taguig,"City of Taguig,Santa Ana,Tagig,Taguig,Тагиг",14.5243,121.0792,P,PPLA3,PH,,NCR,137600000,137607000,,1308085,,5,Asia/Manila,2025-09-25
1684320,Tagudin,Tagudin,Tagudin,16.9355,120.4442,P,PPLA3,PH,,01,29,012933000,,35791,,10,Asia/Manila,2017-12-13
1684379,Tagoloan,Tagoloan,Tagoloan,8.53954,124.75411,P,PPLA3,PH,,10,43,104324000,,30390,,15,Asia/Manila,2017-12-13
1684491,Tagbina,Tagbina,Tagbina,8.45194,126.17139,P,PPLA3,PH,,13,62,166817000,,41157,,57,Asia/Manila,2025-09-27
1684497,Tagbilaran City,Tagbilaran City,"City of Tagbilaran,Dakbayan sa Tagbilaran,Syudad han Tagbilaran,TAG,Tagbilaran,Tagbilaran City,Тагбиларан",9.65556,123.85219,P,PPLA2,PH,,07,11,071242000,,86411,,10,Asia/Manila,2018-11-27
1684553,Tagaytay,Tagaytay,"Lungsod ng Tagaytay,Tagaitai,Tagaitaium,Tagaitài,Tagajtaj,Tagajtaja,Tagajtajo,Tagajtajus,Tagaytay,Tagaytay City,Tagaïtaï,Tankeitai,da ya tai,ta gai tai,ta ki ti,tagaitai,tagateya,tagayte,tagetai,tagote,tajaytay,takaite,tegayate,Τάγκεϊταϊ,Тагайтай,טאַגײַטײַ,تاجايتاى,تاجایتے,टागाटेय,तागेतै,তেগায়তে,ટાગાટેય,டகைடே,తగోతే,ತಗಾಯ್ಟೆ,ක්රිසිඋමා,ตาไกไต,ტაგაიტაი,タガイタイ,塔盖泰,塔蓋泰,大雅臺,타가이타이",14.09532,120.93355,P,PPL,PH,,40,20,042119000,,87811,,663,Asia/Manila,2025-11-02
1684577,Tagas,Tagas,Tagas,13.16667,123.71667,P,PPL,PH,,05,05,050503000,,15292,,55,Asia/Manila,2017-12-13
1684681,Tacurong,Tacurong,"Kota Tacurong,Tacorong,Tacurong,Tacurong City,Tacurong Lakanbalen,Takrong,Takurong",6.6925,124.67639,P,PPLA3,PH,,12,71,126511000,,116945,,48,Asia/Manila,2025-09-25
1684712,Tacloban,Tacloban,"Bandaraya Tacloban,Ciudad ti Tacloban,Dakbayan sa Tacloban,Dakuban,Dayeuh Tacloban,Kota Tacloban,Lungsod ng Tacloban,Syudad han Tacloban,Syudad nin Tacloban,TAC,Taclaban,Tacloban,Tacloban City,Tacloban Lakanbalen,Takloban,Taklobana,Taklobanas,Taklompan,Taklopan,Tocloban,Urbs Taclobana,du lu wan shi,tak lo ban,takeulloban,taklwban,takuroban,teklobena,tqlwbn,Τακλομπάν,Таклобан,Таклопан,טאקלאבאן,טקלובן,تاكلوبان,تاکلوبان,ટેક્લોબેન,ตักโลบัน,ታክሎባን,タクロバン,独鲁万市,타클로반",11.24333,125.00472,P,PPLA2,PH,,08,37,083747000,,259353,,7,Asia/Manila,2025-09-24
1684803,Tabuk,Tabuk,"Kota Tabuk,Lungsod ng Tabuk,Siudad ti Tabuk,Tabuk,Tabuk City,tabukeu,tbwk  flpayn,تبوک، فلپائن,타부크",17.47378,121.46799,P,PPL,PH,,15,32,143213000,,122771,,141,Asia/Manila,2025-11-03
1685117,Tabaco,Tabaco,"Kota Tabaco,Syudad nin Tabaco,Tabaco City,Tabaco Lakanbalen,Tobaco,tabako,tabako shi,タバコ市,타바코",13.35861,123.73361,P,PPLA3,PH,,05,05,050517000,,57860,,4,Asia/Manila,2020-11-01
1685146,Taal,Taal,"Taal,Таал",13.87992,120.92311,P,PPLA3,PH,,40,09,041029000,,39745,,42,Asia/Manila,2017-12-13
1685218,Surigao,Surigao,"Ciudad ti Surigao,Dakbayan sa Surigao,Lungsod ng Surigao,SUG,Serigao Siti,Surigao,Surigao City,Surigao Lakanbalen,su li gao,suligao,surigao,Серигао Сити,スリガオ,苏里高,수리가오",9.789,125.495,P,PPLA2,PH,,13,61,166724000,,87832,,10,Asia/Manila,2020-11-01
1685230,Surallah,Surallah,"AAV,Surala,Surallah",6.37527,124.74521,P,PPLA3,PH,,12,70,126313000,,91412,,195,Asia/Manila,2025-09-25
1685349,Sumag,Sumag,Sum-Ag,10.60139,122.91924,P,PPL,PH,,06,H3,064501000,,18752,,6,Asia/Manila,2018-12-12
1685373,Sultan sa Barongis,Sultan sa Barongis,"Lambayong,Sultan sa Barongis",6.8,124.63667,P,PPL,PH,,14,56,,,39182,,29,Asia/Manila,2026-02-17
1685378,Sultan Kudarat,Sultan Kudarat,"Nuling,Sultan Kudarat,Sultan-Kudarat,Sultán Kudarat,sltan qdrt  magwyndanaw,Султан-Кударат,سلطان قدرت، ماگوئنداناؤ",7.22889,124.25778,P,PPLA3,PH,,14,MGN,153812000,,124965,,7,Asia/Manila,2025-09-25
1685577,Subic,Subic,Subic,14.8787,120.23194,P,PPLA3,PH,,03,64,037114000,,67664,,10,Asia/Manila,2019-08-28
1685622,Suay,Suay,Suay,10.0533,122.8423,P,PPL,PH,,06,H3,064510000,,19672,,11,Asia/Manila,2017-12-13
1685755,Sorsogon,Sorsogon,,12.97389,123.99333,P,PPLA3,PH,,05,58,056216000,,187670,,13,Asia/Manila,2025-09-25
1685875,Solano,Solano,"Solano,Солано",16.51918,121.18124,P,PPLA3,PH,,02,48,025013000,,36222,,264,Asia/Manila,2017-12-13
1685880,Solana,Solana,"Solana,Solano",17.6528,121.691,P,PPLA3,PH,,02,14,021527000,,71475,,28,Asia/Manila,2017-12-13
1686004,Sitangkai,Sitangkai,"Si Tangkay,Sitangkai,Sitankai,Venice of the Philippines",4.66115,119.39647,P,PPL,PH,,14,72,157005000,,17200,,1,Asia/Manila,2017-12-13
1686102,Sipalay,Sipalay,,9.75194,122.40417,P,PPLA3,PH,,06,H3,064527000,,73847,,10,Asia/Manila,2025-09-27
1686123,Siocon,Siocon,"Siacon,Sicogon,Siocin,Siocon,Siokon,Siokun,XSO",7.70611,122.13528,P,PPLA3,PH,,09,65,097219000,,51239,,8,Asia/Manila,2025-09-29
1686547,Silang,Silang,,14.21567,120.97137,P,PPLA3,PH,,40,20,042118000,,119475,,332,Asia/Manila,2017-12-13
1686728,Sibulan,Sibulan,"Bayan ng Sibulan,Lungsod sa Sibulan,Sibulan",9.3584,123.285,P,PPL,PH,,07,46,074620000,,28079,,10,Asia/Manila,2022-02-15
1686777,Sibonga,Sibonga,Sibonga,10.0168,123.6171,P,PPLA3,PH,,07,21,072246000,,54610,,11,Asia/Manila,2025-09-29
1686933,Sasmuan,Sasmuan,"Sasmoan,Sasmuan,Sexmoan,Sexmoán",14.9438,120.6229,P,PPLA3,PH,,03,50,035422000,,21124,,5,Asia/Manila,2025-06-27
1687029,Lake Sebu,Lake Sebu,Sebu,6.22482,124.71042,P,PPL,PH,,12,70,126319000,,21767,,727,Asia/Manila,2019-07-12
1687164,Sariaya,Sariaya,Sariaya,13.9624,121.5265,P,PPL,PH,,40,H2,045645000,,44977,,197,Asia/Manila,2017-12-13
1687409,San Vicente,San Vicente,"Caluis,Cobra,San Vicente",15.2921,120.65498,P,PPL,PH,,03,63,036905000,,16116,,43,Asia/Manila,2017-12-13
1687534,Santo Tomas,Santo Tomas,"Santa Tomas,Santo Tomas,Santo-Tomas,Санто-Томас",14.1079,121.14136,P,PPLA3,PH,,40,09,041028000,,57438,,145,Asia/Manila,2020-02-25
1687687,Santol,Santol,,15.16222,120.5675,P,PPL,PH,,03,50,035401000,,298976,,126,Asia/Manila,2017-12-13
1687801,Santiago,Santiago,,16.68808,121.5487,P,PPLA3,PH,,02,31,023135000,,108414,78,86,Asia/Manila,2017-12-13
1687894,Santa Rosa,Santa Rosa,"Kota Santa Rosa,Santa Rosa City,Santa Rosa Lakanbalen,Santa-Rosa,Санта-Роса",14.31222,121.11139,P,PPLA3,PH,,40,33,043428000,,216650,,13,Asia/Manila,2017-12-13
1688017,Santa Maria,Santa Maria,Santa Maria,16.9518,120.4445,P,PPL,PH,,01,29,012933000,,28002,,9,Asia/Manila,2017-12-13
1688058,Santa Maria,Santa Maria,"Basiauan,Basiawan,Santa Maria",6.55361,125.47083,P,PPL,PH,,11,P3,118604000,,16758,,19,Asia/Manila,2017-12-13
1688216,Santa Cruz,Santa Cruz,"sheng ke lu si qu,聖克魯斯區",14.6,120.98333,P,PPLX,PH,,NCR,133900000,133903000,,126735,,15,Asia/Manila,2022-08-09
1688232,Santa Cruz,Santa Cruz,"Sant Cruz,Santa Cruz,Santa-Krus,Санта-Крус",15.7654,119.9092,P,PPL,PH,,03,64,037113000,,66647,,9,Asia/Manila,2025-11-03
1688248,Santa Cruz,Santa Cruz,Santa Cruz,14.9127,120.56659,P,PPL,PH,,03,50,035408000,,15408,,8,Asia/Manila,2017-12-13
1688253,Santa Cruz,Santa Cruz,"Santa Cruz,santa krwz  lagwna,سانتا کروز، لاگونا",14.2814,121.4161,P,PPLA3,PH,,40,33,043426000,,108145,,9,Asia/Manila,2017-12-13
1688363,Santa Catalina,Santa Catalina,"Bayan ng Santa Catalina,Lungsod sa Santa Catalina,Santa Catalina",9.3337,122.8637,P,PPL,PH,,07,46,074618000,,26457,,14,Asia/Manila,2022-02-15
1688372,Santa Barbara,Santa Barbara,Santa Barbara,16.0009,120.4023,P,PPLA3,PH,,01,51,015538000,,15445,,12,Asia/Manila,2017-12-13
1688398,Santa Ana,Santa Ana,"San Joaquin,Santa Ana,Santa-Ana,Санта-Ана",15.0955,120.767,P,PPLA3,PH,,03,50,035419000,,47158,,13,Asia/Manila,2017-12-13
1688425,San Simon,San Simon,San Simon,14.9996,120.7808,P,PPLA3,PH,,03,50,035418000,,29049,,11,Asia/Manila,2017-12-13
1688749,San Pedro,San Pedro,San Pedro,14.3595,121.0473,P,PPLA3,PH,,40,33,043425000,,348968,,17,Asia/Manila,2025-09-25
1688795,San Pascual,San Pascual,San Pascual,13.81045,121.022,P,PPLA3,PH,,40,09,041026000,,39395,,81,Asia/Manila,2017-12-13
1688830,San Pablo,San Pablo,"San Pablas,San Pablo,San Pablo City,San Pamplo,San-Pablo,Sanpablo,can  paplo,saina pablo,san bablw,san pa bol,san pablo,sana pablu,sangpaullo,sena pablo,sheng ba bo luo,sn pablw,syan pablo,Σαν Πάμπλο,Сан-Пабло,سان بابلو,سن پابلو,सॅन पाब्लो,सैन पाब्लो,সান পাব্লু,સેન પબ્લો,சான்  பப்லோ,సాన్ పాబ్లో,ಸ್ಯಾನ್ ಪಾಬ್ಲೊ,සැන් පැබ්ලෝ,ซานปาโบล,サン・パブロ,圣巴勃罗,聖巴勃羅,상파울로",14.0683,121.3256,P,PPL,PH,,40,33,043424000,,300166,,115,Asia/Manila,2025-11-02
1688859,San Nicolas,San Nicolas,"San Nicolas,San Nicolas de Ilocos,San Nicolás de Ilocos",18.1725,120.5953,P,PPLA3,PH,,01,28,012820000,,34237,,14,Asia/Manila,2017-12-13
1688912,San Narciso,San Narciso,"San Narcisco,San Narciso",15.0143,120.0803,P,PPLA3,PH,,03,64,037112000,,32180,,16,Asia/Manila,2025-09-29
1688949,San Miguel,San Miguel,San Miguel,15.44397,120.59923,P,PPL,PH,,03,63,036916000,,18582,,56,Asia/Manila,2017-12-13
1688954,San Miguel,San Miguel,"San Miguel,San Muigel Mayumo",15.1423,120.97568,P,PPL,PH,,03,13,031421000,,65661,,24,Asia/Manila,2017-12-13
1689052,San Mateo,San Mateo,San Mateo,16.88206,121.58694,P,PPLA3,PH,,02,31,023132000,,16233,,82,Asia/Manila,2017-12-13
1689056,San Mateo,San Mateo,San Mateo,14.6982,121.1236,P,PPLA3,PH,,40,53,045811000,,134327,,21,Asia/Manila,2017-12-13
1689087,San Mariano,San Mariano,,7.5,126,P,PPLA3,PH,,11,I6,118209000,,18668,,224,Asia/Manila,2017-12-13
1689099,San Marcelino,San Marcelino,"Ili ti San Marcelino,San Marcelino",14.97418,120.15733,P,PPL,PH,,03,64,037111000,,18721,,45,Asia/Manila,2022-02-15
1689129,San Luis,San Luis,San Luis,15.0401,120.7883,P,PPLA3,PH,,03,50,035417000,,33467,,13,Asia/Manila,2017-12-13
1689171,San Leonardo,San Leonardo,San Leonardo,15.363,120.9639,P,PPLA3,PH,,03,47,034927000,,69180,,32,Asia/Manila,2025-09-26
1689286,San Juan,San Juan,"San Juan,San Juan City,San Juan del Monte",14.6,121.0333,P,PPLA3,PH,,NCR,137400000,137405000,,134312,,20,Asia/Manila,2025-09-25
1689395,San Jose del Monte,San Jose del Monte,"Kota San Jose del Monte,Lungsod ng San Jose del Monte,San Jose Del Monte,San Jose del Monte,San Jose del Monte City,San Jose del Monte Lakanbalen,San José Del Monte,San José del Monte,San-Joseo de la Monto,San-Khose-del'-Monte,sanhosedelmonte,Сан-Хосе-дель-Монте,산호세델몬테",14.81389,121.04528,P,PPLA3,PH,,03,13,031420000,,357828,,56,Asia/Manila,2021-08-01
1689498,San Jose,San Jose,"Barangay Oco,Macaagnay,San Jose",13.35,123.55,P,PPL,PH,,05,05,050514000,,35768,,199,Asia/Manila,2022-02-15
1689510,San Jose,San Jose,"Pandurucan,SJI,San Jose",12.35275,121.06761,P,PPL,PH,,41,40,175110000,,143495,,9,Asia/Manila,2025-11-02
1689549,San Jose,San Jose,San Jose,10.18,125.56833,P,PPLA2,PH,,13,I9,168504000,,26735,,3,Asia/Manila,2025-09-24
1689832,San Ildefonso,San Ildefonso,San Ildefonso,15.0809,120.941,P,PPLA3,PH,,03,13,031419000,,65669,,22,Asia/Manila,2017-12-13
1689973,San Francisco,San Francisco,"Caysyan,San Francisco",15.35566,120.84001,P,PPL,PH,,03,47,034924000,,19570,,21,Asia/Manila,2017-12-13
1689994,Aurora,Aurora,"Aurora,San Francisco",13.3476,122.5195,P,PPL,PH,,40,H2,045642000,,16178,,7,Asia/Manila,2017-12-13
1690019,San Francisco,San Francisco,San Francisco,8.53556,125.95,P,PPLA3,PH,,13,03,160308000,,79718,,39,Asia/Manila,2025-09-26
1690033,San Fernando,San Fernando,"Dakbayan sa San Fernando,Kota San Fernando,Lungsod ng San Fernando,SFE,San Fernandas,San Fernando,San Fernando City,San Fernando Lakanbalen,San-Fernando,Siyudad na San Fernando,sanferunando,sanpeleunando,sheng fei er nan duo,Сан-Фернандо,سان فرنانڈو، لا یونین,サンフェルナンド,圣费尔南多,산페르난도",16.61591,120.31663,P,PPLA2,PH,,01,36,013314000,,83003,,9,Asia/Manila,2017-12-13
1690039,San Fernando,San Fernando,"Dakbayan sa San Fernando,Kota San Fernando,Lungsod ng San Fernando,San Fernando,San Fernando City,San Fernando Lakanbalen,San-Fernando,Santo Rosario,Siyudad na San Fernando,Urbs Sancti Ferdinandi,saina pharanando,saina pharnando,san frnandw,sana pharnando,sanferunando,sani ፈrinanido,sanpeleunando,sheng fei er nan duo,Сан Фернандо,Сан-Фернандо,سان فرناندو,سان فرنانڈو، پامپانگا,सैन फर्नांडो,সান ফার্নান্দো,ਸੈਨ ਫਰਨਾਂਡੋ,ሳን ፈርናንዶ,サンフェルナンド,圣费尔南多,산페르난도",15.03425,120.68445,P,PPLA,PH,,03,50,035416000,,251248,,10,Asia/Manila,2026-04-14
1690060,San Fernando,San Fernando,San Fernando,10.1624,123.7076,P,PPLA3,PH,,07,21,072241000,,23706,,20,Asia/Manila,2017-12-13
1690194,Sanchez-Mira,Sanchez-Mira,Sanchez-Mira,18.56163,121.23189,P,PPL,PH,,02,14,021522000,,26292,,9,Asia/Manila,2025-11-03
1690313,San Antonio,San Antonio,San Antonio,15.3062,120.856,P,PPLA3,PH,,03,47,034924000,,26247,,22,Asia/Manila,2017-12-13
1690321,San Antonio,San Antonio,San Antonio,14.94659,120.08673,P,PPLA3,PH,,03,64,037109000,,38617,,16,Asia/Manila,2025-09-26
1690570,Sampaloc,Sampaloc,"Sampaloc,Sampalok",14.5402,121.3602,P,PPL,PH,,40,53,045812000,,20157,,390,Asia/Manila,2017-12-13
1690664,Samal,Samal,"Samal,Самал",14.76778,120.54306,P,PPLA3,PH,,03,07,030812000,,40843,,8,Asia/Manila,2025-09-26
1690666,Samal,Samal,"Island Garden City of Samal,Kota Samal,Penaplata,Peñaplata,Pulung Lakanbalen Garden ning Samal,Samal,Sámal,Самал",7.07444,125.70833,P,PPLA3,PH,,11,I7,112317000,,43526,,8,Asia/Manila,2017-12-13
1691150,Sagay,Sagay,"Kota Sagay,Sagay City,Sagay Lakanbalen,سگے، نیگروس وکڈینٹل",10.94472,123.42417,P,PPLA3,PH,,06,H3,064523000,,72153,,6,Asia/Manila,2017-12-13
1691280,Sablayan,Sablayan,Sablayan,12.8346,120.769,P,PPL,PH,,41,40,175109000,,91406,,10,Asia/Manila,2025-11-03
1691441,Roxas,Roxas,Roxas,17.11894,121.62014,P,PPLA3,PH,,02,31,023126000,,16618,,60,Asia/Manila,2017-12-13
1691444,Roxas City,Roxas City,"RXS,Rokhas,Roxas,Roxas City,Рохас",11.58528,122.75111,P,PPLA2,PH,,06,18,061914000,,185236,,6,Asia/Manila,2025-09-24
1691446,Roxas,Roxas,"Barbacan,Del Pilar,New Barbacan,Roxas,rwksas,روکساس",10.3215,119.3451,P,PPLA3,PH,,41,49,175318000,,15242,,7,Asia/Manila,2017-12-13
1691490,Rosario,Rosario,"Lagadlanin,Lagadlarin,Lagadlaun,Rosario",13.6323,121.2207,P,PPL,PH,,40,09,041015000,,128352,,13,Asia/Manila,2024-08-04
1691509,Rosales,Rosales,"Rosales de Pangasinan,Rosales de Pangasinán",15.89444,120.63278,P,PPLA3,PH,,01,51,015531000,,67510,,37,Asia/Manila,2025-09-27
1691538,Romblon,Romblon,"Romblon,Romblón,lombeullon,rwmblwn  rwmblwn,Ромблон,رومبلون، رومبلون,롬블론",12.57513,122.27081,P,PPLA3,PH,,41,54,175910000,,15316,,14,Asia/Manila,2017-12-13
1691606,Rizal,Rizal,"Nazaret,Rizal,Rizel,Ризал",15.7118,121.1061,P,PPLA3,PH,,03,47,034923000,,26201,,91,Asia/Manila,2017-12-13
1691804,Recodo,Recodo,,6.95194,121.96361,P,PPL,PH,,09,66,,,42788,,5,Asia/Manila,2010-08-14
1691904,Ramos,Ramos,"Bani,Ramos",15.6653,120.6406,P,PPLA3,PH,,03,63,036912000,,15066,,26,Asia/Manila,2017-12-13
1691911,Ramon,Ramon,"Ramon,Рамон",16.78416,121.53504,P,PPLA3,PH,,02,31,023124000,,36307,,109,Asia/Manila,2017-12-13
1692184,Quiapo,Quiapo,"Kiyabo,Quiapo,Quiapo District,kui a po qu,奎阿坡區",14.6,120.9833,P,PPLX,PH,,NCR,133900000,133903000,,32236,,15,Asia/Manila,2025-10-04
1692192,Quezon City,Quezon City,"Ciudad Quezon,Keson-Siti,Kezon Siti,Kezonurbo,Lungsod Quezon,Q.C,Quezon,Quezon City,Quezon-Stadt,kui song shi,Кезон Сити,Кесон-Сити,Кесон-Сіті,奎松市",14.6488,121.0509,P,PPLA2,PH,,NCR,137400000,137404000,,3084270,,49,Asia/Manila,2025-09-24
1692199,Quezon,Quezon,"Keson-Siti,Quezon,Кесон-Сити",15.5512,120.8147,P,PPLA3,PH,,03,47,034922000,,18451,,29,Asia/Manila,2017-12-13
1692214,Quezon,Quezon,"Keson,Kiokong,Quezon,Кесон",7.73028,125.09889,P,PPLA3,PH,,10,12,101317000,,114521,,273,Asia/Manila,2025-09-26
1692327,Putatan,Putatan,,14.39861,121.05028,P,PPLX,PH,,NCR,,,,102146,,4,Asia/Manila,2026-05-06
1692489,Pulupandan,Pulupandan,"Palupandan,Puhipandan,Pulupandan",10.51784,122.80259,P,PPLA3,PH,,06,H3,064522000,,27363,,1,Asia/Manila,2024-04-08
1692520,Pulong Santa Cruz,Pulong Santa Cruz,"Pulong Santa Cruz,Pulong Santa Rosa,Santa Cruz",14.27324,121.07643,P,PPL,PH,,40,33,043428000,,126844,,52,Asia/Manila,2025-11-02
1692565,Pulilan,Pulilan,Pulilan,14.90167,120.84917,P,PPLA3,PH,,03,13,031418000,,111384,,16,Asia/Manila,2025-09-25
1692685,Puerto Princesa,Puerto Princesa,"Dakbayan sa Puerto Princesa,Kota Puerto Princesa,Lungsod ng Puerto Princesa,PPS,Puehrto-Prinsesa,Puerta Princesa,Puerto Princesa,Puerto Princesa City,Puerto Princesa Lakanbalen,Puerto Prinsesa,Syudad han Puerto Princesa,Syudad nin Puerto Princesa,bwrtwbrnss,pu lin sai sa gang,pueleutopeulinsesa,pwrtwprnss,pwyrtw prnsysa,Пуерто Принсеса,Пуэрто-Принсеса,بورتوبرنسس,پورتوپرنسس,پویرتو پرنسیسا,プエルト・プリンセサ,普林塞薩港,푸에르토프린세사",9.73917,118.73528,P,PPL,PH,,41,49,175316000,,222673,,20,Asia/Manila,2020-11-01
1692747,Prosperidad,Prosperidad,"Prosperidad,brwsbrydad,peuloseupelidadeu,prwsprydad,prwsprydad  agwsan jnwby,بروسبريداد,پروسپریداد,پروسپریداد، اگوسان جنوبی,پروسپیریڈاڈ,프로스페리다드",8.58,125.89639,P,PPLA2,PH,,13,03,160306000,,90162,,39,Asia/Manila,2025-09-25
1692872,Port Area,Port Area,"Port Area,Port District",14.58945,120.96698,P,PPLX,PH,,NCR,D9,,,72605,,1,Asia/Manila,2023-01-19
1692914,Porac,Porac,"Porac,Porach,Порач",15.0711,120.5423,P,PPLA3,PH,,03,50,035415000,,21660,,73,Asia/Manila,2017-12-13
1693077,Polomolok,Polomolok,"Polomoloc,Polomolok",6.22167,125.06398,P,PPLA3,PH,,12,70,126312000,,63987,,300,Asia/Manila,2017-12-15
1693136,Polangui,Polangui,Polangui,13.2923,123.4855,P,PPLA3,PH,,05,05,050514000,,89176,,28,Asia/Manila,2025-09-25
1693239,Plaridel,Plaridel,"Pandi,Plaridel,Quingua,Quinqua",14.88722,120.85722,P,PPLA3,PH,,03,13,031417000,,120939,,14,Asia/Manila,2025-09-26
1693401,Pio,Pio,Pio,15.04741,120.51891,P,PPL,PH,,03,50,035415000,,24345,,67,Asia/Manila,2017-12-13
1693574,Pinamungahan,Pinamungahan,"Pihamungajan,Pinamangajan,Pinamangayan,Pinamungahan,Pinamungajan,Pinamunganjan",10.2708,123.5839,P,PPL,PH,,07,21,072237000,,23068,,2,Asia/Manila,2017-12-13
1693618,Pinamalayan,Pinamalayan,"Pinamalayan,Pinamalayán,Wawa",13.04603,121.46205,P,PPLA3,PH,,41,41,175209000,,43521,,19,Asia/Manila,2017-12-13
1693778,Pililla,Pililla,Pililla,14.4854,121.3062,P,PPLA3,PH,,40,53,045810000,,30408,,8,Asia/Manila,2017-12-13
1693839,Pilar,Pilar,Pilar,14.66,120.56528,P,PPLA3,PH,,03,07,030811000,,17831,,10,Asia/Manila,2017-12-13
1693870,Pila,Pila,"Pila,Pily,Пилы",14.2325,121.3648,P,PPLA3,PH,,40,33,043422000,,34383,,14,Asia/Manila,2017-12-13
1694075,Peñaranda,Penaranda,"Pen'jaranda,Penaranda,Peñaranda,Пеньяранда",15.35116,121.00393,P,PPLA3,PH,,03,47,034921000,,27465,,41,Asia/Manila,2017-12-13
1694290,Patuto,Patuto,Patuto,14.11667,120.96667,P,PPL,PH,,40,20,042119000,,52883,,549,Asia/Manila,2017-12-13
1694403,Pateros,Pateros,Bayan ng Pateros,14.5391,121.0726,P,PPLA3,PH,,NCR,137600000,137606000,,63840,,4,Asia/Manila,2024-07-28
1694498,Passi,Passi,,11.10778,122.64194,P,PPLA3,PH,,06,30,063035000,,42794,,42,Asia/Manila,2017-12-13
1694611,Pasay,Pasay,Pasay City,14.53748,121.00144,P,PPL,PH,,NCR,137600000,137605000,,416522,,9,Asia/Manila,2017-12-13
1694775,Parang,Parang,,7.37035,124.26973,P,PPLA3,PH,,14,MGN,153811000,,44930,,57,Asia/Manila,2025-04-23
1694781,Paranaque City,Paranaque City,"Paranaque,Paranaque City,Parañaque,Parañaque City",14.48156,121.01749,P,PPLA3,PH,,NCR,137600000,137604000,,703245,,22,Asia/Manila,2025-09-25
1694791,Paraiso,Paraiso,Paraiso,10.8849,123.3627,P,PPL,PH,,06,H3,064523000,,30494,,45,Asia/Manila,2017-12-13
1694826,Papaya,Papaya,"Bayan ng Heneral Tinio,General Tinio,Papaya",15.32016,120.83574,P,PPL,PH,,03,47,034924000,,38640,,17,Asia/Manila,2022-02-16
1694861,Paombong,Paombong,"Paombong,Paonbong",14.83111,120.78917,P,PPLA3,PH,,03,13,031416000,,58453,,7,Asia/Manila,2025-09-26
1694914,Pantubig,Pantubig,"Pantubig,Puting Tubig",14.96806,120.95472,P,PPL,PH,,03,13,031422000,,39285,,24,Asia/Manila,2017-12-13
1695097,Paniqui,Paniqui,"Paniki,Paniqui,Паники",15.6689,120.5806,P,PPLA3,PH,,03,63,036910000,,106190,,25,Asia/Manila,2025-09-26
1695283,Pangil,Pangil,Pangil,14.4033,121.46506,P,PPLA3,PH,,40,33,043421000,,25318,,3,Asia/Manila,2025-09-27
1695462,Pandi,Pandi,"Panda,Pandi,Панда",14.865,120.95722,P,PPLA3,PH,,03,13,031415000,,162725,,41,Asia/Manila,2025-09-26
1695583,Pandacaqui,Pandacaqui,"Pandacaqui,Pandakaki",15.1719,120.65457,P,PPL,PH,,03,50,035413000,,28603,,51,Asia/Manila,2017-12-13
1695743,Panalanoy,Panalanoy,,11.25111,125.00639,P,PPL,PH,,08,37,083747000,,189090,,16,Asia/Manila,2017-12-13
1695804,Panabo,Panabo,"Panabas,Panabo,Panabo City,Panampo,ba na bo,banabw,pa na bo,panabo,panabw,panopa,penabo,Πανάμπο,Панабо,بانابو,پانابو,पानबो,पानाबो,পানাবো,પેનાબો,பனோபா,పానాబో,ಪನಾಬೋ,පැනබෝ,ปานาโบ,パナボ,巴拿波,파나보",7.30806,125.68417,P,PPL,PH,,11,I7,112315000,,211242,,4,Asia/Manila,2025-11-03
1696041,Palo,Palo,"Palo,Polo",11.1575,124.99083,P,PPLA3,PH,,08,37,083739000,,17534,,7,Asia/Manila,2017-12-13
1696165,Palayan City,Palayan City,"Palagian,Palajan,Palajana,Palajanas,Palayan,Palayan City,balayan,pa la ya ngan,pa la yang,palaiyan,palayan,palayana,pallayan,parayan,Παλαγιάν,Палаян,بالايان,پالایان,पलायन,पालयन,পালায়ান,પલાયન,பாளையன்,పలయన్,ಪಲಾಯನ,පලයන්,ปาลายางัน,パラヤン,帕拉扬,팔라얀",15.5415,121.0848,P,PPL,PH,,03,47,034919000,,23742,,73,Asia/Manila,2017-12-13
1696614,Pagbilao,Pagbilao,"Bayan ng Pagbilao,Pagbilao",13.96689,121.69835,P,PPL,PH,,40,H2,045630000,,82132,,7,Asia/Manila,2025-11-03
1696683,Pagaluñgan,Pagalungan,"Pagaluan,Pagalungan,Pagaluñgan",7.14167,124.38056,P,PPL,PH,,14,MGN,153814000,,31052,,4,Asia/Manila,2025-04-23
1696710,Pagadian,Pagadian,"Lungsod ng Pagad,PAG,Pagadian,Pagadian City,bajadyan,pagadi'ana,pagadian,pagadiyana,pagadyan,paګadyan,Пагадиан,باجاديان,پاګادیان,پاگادیان,पागाडियान,পাগাদিয়ান,ਪਾਗਾਡੀਆਨ,ፓgadiyani,ፓጋድያን,パガディアン",7.8257,123.437,P,PPLA,PH,,09,66,097322000,,206483,,40,Asia/Manila,2026-04-14
1696718,Paete,Paete,Paete,14.3647,121.4829,P,PPLA3,PH,,40,33,043418000,,26855,,11,Asia/Manila,2017-12-13
1696814,Pacol,Pacol,,10.45,122.81667,P,PPL,PH,,06,,,,19839,,-9999,Asia/Manila,2013-10-30
1696817,Paco,Paco,Poco,14.588,120.993,P,PPLX,PH,,NCR,133900000,133908000,,79839,,11,Asia/Manila,2024-07-31
1696899,Ozamiz City,Ozamiz City,"Bulakay,Misamis,OZC,Ozamis,Ozamis City,Ozamiz,Ozamiz City,Озамис",8.1481,123.8405,P,PPL,PH,,10,42,104210000,,93082,,10,Asia/Manila,2020-11-01
1697006,Oroquieta,Oroquieta,"Kota Oroquieta,Oroguieta,Oroquieta,Oroquieta City,Oroquieta Lakanbalen,awrwkwyyta,olokieta,orokieta,اوروکوئیتا,オロキエタ,오로키에타",8.4859,123.8048,P,PPLA2,PH,,10,42,104209000,,71373,,6,Asia/Manila,2025-09-25
1697018,Ormoc,Ormoc,"Ciudad ti Ormoc,Dakbayan sa Ormoc,Kota Ormoc,Lungsod ng Ormoc,MacArthur,OMC,Ormco,Ormoc,Ormoc City,Ormoc Lakanbalen,Ormok,Oromoc,Syudad han Ormoc,awrmwk,oleumokeu,orumokku,Ормок,اورموک,オルモック,오르모크",11.00639,124.6075,P,PPLA3,PH,,08,37,083738000,,238545,,11,Asia/Manila,2025-09-25
1697023,Orion,Orion,"Orion,Орион",14.62056,120.58167,P,PPLA3,PH,,03,07,030810000,,63044,,9,Asia/Manila,2025-09-26
1697046,Orani,Orani,Orani,14.8006,120.5371,P,PPLA3,PH,,03,07,030809000,,44877,,9,Asia/Manila,2017-12-13
1697175,Olongapo,Olongapo,"Bandaraya Olongapo,Ciudad ti Olongapo,Dakbayan sa Olongapo,Kota Olongapo,Lungsod ng Olongapo,Olongapo,Olongapo City,Olongapo Lakanbalen,Olóngapo,Siyudad na Olongapo,Siyudad na Olóngapo,Syodad nin Olongapo,ao long a bo,awlwngapw,ollong-gapo,اولونگاپو,奥隆阿波,올롱가포",14.82917,120.28278,P,PPLA3,PH,,03,64,037107000,,221178,,11,Asia/Manila,2017-12-27
1697376,Obando,Obando,Obando,14.7098,120.9362,P,PPLA3,PH,,03,13,031414000,,59929,,6,Asia/Manila,2017-12-13
1697384,Oas,Oas,Oas,13.2593,123.4963,P,PPL,PH,,05,05,050512000,,64890,,33,Asia/Manila,2025-11-02
1697421,Nunungan,Nunungan,Nunungan,7.8236,123.965,P,PPL,PH,,10,34,103515000,,18827,,838,Asia/Manila,2024-07-28
1697486,Noveleta,Noveleta,,14.42922,120.87989,P,PPLA3,PH,,40,20,042116000,,46172,,9,Asia/Manila,2025-09-25
1697491,Novaliches Proper,Novaliches Proper,"Novaliches,Novaliches Proper",14.72259,121.04616,P,PPL,PH,,NCR,137400000,137404000,,16096,,44,Asia/Manila,2025-12-11
1697497,Norzagaray,Norzagaray,"Bayan ng Norzagaray,Norzagaray,Norzugaray",14.9109,121.0493,P,PPL,PH,,03,13,031413000,,140697,,49,Asia/Manila,2025-11-02
1697577,Norala,Norala,,6.5225,124.65917,P,PPLA3,PH,,12,70,126311000,,48499,,103,Asia/Manila,2025-09-27
1697773,New Corella,New Corella,New Corella,7.5866,125.8237,P,PPLA3,PH,,11,I7,112314000,,20574,,24,Asia/Manila,2017-12-13
1697846,Navotas,Navotas,Lungsod ng Navotas,14.66667,120.95,P,PPLA3,PH,,NCR,137500000,137503000,,249463,,5,Asia/Manila,2017-12-15
1698030,Nasugbu,Nasugbu,Nasugbu,14.06694,120.63181,P,PPLA3,PH,,40,09,041019000,,62857,,11,Asia/Manila,2017-12-13
1698103,Narra,Narra,Narra,9.26877,118.4043,P,PPLA3,PH,,41,49,175315000,,28342,,8,Asia/Manila,2017-12-13
1698548,Naic,Naic,,14.31812,120.76609,P,PPLA3,PH,,40,20,042115000,,55195,,15,Asia/Manila,2017-12-13
1698740,Nagcarlan,Nagcarlan,Nagcarlan,14.1364,121.4165,P,PPLA3,PH,,40,33,043417000,,24560,,201,Asia/Manila,2017-12-13
1698829,Naga,Naga,"Ciudad nin Naga,Dakbayan sa Naga,Kota Naga,Lungsod ng Naga,Maogmang Naga,Naga City,Naga Lakanbalen,Nagi,Syudad nin Naga,WNP,naga,naga  kamarynz jnwby,Наги,ناگا، کامارینز جنوبی,ナガ,나가",13.61917,123.18139,P,PPL,PH,,05,16,051724000,,174931,,4,Asia/Manila,2020-10-27
1698839,Naga,Naga,"City of Naga,Kota Naga,Lungsod ng Naga,Naga,Naga City,naga  sybw,ناگا، سیبو",10.20898,123.758,P,PPLA3,PH,,07,21,072234000,,138727,0,6,Asia/Manila,2025-09-26
1698887,Nabunturan,Nabunturan,"nabwntwran  wady kwmpwstyla,نابونتوران، وادی کومپوستیلا",7.60778,125.96639,P,PPLA3,PH,,11,I6,118209000,,16671,,87,Asia/Manila,2017-12-13
1698921,Nabua,Nabua,Nabua,13.4075,123.3724,P,PPLA3,PH,,05,16,051723000,,25687,,13,Asia/Manila,2017-12-13
1699054,Muricay,Muricay,Muricay,7.8275,123.4782,P,PPL,PH,,09,66,097322000,,132094,,3,Asia/Manila,2017-12-13
1699060,Murcia,Murcia,Murcia,10.60516,123.0417,P,PPLA3,PH,,06,H3,064520000,,17448,,152,Asia/Manila,2017-12-13
1699076,Muntinlupa,Muntinlupa,"City of Muntinlupa,Muntinlupa,Muntinlupa City",14.39028,121.0475,P,PPLA3,PH,,40,53,,,552225,,14,Asia/Manila,2026-05-06
1699088,Muñoz,Munoz,,15.71611,120.90306,P,PPLA3,PH,,03,47,034917000,,85061,,70,Asia/Manila,2025-09-26
1699204,Morong,Morong,"Moron,Morong,Моронг",14.67889,120.26611,P,PPLA3,PH,,03,07,030808000,,16117,,10,Asia/Manila,2017-12-13
1699205,Morong,Morong,"Morong,Моронг",14.51849,121.23778,P,PPLA3,PH,,40,53,045809000,,49589,,8,Asia/Manila,2017-12-13
1699296,Rodriguez,Rodriguez,"Montalban,Rodriges,Rodriguez,Rodríguez,luo de li ge si,Родригес,罗德里格斯",14.76011,121.19993,P,PPLA3,PH,,40,53,045808000,,134432,,215,Asia/Manila,2019-12-23
1699323,Monkayo,Monkayo,"Moncayo,Monkayo",7.81528,126.05444,P,PPLA3,PH,,11,I6,118207000,,96405,,61,Asia/Manila,2025-09-26
1699388,Molave,Molave,Molave,8.0844,123.491,P,PPL,PH,,09,66,097319000,,21088,,18,Asia/Manila,2017-12-13
1699572,Minglanilla,Minglanilla,Minglanilla,10.24498,123.7964,P,PPLA3,PH,,07,21,072232000,,62058,0,16,Asia/Manila,2017-12-13
1699755,Midsayap,Midsayap,,7.19083,124.53028,P,PPLA3,PH,,12,57,124709000,,117365,,19,Asia/Manila,2025-09-26
1699802,Meycauayan,Meycauayan,"Kota Meycauayan,Meycauayan,Meycauayan City,Meycawayan,myykawayan,میئکاوایان",14.73694,120.96083,P,PPLA3,PH,,03,13,031412000,,228023,,10,Asia/Manila,2025-09-25
1699805,Mexico,Mexico,"Mexico,México",15.0646,120.7198,P,PPLA3,PH,,03,50,035413000,,43694,,12,Asia/Manila,2017-12-13
1699833,Mercedes,Mercedes,"Mercedes,Meredes",14.1093,123.0109,P,PPLA3,PH,,05,15,051607000,,53702,,4,Asia/Manila,2025-09-27
1699858,Mendez-Nuñez,Mendez-Nunez,"Mendez,Mendez-Nunez,Mendez-Nuñez",14.12861,120.90583,P,PPLA3,PH,,40,20,042114000,,36518,,532,Asia/Manila,2025-09-27
1700179,Mauban,Mauban,"Bayan ng Mauban,Mauban",14.191,121.7309,P,PPL,PH,,40,H2,045627000,,70135,,7,Asia/Manila,2025-11-03
1700360,Mati,Mati,"Kota Mati,MXI,Mati,Mati City,ma di,maty  dawayw shrqy,Мати,ماتی، داوائو شرقی,馬蒂",6.95508,126.21655,P,PPLA2,PH,,11,26,112509000,,105908,,21,Asia/Manila,2017-12-13
1700665,Masinloc,Masinloc,Masinloc,15.5363,119.9502,P,PPLA3,PH,,03,64,037106000,,56579,,13,Asia/Manila,2025-09-26
1700712,Masbate,Masbate,"MBT,Masbate,Масбате",12.37169,123.62494,P,PPLA3,PH,,05,39,054111000,,47490,,12,Asia/Manila,2017-12-31
1700753,Masantol,Masantol,Masantol,14.896,120.7092,P,PPLA3,PH,,03,50,035412000,,41278,,5,Asia/Manila,2017-12-13
1700868,Mariveles,Mariveles,Mariveles,14.43385,120.48569,P,PPLA3,PH,,03,07,030807000,,156200,,9,Asia/Manila,2025-09-25
1700917,Marilao,Marilao,"Marilao,Марилао",14.75778,120.94833,P,PPLA3,PH,,03,13,031411000,,83276,,9,Asia/Manila,2017-12-13
1700925,Marikina City,Marikina City,Marikina,14.6481,121.1133,P,PPL,PH,,NCR,137400000,137402000,,471323,,24,Asia/Manila,2025-11-02
1700980,Mariano,Mariano,Mariano,8.83333,125.11667,P,PPL,PH,,10,43,104308000,,70516,,3,Asia/Manila,2017-12-13
1701053,Marawi City,Marawi City,"City of Dansalan,Dansalan,Dansalan City,Islamic City of Marawi,Maraur,Marawi,Marawi City",8.0034,124.28395,P,PPLA2,PH,,14,35,153617000,,259993,,719,Asia/Manila,2025-09-24
1701124,Maramag,Maramag,"Maramag,XMA",7.76333,125.00528,P,PPLA3,PH,,10,12,101315000,,109864,,276,Asia/Manila,2025-09-26
1701149,Maragondon,Maragondon,"Maragandon,Maragondon",14.2733,120.7377,P,PPLA3,PH,,40,20,042113000,,41977,,21,Asia/Manila,2025-09-27
1701472,Mantampay,Mantampay,,8.16667,124.21667,P,PPL,PH,,10,34,103504000,,265032,,172,Asia/Manila,2017-12-13
1701500,Mansilingan,Mansilingan,,10.63111,122.97889,P,PPL,PH,,06,H3,064501000,,454150,,45,Asia/Manila,2017-12-13
1701516,Mansalay,Mansalay,"Bulalacao,Mansalay",12.52044,121.43851,P,PPLA3,PH,,41,41,175207000,,23044,,18,Asia/Manila,2017-12-13
1701537,Manolo Fortich,Manolo Fortich,"Maluko,Manolo Fortich",8.36972,124.86444,P,PPLA3,PH,,10,12,101314000,,118075,,515,Asia/Manila,2025-09-26
1701668,Manila,Manila,"City of Manila,Dakbayan sa Manila,Lungsod ng Maynila,MNL,Mainile,Manila,Manila City,Manilae,Manilla,Manillah,Manille,Manilo,Manyl,Maníla,Maynila,Menila,ma ni la,manila,manilla,manira,manyl,manyla,mnila,mnylh,myanila,Μανίλα,Манилæ,Манила,Маніла,מנילה,مانىلا,مانيلا,مانیل,مانیلا,मनिला,मनीला,ম্যানিলা,மணிலா,ಮನಿಲ,මැනිලා,มนิลา,มะนิลา,མ་ནི་ལ།,မနီလာမြို့,მანილა,ማኒላ,マニラ,馬尼拉,马尼拉,마닐라",14.6042,120.9822,P,PPLC,PH,,NCR,133900000,133905000,,1600000,,13,Asia/Manila,2025-09-16
1701692,Manibaug Pasig,Manibaug Pasig,"Manibaug,Manibaug Pasig",15.09621,120.56445,P,PPL,PH,,03,50,035404000,,24618,,91,Asia/Manila,2017-12-13
1701872,Mangaldan,Mangaldan,Mangaldan,16.07,120.4025,P,PPLA3,PH,,01,51,015526000,,88818,,8,Asia/Manila,2017-12-13
1701947,Mandaue City,Mandaue City,"Dakbayan sa Mandaue,Lungsod ng Mandaue,Mandaue",10.32361,123.92222,P,PPLA3,PH,,07,21,072230000,,331320,,7,Asia/Manila,2024-10-18
1701966,Mandaluyong City,Mandaluyong City,"Lungsod ng Mandaluyong,Manadalujonga,Manadalujongas,Mandaluiong,Mandalujon,Mandalujong,Mandaluyong,Mandalúyong,Mandayulong,Mantalougion'k,San Felipe,San Felipe Neri,man da lu yong,man da lu yong shi,man dalu yxng,mandalluyong,mandaluying,mandaluyong,mandaluyonga,mandalwywng,mandalwywngh,mandalyuyonga,mandaruyon,mantaluyon,myandalum,Μανταλουγιόνκ,Мандалуионг,Мандалуйонг,Мандалуйоң,Мандалуён,Мандалујонг,ماندالويونغ,ماندالویونگ,मंडलुयोंग,मंडल्युयॉंग,ম্যান্ডালুং,મંડલુયોંગ,மண்டலுயோங்,మండాలుయోంగ్,ಮಾಂಡಲೂಯಿಂಗ್,මණ්ඩලුයෝන්ග්,มันดาลูยอง,マンダルヨン,曼达卢永市,曼達盧永,만달루용",14.5832,121.0409,P,PPL,PH,,NCR,137400000,137401000,,465902,,24,Asia/Manila,2025-11-02
1702002,Mankayan,Mankayan,"Mancayan,Mankayan",16.8632,120.7829,P,PPLA3,PH,,15,10,141111000,,15886,,1203,Asia/Manila,2017-12-13
1702032,Manay,Manay,"Bayan ng Manay,Lungsod sa Manay,Man-ay,Manay",7.215,126.53972,P,PPL,PH,,11,26,112508000,,20336,,15,Asia/Manila,2022-02-15
1702077,Manapla,Manapla,"Manapala,Manapla",10.95803,123.123,P,PPLA3,PH,,06,H3,064518000,,34312,,10,Asia/Manila,2017-12-13
1702096,Manaoag,Manaoag,Manaoag,16.0438,120.4861,P,PPLA3,PH,,01,51,015525000,,59115,,23,Asia/Manila,2017-12-13
1702263,Mamburao,Mamburao,"MBO,Mambulao,Mamburao",13.2233,120.596,P,PPLA3,PH,,41,40,175106000,,23892,,9,Asia/Manila,2017-12-13
1702372,Mamatid,Mamatid,"Barangay Mamatid,Mamatid",14.2349,121.15902,P,PPL,PH,,40,33,043404000,,40271,,14,Asia/Manila,2022-02-15
1702413,Malvar,Malvar,Malvar,14.04472,121.15861,P,PPLA3,PH,,40,09,041017000,,29880,,210,Asia/Manila,2017-12-13
1702425,Maluso,Maluso,Maluso,6.543,121.8753,P,PPL,PH,,14,22,150704000,,31374,,5,Asia/Manila,2017-12-13
1702442,Maluñgun,Malungun,"Malungon,Malungun,Maluñgun",6.27917,125.28167,P,PPL,PH,,12,M9,128007000,,52248,,127,Asia/Manila,2020-06-10
1702540,Malolos,Malolos,"Dakbayan sa Malolos,Lungsod ng Malolos,Malalos,Malolas,Malolos,Malolos City,Malolos Lakanbalen,Syudad nin Malolos,mallolloseu,Малолос,말롤로스",14.8443,120.81039,P,PPLA2,PH,,03,13,031410000,,269809,,9,Asia/Manila,2025-09-24
1702649,Malita,Malita,"Malit,Malita,malyta  dawayw ghrby,مالیتا، داوائو غربی",6.415,125.61167,P,PPLA3,PH,,11,P3,118603000,,118438,,8,Asia/Manila,2025-09-26
1702763,Malilipot,Malilipot,Malilipot,13.3188,123.7385,P,PPLA3,PH,,05,05,050509000,,41066,,14,Asia/Manila,2025-09-26
1702934,Malaybalay,Malaybalay,"Dakbayan sa Malaybalay,Kota Malaybalay,Lungsod ng Malaybalay,Malajbalaj,Malaybalay,Malaybalay City,Malaybalay Lakanbalen,malaybalayy,mallaiballai,Малайбалай,مالایبالائی,말라이발라이",8.1575,125.12778,P,PPLA2,PH,,10,12,101312000,,61524,,629,Asia/Manila,2017-12-13
1703051,Malapatan,Malapatan,"Bayan ng Malapatan,Lungsod sa Malapatan,Malapatan",5.96917,125.28944,P,PPL,PH,,12,M9,128006000,,82577,,26,Asia/Manila,2025-11-03
1703115,Malanday,Malanday,,14.71694,120.95806,P,PPL,PH,,03,13,,,19060,,5,Asia/Manila,2023-03-08
1703116,Malanday,Malanday,Malanday,14.7069,121.1306,P,PPL,PH,,40,53,045811000,,21901,,23,Asia/Manila,2017-12-13
1703320,Malabon,Malabon,"Malabon,Tanong",14.67333,120.93972,P,PPLA3,PH,,NCR,137500000,137502000,,365525,,7,Asia/Manila,2024-07-28
1703355,Malabanban Norte,Malabanban Norte,"Malabanban,Malabanban Norte",13.94521,121.43065,P,PPL,PH,,40,H2,045608000,,19471,,102,Asia/Manila,2017-12-13
1703417,Makati City,Makati City,"Makati,Makati City",14.55027,121.03269,P,PPLA2,PH,,NCR,137600000,137602000,,510383,,25,Asia/Manila,2017-12-13
1703450,Majayjay,Majayjay,Majayjay,14.1463,121.4729,P,PPLA3,PH,,40,33,043416000,,28504,,281,Asia/Manila,2025-09-27
1703598,Mahayag,Mahayag,Mahayag,8.1183,123.4455,P,PPL,PH,,09,66,097315000,,17144,,28,Asia/Manila,2017-12-13
1703773,Magsaysay,Magsaysay,Magsaysay,6.76667,125.18333,P,PPLA3,PH,,11,25,112401000,,57936,,102,Asia/Manila,2025-09-27
1704002,Magarao,Magarao,Magarao,13.6604,123.1869,P,PPLA3,PH,,05,16,051720000,,15205,,5,Asia/Manila,2017-12-13
1704021,Maganoy,Maganoy,"Maganai,Maganoy,Maganui,Maganuy,Magonay",6.86472,124.44167,P,PPLA3,PH,,14,MGS,153808000,,17394,,35,Asia/Manila,2025-04-23
1704067,Magalang,Magalang,"Magalan,Magalang",15.2151,120.6596,P,PPLA3,PH,,03,50,035411000,,68988,,46,Asia/Manila,2017-12-13
1704271,Maco,Maco,,7.36194,125.85528,P,PPLA3,PH,,11,I6,118204000,,87680,,11,Asia/Manila,2025-09-27
1704703,Mabalacat City,Mabalacat City,"CRK,Mabalacat",15.22303,120.57117,P,PPLA3,PH,,03,50,035409000,,188050,,109,Asia/Manila,2017-12-13
1704758,Maasin,Maasin,"City of Maasin,Maasin,Massin City",10.13272,124.84082,P,PPLA3,PH,,08,59,086407000,,18313,3,-9999,Asia/Manila,2024-04-09
1704781,Maao,Maao,"Ma-ao Barrio,Maao",10.4896,122.9907,P,PPL,PH,,06,H3,064502000,,25837,,59,Asia/Manila,2017-12-13
1704968,Lupon,Lupon,"Lupon,Sumlog",6.89814,126.00961,P,PPLA3,PH,,11,26,112507000,,68717,,23,Asia/Manila,2025-09-26
1705190,Lumbang,Lumbang,"Lumban,Lumbang",14.2973,121.4598,P,PPL,PH,,40,33,043413000,,30269,,9,Asia/Manila,2017-12-13
1705357,Lucena,Lucena,"Dakbayan sa Lucena,Kota Lucena,Lucena,Lucena City,Lucena Lakanbalen,Lungsod ng Lucena,Lusena,Siudad ti Lucena,lu sai na,lusena,lwsyna  flpayn,Лусена,لوسینا، فلپائن,卢塞纳,루세나",13.93139,121.61722,P,PPLA2,PH,,40,H2,045624000,,228758,,9,Asia/Manila,2017-12-13
1705367,Lucban,Lucban,Lucban,14.11356,121.55574,P,PPL,PH,,40,H2,045623000,,30992,,431,Asia/Manila,2017-12-13
1705440,Lubao,Lubao,Lubao,14.9405,120.6011,P,PPLA3,PH,,03,50,035408000,,55645,,11,Asia/Manila,2017-12-13
1705536,Los Baños,Los Banos,"Los Banos,Los Baños,Los-Ban'os,Лос-Баньос",14.17025,121.24181,P,PPLA3,PH,,40,33,043411000,,117030,,32,Asia/Manila,2025-09-25
1705572,Lopez,Lopez,Lopez,13.884,122.2604,P,PPL,PH,,40,H2,045622000,,25752,,9,Asia/Manila,2017-12-13
1705771,Loma de Gato,Loma de Gato,Loma de Gato,14.78869,120.99889,P,PPL,PH,,03,13,031411000,,21990,,47,Asia/Manila,2017-12-13
1705871,Loboc,Loboc,"Laboc,Loboc",9.63833,124.03482,P,PPLA3,PH,,07,11,071229000,,16312,0,47,Asia/Manila,2017-12-13
1706090,Lipa City,Lipa City,"Ciudad ti Lipa,Lipa,Lipa City,Липа",13.9411,121.1631,P,PPL,PH,,40,09,041014000,,212287,,325,Asia/Manila,2017-12-13
1706188,Lingayen,Lingayen,Lingayen,16.02182,120.23194,P,PPLA3,PH,,01,51,015522000,,56580,,9,Asia/Manila,2017-12-13
1706361,Limay,Limay,Limay,14.56194,120.59833,P,PPLA3,PH,,03,07,030806000,,81960,,7,Asia/Manila,2025-09-26
1706393,Liloan,Liloan,Liloan,10.3991,123.9992,P,PPLA3,PH,,07,21,072227000,,49198,,8,Asia/Manila,2017-12-13
1706402,Lilio,Lilio,"Lilio,Liliw",14.1313,121.4362,P,PPL,PH,,40,33,043410000,,15246,,256,Asia/Manila,2019-12-23
1706609,Libon,Libon,Libon,13.2997,123.4386,P,PPLA3,PH,,05,05,050507000,,68846,,18,Asia/Manila,2017-12-13
1706684,Libertad,Libertad,,8.94417,125.50194,P,PPL,PH,,13,02,160202000,,250353,,8,Asia/Manila,2017-12-13
1706889,Legaspi,Legaspi,"LGP,Legaspi City,Legazpi,Legazpi City",13.14125,123.74073,P,PPLA2,PH,,05,05,050506000,,179481,,9,Asia/Manila,2017-12-13
1707049,Laur,Laur,"Laur,San Estaban",15.5865,121.1834,P,PPLA3,PH,,03,47,034913000,,19206,,73,Asia/Manila,2017-12-13
1707123,La Trinidad,La Trinidad,"La Trinidad,La-Trinidad,Trinidad,lateulinidadeu,Ла-Тринидад,لا ٹرینیڈاڈ، بینگیت,라트리니다드",16.455,120.5875,P,PPLA3,PH,,15,10,141110000,,142925,,1318,Asia/Manila,2025-09-26
1707174,Las Piñas,Las Pinas,"City of Las Pinas,City of Las Piñas,Las Pinas,Las Piñas",14.45056,120.98278,P,PPLA3,PH,,NCR,137600000,137601000,,615549,,17,Asia/Manila,2025-09-25
1707267,Lapu-Lapu City,Lapu-Lapu City,"Dakbayan sa Lapu-Lapu,Lapu-Lapu,Lapu-Lapu City,Opon,Siudad ti Lapu-Lapu,la pu la pu shi,rapu=rapu shi,ラプ＝ラプ市,拉普拉普市",10.31028,123.94944,P,PPLA3,PH,,07,21,072226000,,497813,,4,Asia/Manila,2025-09-25
1707324,La Paz,La Paz,"La Paz,La-Pas,Ла-Пас",15.44125,120.72863,P,PPLA3,PH,,03,63,036907000,,71978,,22,Asia/Manila,2025-09-26
1707398,Laoang,Laoang,"Laoang,Loangan",12.5698,125.0141,P,PPLA3,PH,,08,67,084808000,,16725,,12,Asia/Manila,2020-11-01
1707404,Laoag,Laoag,"Dakbayan sa Laoag,Kota Laoag,LAO,Laoag,Laoag City,Laoag Lakanbalen,Laoang,Laog,Loag,Lungsod ng Laoag,Siyudad na Laoag,Syudad nin Laoag,lao wo,laoageu,lawag,raoagu,Лаоаг,لاواگ,ལའ་ཨག,ལའོ་ཨག,ラオアグ,佬沃,라오아그",18.1978,120.5957,P,PPLA2,PH,,01,28,012812000,,112117,,15,Asia/Manila,2025-09-25
1707812,Lambayong,Lambayong,"Banwa sang Lambayong,Bayan ng Lambayong,Lambayong,Lombaying,Lombayong",6.51944,125.04444,P,PPL,PH,,12,70,126314000,,81288,,810,Asia/Manila,2025-11-03
1708056,Laguilayan,Laguilayan,"Lagilayan,Laguilayan",6.67213,124.52491,P,PPL,PH,,12,71,126504000,,17764,,56,Asia/Manila,2018-02-06
1708130,Lagawe,Lagawe,Lagawe,16.79997,121.11924,P,PPLA2,PH,,15,27,142704000,,19124,,490,Asia/Manila,2025-09-25
1708217,La Castellana,La Castellana,La Castellana,10.3239,123.0215,P,PPLA3,PH,,06,H3,064517000,,24407,,67,Asia/Manila,2017-12-13
1708226,La Carlota,La Carlota,"City of La Carlota,Dakbanwa sang La Carlota,Dakbayan sa La Carlota,La Calota,La Carlota,La Carlota City,La Karlota,La-Karlota,Lakarlota,Lungsod ng La Carlota,la  karlota,la ka luo ta,la kallota,la karlota,la karlotyam,la karlwta,la kha lota,lh qrlwth,Λα Καρλότα,Ла-Карлота,לה קרלוטה,لا كارلوتا,لا کارلوٹا,ला कार्लोटा,লা কার্লোট্যাঁ,લા કાર્લોટા,ல  கார்லோடா,లా కార్లోటా,ಲಾ ಕಾರ್ಲೋಟಾ,ලා කාර්ලොටා,ลา คาโลต้า,ラ・カルロータ,拉卡洛塔,라 칼로타",10.4242,122.9212,P,PPL,PH,,06,H3,064516000,,67740,,27,Asia/Manila,2025-11-03
1708291,Labo,Labo,Labo,14.1532,122.8303,P,PPLA3,PH,,05,15,051606000,,18105,,18,Asia/Manila,2017-12-13
1708522,Koronadal,Koronadal,"Koronadal,Koronadal City,Koronadal Lakanbalen,Koronadal',Kota Koronadal,Marbel,ke luo na da er,kolonadal,koronadala,koronadaru,koronatal,krwnadal,kweronadaል,kwrwnadal,Корона́даль,Коронадаль,كورونادال,کرونادال,کورونادال,কোরোনাডাল,ਕੋਰੋਨਾਡਲ,கொரொனடால்,ኮሮናዳል,コロナダル,科罗纳达尔,코로나달",6.50306,124.84694,P,PPLA,PH,,12,70,126306000,,201844,,52,Asia/Manila,2026-04-14
1708824,Kidapawan,Kidapawan,"Kadapawan,Kidapavan,Kidapawan,Kidapawan Lakanbalen,Kota Kidapawan,kidapawan,kydapawan,Кидапаван,کیداپاوان,키다파완",7.00833,125.08944,P,PPLA3,PH,,12,57,124704000,,79652,,275,Asia/Manila,2017-12-13
1709003,Kawit,Kawit,"qwwyt,קוויט",14.44426,120.90164,P,PPLA3,PH,,40,20,042111000,,73210,,6,Asia/Manila,2017-12-13
1709632,Kalibo (poblacion),Kalibo (poblacion),"Banwa it Kalibo,KLO,Kalibo,Kalibo Town,Pueblo de Calivo,kallibo,Калибо,칼리보",11.70611,122.36444,P,PPL,PH,,06,04,060407000,,89127,3,12,Asia/Manila,2022-02-15
1709717,Kalamansig,Kalamansig,"Calamansig,Kalamansig",6.55187,124.05111,P,PPL,PH,,12,71,126505000,,52257,,2,Asia/Manila,2025-11-03
1709968,Kabankalan,Kabankalan,Kabankalan,9.9839,122.81423,P,PPLA3,PH,,06,H3,064515000,,210893,,11,Asia/Manila,2025-09-25
1710011,Kabacan,Kabacan,"Kabacan,Kabakan",7.10667,124.82917,P,PPLA3,PH,,12,57,124703000,,31769,,24,Asia/Manila,2017-12-13
1710103,Jose Pañganiban,Jose Panganiban,"Jose Panganiban,Jose Pañganiban,Mambulao",14.2906,122.6917,P,PPL,PH,,05,15,051605000,,21236,,5,Asia/Manila,2020-06-10
1710141,Jolo,Jolo,"Dzholi,JOL,Jolo,Joló,Kholo,Sug,Sulu,Suluk,hollo,horo,jwlw  swlw,Джоли,Холо,جولو، سولو,ホロ,홀로",6.05222,121.00222,P,PPLA3,PH,,14,60,156602000,,101002,,5,Asia/Manila,2017-12-13
1710222,Jetafe,Jetafe,"Getafe,Jetafe,Jetape",10.14722,124.15389,P,PPLA3,PH,,07,11,071226000,,33485,,7,Asia/Manila,2025-09-29
1710258,Jasaan,Jasaan,"Hasaan,Jaman,Jamán,Jasaan,جسان، مسمس ورئیینٹل",8.65417,124.75556,P,PPLA3,PH,,10,43,104311000,,16435,,31,Asia/Manila,2017-12-13
1710357,Jalajala,Jalajala,Jalajala,14.353,121.3225,P,PPLA3,PH,,40,53,045807000,,34901,,9,Asia/Manila,2025-09-27
1710378,Jagna,Jagna,"Iagna,Jagna",9.6531,124.3697,P,PPLA3,PH,,07,11,071225000,,32566,,5,Asia/Manila,2017-12-13
1710389,Jaen,Jaen,"Jaen,Khaehn,Хаэн",15.3275,120.9192,P,PPLA3,PH,,03,47,034912000,,39700,,25,Asia/Manila,2017-12-13
1710441,Itogon,Itogon,Itogon,16.36389,120.67694,P,PPLA3,PH,,15,10,141106000,,59736,,808,Asia/Manila,2025-09-26
1710470,Isulan,Isulan,"Isulan,Kalawag,aswlan  sltan qdrt,اسولان، سلطان قدرت",6.62944,124.605,P,PPLA2,PH,,12,71,126504000,,101455,,65,Asia/Manila,2025-09-24
1710518,Isabela,Isabela,"Isabela,Isabella,Izabela,Изабела",10.2048,122.9888,P,PPLA3,PH,,06,H3,064514000,,15897,,30,Asia/Manila,2017-12-13
1710519,City of Isabela,City of Isabela,"Basilan,Basilan City,City of Isabela,Isabel,Isabela,Isabela City,Izabela,Lungsod ng Isabela,Municipality of Isabela,Изабела",6.70407,121.97117,P,PPLA2,PH,,14,22,099701000,,67336,,10,Asia/Manila,2020-11-16
1710531,Irosin,Irosin,Irosin,12.70013,124.03221,P,PPLA3,PH,,05,58,056209000,,20716,,33,Asia/Manila,2017-12-13
1710544,Iriga City,Iriga City,"Iriga,Iriga City",13.4324,123.4115,P,PPL,PH,,05,16,051716000,,115306,,30,Asia/Manila,2025-11-02
1710612,Ipil,Ipil,"IPE,Ipil,Sanito,Tayun",7.78444,122.58611,P,PPLA2,PH,,09,ZSI,098305000,,19195,,16,Asia/Manila,2020-11-01
1710666,Inopacan,Inopacan,"Inopacan,Inopagan",10.4997,124.7405,P,PPL,PH,,08,37,083721000,,21389,,7,Asia/Manila,2024-10-18
1710770,Indang,Indang,,14.19528,120.87694,P,PPLA3,PH,,40,20,042110000,,70092,,300,Asia/Manila,2025-09-25
1710908,Inabanga,Inabanga,Inabanga,10.0307,124.0671,P,PPLA3,PH,,07,11,071224000,,48534,,2,Asia/Manila,2024-08-29
1710914,Imus,Imus,"Imus,Imus Lakanbalen,Lungsod ng Imus,amws,Имус,اموس",14.42972,120.93667,P,PPLA3,PH,,40,20,042109000,,481949,,10,Asia/Manila,2025-09-25
1710932,Impasugong,Impasugong,Impasugong,8.30972,125.00194,P,PPL,PH,,10,12,101305000,,55901,,613,Asia/Manila,2025-11-03
1711005,Iloilo,Iloilo,"ILO,Iloilo,Iloilo City,Iloilo Proper,Илоило",10.69694,122.56444,P,PPLA2,PH,,06,30,063022000,,473728,,8,Asia/Manila,2025-09-24
1711082,Iligan City,Iligan City,"City of Iligan,Idigan,Iligan",8.25,124.4,P,PPL,PH,,12,34,,,312323,,282,Asia/Manila,2010-08-14
1711084,Iligan,Iligan,"Dakbayan sa Iligan,IGN,Iligan City,Iligan Lakanbalen,Lungsod ng Iligan,illigan,irigan,yi li gan,イリガン,伊利甘,일리간",8.2289,124.24344,P,PPLA3,PH,,10,34,103504000,,342618,,5,Asia/Manila,2020-11-01
1711146,Ilagan,Ilagan,"Ilagan,alagan,Илаган,الاگان",17.14854,121.88924,P,PPLA2,PH,,02,31,023114000,,164020,,55,Asia/Manila,2025-09-24
1711437,Iba,Iba,"Iba,Ibra,ayba  zambalys,iba,yi ba,Ибра,ایبا، زامبالیس,イバ,伊巴,이바",15.3276,119.978,P,PPLA3,PH,,03,64,037105000,,26935,,13,Asia/Manila,2017-12-13
1711621,Hinigaran,Hinigaran,Hinigaran,10.2706,122.8507,P,PPLA3,PH,,06,H3,064511000,,39636,,10,Asia/Manila,2017-12-13
1711655,Hinatuan,Hinatuan,Hinatuan,8.37222,126.33417,P,PPLA3,PH,,13,62,166809000,,44475,,7,Asia/Manila,2025-09-27
1711718,Himamaylan,Himamaylan,,10.09889,122.87056,P,PPLA3,PH,,06,H3,064510000,,117286,,7,Asia/Manila,2025-09-26
1711829,Hermosa,Hermosa,"Ehrmosa,Hermosa,Эрмоса",14.8314,120.5081,P,PPLA3,PH,,03,07,030805000,,33714,,12,Asia/Manila,2017-12-13
1711982,Hagonoy,Hagonoy,"Hagonoy,Hagony,Hagunoy",14.83413,120.73271,P,PPL,PH,,03,13,031409000,,123531,,6,Asia/Manila,2017-12-13
1712051,Guyong,Guyong,Guyong,14.8361,120.97844,P,PPL,PH,,03,13,031423000,,155391,,42,Asia/Manila,2017-12-13
1712162,Gumaca,Gumaca,"Bayan ng Gumaca,Gumaca",13.921,122.1002,P,PPL,PH,,40,H2,045619000,,22496,,7,Asia/Manila,2022-02-15
1712232,Guiset East,Guiset East,"Guiset,Guiset East,Guiset Este,Guiset Sur",16.06667,120.68333,P,PPL,PH,,01,51,015535000,,21994,,71,Asia/Manila,2017-12-13
1712488,Guimba,Guimba,Guimba,15.6605,120.7683,P,PPLA3,PH,,03,47,034911000,,32306,,38,Asia/Manila,2017-12-13
1712520,Guihulñgan,Guihulngan,"Gihulngan,Guihulngan,Guihulñgan,Guilhulngan,Gulhulngan",10.11947,123.27287,P,PPL,PH,,07,46,074611000,,22931,,3,Asia/Manila,2024-04-08
1712531,Guiguinto,Guiguinto,Guiguinto,14.83333,120.88333,P,PPLA3,PH,,03,13,031408000,,118173,,10,Asia/Manila,2025-09-25
1712600,Gubat,Gubat,Gubat,12.92056,124.12306,P,PPLA3,PH,,05,58,056208000,,61095,,7,Asia/Manila,2025-09-27
1712808,Goa,Goa,"Goa,Гоа",13.6978,123.4892,P,PPLA3,PH,,05,16,051715000,,20936,,72,Asia/Manila,2017-12-13
1712819,Glan,Glan,"Bayan ng Glan,Glan,Glan-Townsite,Lungsod sa Glan,Глан",5.82417,125.20333,P,PPL,PH,,12,M9,128002000,,24256,,9,Asia/Manila,2022-02-15
1712875,Gingoog,Gingoog,"Dakbayan sa Gingoog,Gingoog,Gingoog City",8.82778,125.09972,P,PPL,PH,,10,43,104308000,,138895,,5,Asia/Manila,2025-10-20
1713004,Gerona,Gerona,"Gerona,Zherona,Жерона",15.6065,120.5978,P,PPLA3,PH,,03,63,036906000,,40914,,32,Asia/Manila,2017-12-13
1713014,General Trias,General Trias,"General Trias Lakanbalen,Heneral Trias",14.38694,120.88167,P,PPLA3,PH,,40,20,042108000,,96022,,22,Asia/Manila,2017-12-13
1713018,General Tinio,General Tinio,"General Tinio,Papaya",15.35075,121.04773,P,PPLA3,PH,,03,47,034910000,,32875,,55,Asia/Manila,2017-12-13
1713022,General Santos,General Santos,"Dadiangas,Dakbayan sa General Santos,GES,General Santos City,General Santos Lakanbalen,General-Santos,Heneral Santos,Kota General Santos,Siyudad na Heneral Santos,jeneoleolsantoseu,jnral santws,jnrl santws,san tou si jiang jun shi,Генерал-Сантос,جنرال سانتوس,جنرل سانتوس,ジェネラル・サントス,三投斯將軍市,제너럴산토스",6.11278,125.17167,P,PPL,PH,,12,70,126303000,,722059,,22,Asia/Manila,2025-11-02
1713027,General Mamerto Natividad,General Mamerto Natividad,"General Mamerto Natividad,General Natividad,Natividad",15.6025,121.0515,P,PPL,PH,,03,47,034909000,,18393,,60,Asia/Manila,2017-12-13
1713053,General Emilio Aguinaldo,General Emilio Aguinaldo,"Bailen,General Emilio Aguinaldo",14.18417,120.79583,P,PPLA3,PH,,40,20,042107000,,24264,,213,Asia/Manila,2025-09-27
1713226,Gapan,Gapan,"Capan,Gapan",15.3072,120.9464,P,PPLA3,PH,,03,47,034908000,,129610,,24,Asia/Manila,2025-09-25
1713736,Estancia,Estancia,"Estacia,Estancia,Estancia Town",11.4551,123.152,P,PPLA3,PH,,06,30,063019000,,54882,,9,Asia/Manila,2025-09-29
1713767,Esperanza,Esperanza,Esperanza,11.7365,124.042,P,PPLA3,PH,,05,39,054109000,,17534,,6,Asia/Manila,2024-08-25
1713818,Escalante,Escalante,"Escalante City,Escalante Lakanbalen,Kota Escalante,ایسکالانتے، نیگروس غربی",10.84028,123.49917,P,PPLA3,PH,,06,H3,064509000,,97050,,26,Asia/Manila,2025-09-26
1713857,Enrique B. Magalona,Enrique B. Magalona,"Enrique B. Magalona,Saravia",10.87879,122.97707,P,PPL,PH,,06,H3,064508000,,64290,,1,Asia/Manila,2024-11-02
1713917,El Nido,El Nido,"Bacuit,ENI,El Nido,El Nido Bacuit,ai ni dao,al nydw,elnido,erunido,ال نیدو,エルニド,愛妮島,엘니도",11.18583,119.39556,P,PPLA3,PH,,41,49,175312000,,51367,,36,Asia/Manila,2025-09-27
1714050,Dupax del Sur,Dupax del Sur,Dupax del Sur,16.2838,121.0896,P,PPL,PH,,02,48,025008000,,21224,,377,Asia/Manila,2024-08-25
1714052,Dupax Del Norte,Dupax Del Norte,"Dupax,Dupax Del Norte",16.3079,121.1062,P,PPL,PH,,02,48,025007000,,33295,,356,Asia/Manila,2024-08-25
1714201,Dumaguete,Dumaguete,"DGT,Dumageta,Dumagetas,Dumagete,Dumageute,Dumaghete,Dumaguete,Dumaguete City,Dumaguette,Ntoumankouete,Urbs Dumaguete,doumagete,du ma ke te,dumagate,dumagete,dumagu'ete,dumagute,dumaguye,dumaguyete,dwmaghwyty,dwmagwyty,dwmgth,lang mang ya de,tumaku'ete,Ντουμαγκουέτε,Думагете,דומגטה,دوماغويتي,دوماگویتی,दुमगते,दुमागुएटे,দুমাগুয়েতে,દુમાગુએટે,டுமாகுஎடே,దుమగుటె,ಡುಮಾಗುಯೆ,ඩුමගුටේ,ดูมาเกเต,დუმაგეტე,ドゥマゲテ,朗芒芽地,두마게테",9.30646,123.30769,P,PPL,PH,,07,46,074610000,,113541,,10,Asia/Manila,2024-04-08
1714441,Don Carlos,Don Carlos,"Don Carlos,Don Carlos de Maramag",7.68,125.005,P,PPLA3,PH,,10,12,101304000,,73592,,307,Asia/Manila,2025-09-29
1714482,Domalanoan,Domalanoan,"Damaloguen,Domalandan,Domalanoan,Dumalandan",16.00292,120.21154,P,PPL,PH,,01,51,015522000,,15108,,4,Asia/Manila,2017-12-13
1714519,Dologon,Dologon,"Dologon,Dulogan,Dulugon",7.84083,125.04444,P,PPL,PH,,10,12,101315000,,15128,,312,Asia/Manila,2017-12-13
1714674,Dipolog,Dipolog,"DPL,Dakbayan sa Dipolog,Dipolog,Dipolog City,Dipolog Lakanbalen,Dipólog,Kota Dipolog,Lungsod ng Dipolog,dipollogeu,diporogu,dypwlwg,Диполог,دیپولوگ,ディポログ,디폴로그",8.56697,123.33471,P,PPL,PH,,09,65,097202000,,93549,,7,Asia/Manila,2020-11-01
1714766,Dinalupihan,Dinalupihan,"Dinalupian,Dinalupihan,Dinalupihari,Dinalupijan,Dinalupinan",14.87827,120.45221,P,PPLA3,PH,,03,07,030804000,,66670,,9,Asia/Manila,2017-12-13
1714781,Dinaig,Dinaig,"Ara Rancheria,Dinaig",7.16985,124.20836,P,PPLA2,PH,,14,MGN,153807000,,116768,,40,Asia/Manila,2025-09-25
1714956,Digos,Digos,"Digos City,Digos Lakanbalen,Kota Digos,dygws,دیگوس",6.74972,125.35722,P,PPLA3,PH,,11,25,112403000,,116122,,18,Asia/Manila,2017-12-13
1715094,Diadi,Diadi,Diadi,16.7262,121.3589,P,PPLA3,PH,,02,48,025006000,,15567,,276,Asia/Manila,2017-12-13
1715165,Del Remedio,Del Remedio,Del Remedio,14.0866,121.3118,P,PPL,PH,,40,33,043424000,,17871,,104,Asia/Manila,2026-02-17
1715169,Del Pilar,Del Pilar,Del Pilar,15.03601,120.69935,P,PPL,PH,,03,50,035416000,,37329,,7,Asia/Manila,2017-12-13
1715348,Davao,Davao,"Ciudad ti Davao,DVO,Dakbayan sa Davao,Davaa,Davao,Davao City,Davao Lakanbalen,Davao Stad,Davaó,Lungsod ng Dabaw,Syudad han Davao,da wo shi,dabao,dabha'o,dafaw,dava'o,davawo,dawaw,dawayw syty,dbʼw syty,Даваа,Давао,דבאו סיטי,دافاو,داواؤ,داوائو سیتی,داواو,दवाओ,দাভাও,ਦਾਵਾਓ,ዳቫዎ,ダバオ,达沃市,다바오",7.07306,125.61278,P,PPLA,PH,,11,25,112402000,,1848947,,13,Asia/Manila,2026-04-14
1715430,Dasmariñas,Dasmarinas,"Dasmarin'jas,Dasmarinas,Dasmarinas Lakanbalen,Dasmarines,Dasmariñas,Dasmariñas Lakanbalen,Kota Dasmarinas,Kota Dasmariñas,da si ma li ni ya si,daseumalinyaseu,dasmarngas,dasmarynyas,dasumarinyasu,Дасмариньяс,داسمارنگاس,داسمارینیاس,ダスマリニャス,达斯马里尼亚斯,다스마리냐스",14.32944,120.93667,P,PPLA3,PH,,40,20,042106000,,441876,,82,Asia/Manila,2017-12-13
1715542,Dapitan,Dapitan,"Ciudad de Dapitan,Dakbayan sa Dapitan,Dapitan,Dapitan City,Dapitana,Dapitanas,Ntapitan,da bi dan,da pi dan,da pi tan,dabytan,dapitan,dapitana,dapytan,depitana,depitena,tappitan,Ντάπιταν,Дапитан,Дапітан,دابيتان,داپیتان,दपितान,दॅपिटॅन,ডাপিতান,દેપિટન,டப்பிடன்,డపిటన్,ಡಪಿತನ್,ඩපිටන්,ดาปิตัน,ダピタン,达必丹,达皮丹,達必丹,다피탄",8.6561,123.4227,P,PPL,PH,,09,65,097201000,,87699,,7,Asia/Manila,2025-11-02
1715804,Danao,Danao,"Danao,Danao City,Idanao",10.52083,124.02722,P,PPL,PH,,07,21,072223000,,70270,,7,Asia/Manila,2017-12-13
1715812,Danao,Danao,"Danao,Munisipalidad sa Danao",9.55421,123.75648,P,PPL,PH,,07,11,071233000,,20245,,9,Asia/Manila,2022-02-16
1716198,Dagupan,Dagupan,"Dagupan,Dagupan City,Dagupan Lakanbalen,Dagupanas,Dagupán,Dakbayan sa Dagupan,Kota Dagupan,Lungsod ng Dagupan,Siyudad na Dagupan,dagupan,dagwpan,داگوپان,다구판",16.04313,120.33325,P,PPLA3,PH,,01,51,015518000,,171271,,8,Asia/Manila,2017-12-27
1716287,Daet,Daet,"DTE,Daet,dayt  kamarynz shmaly,Дает,دایت، کامارینز شمالی",14.1122,122.9553,P,PPLA2,PH,,05,15,051603000,,78142,,10,Asia/Manila,2017-12-13
1716388,Daanbantayan,Daanbantayan,"Candaya,Daanbantayan",11.24681,124.01462,P,PPLA3,PH,,07,21,072221000,,95080,,7,Asia/Manila,2025-09-29
1716463,Cupang,Cupang,,14.43409,121.03619,P,PPLX,PH,,NCR,,,,57482,,18,Asia/Manila,2026-05-06
1716526,Culion,Culion,"CUJ,Culion,Culion Leper Colony,Culion Reservation,Culión,Kulion,kurion,kwlywn,Кулион,کولیون,クリオン",11.8904,120.0222,P,PPL,PH,,41,49,175322000,,23213,,40,Asia/Manila,2025-06-02
1716618,Cuenca,Cuenca,"Cuenca,Kuehnka,Куэнка",13.902,121.0521,P,PPLA3,PH,,40,09,041009000,,21558,,300,Asia/Manila,2017-12-13
1716771,Cotabato,Cotabato,"CBO,Catabate,Catabato,Cotabato,Cotabato City,Cottabato,Dakbayan sa Cotabato,Kota-Bato,Kotabato,kotabato,kwetabato,kwtabatw,kwtabaytw,kwٹabatw,Котабато,كوتابايتو,کوتاباتو,کوٹاباتو,कोटाबातो,কোটাবাতো,ਕੋਟਾਬਾਤੋ,ኮታባቶ,コタバト",7.22361,124.24639,P,PPLA,PH,,14,B8,,,383383,,7,Asia/Manila,2026-04-14
1716858,Cordova,Cordova,"Cordoba,Cordova,Corduba,Córdova,Kordoba,Кордоба",10.24394,123.94222,P,PPLW,PH,,07,21,072220000,,29289,,-9999,Asia/Manila,2017-12-15
1716924,Consolacion,Consolacion,"Consolacion,Consolation",10.3766,123.9573,P,PPLA3,PH,,07,21,072219000,,48638,,11,Asia/Manila,2017-12-13
1716995,Concepcion,Concepcion,"Concepcion,Conception,Konseps'on,Консепсьон",15.32546,120.65723,P,PPLA3,PH,,03,63,036905000,,178549,,36,Asia/Manila,2025-09-26
1717008,Concepcion Ibaba,Concepcion Ibaba,"Concepcion,Concepcion Ibaba",13.92309,121.46099,P,PPL,PH,,40,H2,045645000,,25628,,83,Asia/Manila,2017-12-13
1717051,Compostela,Compostela,Compostela,10.455,124.0106,P,PPLA3,PH,,07,21,072218000,,18727,,11,Asia/Manila,2017-12-13
1717053,Compostela,Compostela,,7.67306,126.08889,P,PPLA3,PH,,11,I6,118201000,,42563,,74,Asia/Manila,2017-12-13
1717512,Cebu City,Cebu City,"CEB,Cebo,Cebu,Cebu City,Cebu Sehri,Cebu Shahri,Cebu Şehri,Cidade de Cebu,City of Cebu,Ciudad de Cebu,Ciudad de Cebú,Dakbayan sa Sugbo,Garin Cebu,Jiji la Cebu,Kota Cebu,Magaalaa Cebu,Magaalada Cebu,Sebu,Sebu Shakhary,Sebu Shəһəre,Sebu Səhəri,Sebu kˌalasy,Sebu Şəhəri,Shakhri Sebu,mdynt sybw,sebu,sebu ketema,sebu sahara,sebu sahira,sebu shi,shhr sbw,sybw shہr,sybw sˌar,Себу,Себу Шахары,Себу Шәһәре,Себу қаласы,Шахри Себу,سیبو شہر,سیبو ښار,شهر سبو,مدينة سيبو,सेबु शहर,সেবু শহর,ਸੇਬੂ ਸ਼ਹਿਰ,ሴቡ ከተማ,セブ市,세부",10.31672,123.89071,P,PPLA,PH,,07,21,072217000,,965332,,37,Asia/Manila,2026-04-14
1717641,Cavite City,Cavite City,"Bandar Cavite,Cavite,Cavite City,Cavite Lakanbalen,Ciudad ti Cavite,Dakbayan sa Cavite,Kavite,Lungsod ng Kabite,Siyudad na Cavite,Syudad han Cavite,jia mi de,kabite,kavuite,Кавите,カヴィテ,甲米地,카비테",14.48369,120.89878,P,PPL,PH,,40,20,042105000,,115932,,7,Asia/Manila,2017-12-13
1717911,Catbalogan,Catbalogan,"Catbalogan,Catbalogan City,Kota Catbalogan,Lungsod ng Catbalogan,katbalwgan,کاتبالوگان",11.77528,124.88611,P,PPLA3,PH,,08,55,086005000,,107896,,12,Asia/Manila,2025-09-25
1717926,Catarman,Catarman,"CRM,Catarman,Catarmán,Katarman,katarman  shmaly samar,Катарман,کاتارمان، شمالی سامار",12.4989,124.6377,P,PPLA3,PH,,08,67,084805000,,97738,,11,Asia/Manila,2025-09-26
1717960,Catanauan,Catanauan,"Catanauan,Catanuan",13.5926,122.3215,P,PPL,PH,,40,H2,045610000,,26804,,7,Asia/Manila,2017-12-13
1718078,Castillejos,Castillejos,"Caslillejos,Castillejos,Kastil'ekhosu,Кастильехосу",14.93363,120.19785,P,PPLA3,PH,,03,64,037104000,,27301,,50,Asia/Manila,2017-12-13
1718306,Carmona,Carmona,Carmona,14.3132,121.0576,P,PPLA3,PH,,40,20,042104000,,112140,,28,Asia/Manila,2025-09-25
1718328,Cogan,Cogan,"Bayan ng Carmen,Carmen,Cogan,Karmen,Lungsod sa Carmen,Old Carmen,Кармен",10.59306,124.01778,P,PPL,PH,,07,21,072215000,,60230,,13,Asia/Manila,2025-11-03
1718393,Carigara,Carigara,"Carigara,Garigara",11.29811,124.67895,P,PPLA3,PH,,08,37,083715000,,17495,,5,Asia/Manila,2017-12-13
1718426,Cardona,Cardona,"Cardona,Kardona,Кардона",14.48646,121.22752,P,PPLA3,PH,,40,53,045806000,,51493,,14,Asia/Manila,2025-09-25
1718436,Carcar,Carcar,Carcar,10.1061,123.6402,P,PPLA3,PH,,07,21,072214000,,40739,,21,Asia/Manila,2017-12-13
1718722,Capas,Capas,"Bayan ng Capas,Capas,Capaz,Kapas,Капас",15.33117,120.5898,P,PPL,PH,,03,63,036904000,,162724,,53,Asia/Manila,2025-11-02
1719053,Canlaon,Canlaon,"Canlaon,Canlaon City",10.38697,123.2227,P,PPL,PH,,07,46,074608000,,44851,,479,Asia/Manila,2017-12-13
1719274,Candelaria,Candelaria,Candelaria,13.93111,121.42333,P,PPLA3,PH,,40,H2,045608000,,137933,,72,Asia/Manila,2025-09-25
1719329,Candaba,Candaba,Candaba,15.0956,120.8267,P,PPLA3,PH,,03,50,035405000,,47326,,11,Asia/Manila,2017-12-13
1719683,Camiling,Camiling,Camiling,15.6866,120.4128,P,PPLA3,PH,,03,63,036903000,,39655,,25,Asia/Manila,2017-12-13
1720034,Calumpit,Calumpit,Calumpit,14.91639,120.76583,P,PPLA3,PH,,03,13,031407000,,122187,,9,Asia/Manila,2025-09-25
1720052,Calumpang,Calumpang,"Calumbang,Kalumpang",14.6228,121.0897,P,PPL,PH,,NCR,137400000,137402000,,15602,,12,Asia/Manila,2025-11-03
1720151,Caloocan,Caloocan,"Caloocan,Caloocan City,Kalookan,Kalukan,Lungsod ng Caloocan,jia luo kan,kallokan,karokan,qlwʼwqn,Калоокан,Калукан,קלואוקן,カローカン,加洛坎,칼로칸",14.64953,120.96788,P,PPLA2,PH,,NCR,137500000,137501000,,1712945,,6,Asia/Manila,2026-01-09
1720402,Calbayog City,Calbayog City,"CYP,Calbayog,Calbayog City,Dakbayan sa Calbayog,Kalbejog Siti,Syudad san Calbayog,Калбейог Сити",12.0668,124.5962,P,PPL,PH,,08,55,086003000,,67921,,7,Asia/Manila,2018-01-10
1720464,Calauan,Calauan,Calauan,14.14989,121.3152,P,PPLA3,PH,,40,33,043406000,,89670,,18,Asia/Manila,2025-09-25
1720472,Calauag,Calauag,"Calauag,Calavag",13.9575,122.288,P,PPL,PH,,40,H2,045607000,,68999,,8,Asia/Manila,2025-11-03
1720499,Calatagan,Calatagan,"Calalagan,Calatagan",13.83224,120.63219,P,PPLA3,PH,,40,09,041008000,,16110,,13,Asia/Manila,2017-12-13
1720508,Calasiao,Calasiao,"Calasiao,Colasiao",16.0111,120.36,P,PPLA3,PH,,01,51,015517000,,100686,,9,Asia/Manila,2025-09-27
1720561,Calapan,Calapan,"Calapan,Calapan City,Calapan Lakanbalen,Calapán,Dakbayan sa Calapan,Kalapan,Kota Calapan,Lungsod ng Calapan,ka la pan,kalapan,kalapana,kalaፓni,kallapan,karapan,Калапан,كالاپان,کالاپان,कालापान,কালাপান,ਕਾਲਾਪਾਨ,ካላፓን,カラパン,卡拉潘,칼라판",13.4117,121.1803,P,PPLA,PH,,41,41,175205000,,66008,,8,Asia/Manila,2026-04-14
1720681,Calamba,Calamba,"Calamba,Calamba City,Calamba Lakanbalen,Calambá,Kalamba,Kota Calamba,Urbs Calamba,ka lan ba,kalaba,kalamba,kalamba  lagwna,kalaምba,kallamba,karanba,Каламба,كالامبا,کالامبا,کالامبا، لاگونا,कलम्बा,কালাম্বা,ਕਾਲੰਬਾ,ካላምባ,カランバ,卡兰巴,칼람바",14.21167,121.16528,P,PPLA,PH,,40,33,043405000,,575046,,16,Asia/Manila,2026-04-14
1720751,Calaca,Calaca,Calaca,13.93244,120.81327,P,PPLA3,PH,,40,09,041007000,,37443,,24,Asia/Manila,2017-12-13
1720793,Calabanga,Calabanga,"Calabanga,Calabunga",13.7068,123.2087,P,PPLA3,PH,,05,16,051708000,,88918,,5,Asia/Manila,2025-09-26
1720840,Cainta,Cainta,Cainta,14.5786,121.1222,P,PPLA3,PH,,40,53,045805000,,283172,,12,Asia/Manila,2017-12-13
1721077,Mapun,Mapun,"Cagayan,Cagayan de Sulu,Cagayan de Tawi-Tawi,Kagayan,Kagayan de Tawi-Tawi,Mahalu,Tana' Mapun,Tana’ Mapun",6.9747,118.5144,P,PPL,PH,,41,49,,,29218,,8,Asia/Manila,2025-11-02
1721080,Cagayan de Oro,Cagayan de Oro,"CGY,Cagayan de Oro,Cagayan de Oro City,Cagayan de Oro Lakanbalen,Cagayán de Oro,Dakbayan sa Cagayan de Oro,Kagajan de Oras,Kagajan-de-Oro,Lungsod ng Cagayan de Oro,ka jia yan de ao luo,kagayande-olo,Кагаян-де-Оро,カガヤン・デ・オロ,卡加延德奥罗,카가얀데오로",8.48222,124.64722,P,PPLA2,PH,,10,43,104305000,,741617,,8,Asia/Manila,2025-09-24
1721168,Cadiz,Cadiz,"Cadiz,Cadiz Viejo",10.9465,123.288,P,PPL,PH,,06,H3,064504000,,129053,,12,Asia/Manila,2017-12-13
1721281,Cabuyao,Cabuyao,"Cabuyao,Cabuyao City,Cabúyao,Lungsod ng Cabuyao,ka bu yao,卡布堯",14.2726,121.1262,P,PPLA3,PH,,40,33,043404000,,308745,,15,Asia/Manila,2017-12-13
1721636,Cabiao,Cabiao,Cabiao,15.2488,120.8548,P,PPLA3,PH,,03,47,034904000,,49980,,15,Asia/Manila,2017-12-13
1721695,Cabayangan,Cabayangan,Cabayangan,7.40722,125.73306,P,PPL,PH,,11,I7,112303000,,16539,,5,Asia/Manila,2017-12-13
1721906,Cabanatuan City,Cabanatuan City,"Cabanatuan,Cabanatuan City,Cabanatúan,Ciudad ti Cabanatuan,Lakanbalen ning Cabanatuan,Lungsod ng Cabanatuan,Siudad ti Cabanatuan,Siyudad na Cabanatuan",15.48586,120.96648,P,PPL,PH,,03,47,034903000,,343672,,36,Asia/Manila,2025-11-02
1722005,Cabagan,Cabagan,"Cabagan,Cabagán",17.42782,121.76955,P,PPLA3,PH,,02,31,023106000,,25304,,30,Asia/Manila,2017-12-13
1722032,Cabadbaran,Cabadbaran,"Cabadbaran,Cabadbaran City,Cabadbarán,Kabadbaran,kabadbaran,kabaddobaran,kha bad ba ran,Кабадбаран,كابادباران,کابادباران,คาบัดบารัน,კაბადბარანი,カバッドバラン",9.12261,125.53549,P,PPL,PH,,13,02,160203000,,31114,,10,Asia/Manila,2017-12-13
1722186,Butuan,Butuan,"BXU,Butuan,Butuan City,Butuan Lakanbalen,Butuanas,City of Butuan,Dakbayan sa Butuan,Kota Butuan,Lungsod ng Butuan,Syudad nin Butuan,butouan,butu'ana,butuan,butuwani,butuyana,bwtwan,putuvan,wu duan shi,Буту́ан,Бутуан,بوتوان,बुतुआन,বুতুয়ান,ਬੁਤੁਆਨ,புடுவன்,ቡቱዋን,ブトゥアン,武端市,부투안",8.94917,125.54361,P,PPLA,PH,,13,02,160202000,,309709,,9,Asia/Manila,2026-04-14
1722267,Bustos,Bustos,"Bustos,Бустос",14.95806,120.91778,P,PPLA3,PH,,03,13,031406000,,80565,,13,Asia/Manila,2025-09-26
1722356,Boroon,Boroon,Buru-un,8.18278,124.17701,P,PPL,PH,,10,34,103504000,,15490,,82,Asia/Manila,2017-12-13
1722433,Burgos,Burgos,Burgos,15.72892,120.57224,P,PPL,PH,,03,63,036909000,,28178,,20,Asia/Manila,2017-12-13
1722481,Burauen,Burauen,Burauen,10.97556,124.89278,P,PPLA3,PH,,08,37,083710000,,54635,,59,Asia/Manila,2025-09-29
1722731,Bunawan,Bunawan,"Bunauan,Bunawan",8.16722,125.99083,P,PPLA3,PH,,13,03,160302000,,50999,,25,Asia/Manila,2025-09-27
1722818,Buluan,Buluan,"Bayan ng Buluan,Buluan,Inged a Buluan,Ingud nu Buluan",6.72028,124.80194,P,PPLA2,PH,,14,MGS,153803000,,60931,,16,Asia/Manila,2025-09-25
1722930,Bulaon,Bulaon,"Bulaon,Bulaun",15.08262,120.66288,P,PPL,PH,,03,50,035416000,,131818,,31,Asia/Manila,2017-12-13
1722985,Bulan,Bulan,"Bulan,Bulsan,Булан",12.67139,123.875,P,PPLA3,PH,,05,58,056203000,,28529,,5,Asia/Manila,2024-07-29
1723066,Bulacan,Bulacan,Bulacan,14.79278,120.87889,P,PPLA3,PH,,03,13,031405000,,83101,,7,Asia/Manila,2025-09-26
1723166,Buhi,Buhi,"Buhi,Bulu",13.4322,123.517,P,PPLA3,PH,,05,16,051705000,,30126,,96,Asia/Manila,2017-12-13
1723257,Bugo,Bugo,,8.50833,124.75944,P,PPL,PH,,10,43,104305000,,45787,,9,Asia/Manila,2017-12-13
1723481,Buenavista,Buenavista,"Bayan ng Buenavista,Buenavista,Lungsod sa Buenavista",8.97694,125.40889,P,PPL,PH,,13,02,160201000,,70691,,7,Asia/Manila,2025-11-02
1723510,Budta,Budta,Budta,7.20417,124.43972,P,PPL,PH,,14,MGN,153834000,,1273715,,4,Asia/Manila,2025-04-23
1723763,Brookes Point,Brookes Point,Brookes Point,8.77201,117.8371,P,PPL,PH,,41,49,175306000,,76715,,8,Asia/Manila,2025-11-02
1723822,Botolan,Botolan,Botolan,15.2896,120.0245,P,PPL,PH,,03,64,037101000,,22994,,15,Asia/Manila,2017-12-13
1723893,Borongan,Borongan,"BPA,Borongan City,Kota Borongan,bwrwngan,بورونگان",11.60806,125.43194,P,PPLA3,PH,,08,23,082604000,,71431,,8,Asia/Manila,2025-09-26
1723983,Bontoc,Bontoc,"Bontoc,Bontoz",17.08731,120.97685,P,PPLA3,PH,,15,44,144404000,,23466,,864,Asia/Manila,2025-09-29
1724088,Bongao,Bongao,"Bangaw,Bongao,Bongao Poblacion,Bonggao,Bonggaw,TWT,bongao,bwnagaw  tawy tawy,بوناگاؤ، تاوی تاوی,ボンガオ",5.02917,119.77306,P,PPLA3,PH,,14,72,157002000,,26518,,3,Asia/Manila,2026-01-26
1724106,Bongabon,Bongabon,Bongabon,15.6321,121.1448,P,PPLA3,PH,,03,47,034902000,,69376,,74,Asia/Manila,2025-09-26
1724435,Bogo,Bogo,"Bogo,Bogo City,Kota Bogo",11.0517,124.0055,P,PPLA3,PH,,07,21,072211000,,23562,,9,Asia/Manila,2025-09-29
1724489,Bocaue,Bocaue,Bocaue,14.79833,120.92611,P,PPLA3,PH,,03,13,031404000,,98649,,9,Asia/Manila,2017-12-13
1724767,Bislig,Bislig,"BPH,Bislig,Bislig City,Bislig Lakanbalen,Dakbayan sa Bislig,Kota Bislig,Lungsod ng Bislig,bi si li ge shi,bslg,بسلگ,比斯利格市",8.21528,126.31639,P,PPLA3,PH,,13,62,166803000,,99872,,11,Asia/Manila,2025-09-25
1724933,Binonga,Binonga,Binonga,10.7719,122.9817,P,PPL,PH,,06,H3,064526000,,83980,,15,Asia/Manila,2017-12-13
1724936,Binondo,Binondo,,14.603,120.974,P,PPLX,PH,,NCR,133900000,133904000,,20491,,1,Asia/Manila,2024-02-29
1724956,Binmaley,Binmaley,Binmaley,16.03232,120.26904,P,PPL,PH,,01,51,015513000,,44026,,5,Asia/Manila,2017-12-13
1725094,Binangonan,Binangonan,Binangonan,14.4646,121.1929,P,PPLA3,PH,,40,53,045804000,,219204,,10,Asia/Manila,2017-12-13
1725115,Biñan,Binan,"Binan,Binan City,Binyang,Biñan,Biñan City,Biñán,Ciudad nin Binan,Ciudad nin Biñan,Kota Binan,Kota Biñan,Lungsod ng Binan,Lungsod ng Biñan,bngan,بنگان",14.34267,121.08071,P,PPLA3,PH,,40,33,043403000,,300000,,10,Asia/Manila,2017-12-13
1725157,Binalbagan,Binalbagan,"Banwa sang Binalbagan,Bayan ng Binalbagan,Binalbagan",10.1948,122.8581,P,PPL,PH,,06,H3,064503000,,38587,,11,Asia/Manila,2022-02-15
1725359,Bignay Uno,Bignay Uno,"Bignay,Bignay Uno",13.86445,121.48792,P,PPL,PH,,40,H2,045645000,,22401,,18,Asia/Manila,2017-12-13
1725426,Upper Bicutan,Upper Bicutan,Bicutan,14.4996,121.0507,P,PPL,PH,,NCR,137600000,137607000,,47397,,23,Asia/Manila,2025-11-03
1725627,Bel Air,Bel Air,Bel-Air Four,14.5594,121.0258,P,PPL,PH,,NCR,137600000,137602000,,36007,,39,Asia/Manila,2025-11-03
1725684,Bayugan,Bayugan,"Bayugan,City of Bayugan,Dakbayan sa Bayugan,Lungsod ng Bayugan",8.75611,125.7675,P,PPL,PH,,13,03,160301000,,110313,,65,Asia/Manila,2025-11-03
1725729,Bayombong,Bayombong,"Bayombong,baywmbwng,بائومبونگ",16.4812,121.1497,P,PPLA3,PH,,02,48,025005000,,48199,,280,Asia/Manila,2017-12-13
1725799,Baybay,Baybay,"Baybay,Baybay City,Kota Baybay,بےبے",10.6785,124.8006,P,PPLA3,PH,,08,37,083708000,,17668,,5,Asia/Manila,2020-11-01
1725804,Bayawan,Bayawan,"Bagiavan,Bajavan,Bajavana,Bajavanas,Bayawan,City of Bayawan,Dakbayan sa Bayawan,Tolong,Tolong Nuevo,Tulong,ba wan wan,ba ya wan,baiavani,bayana,bayavam,bayavan,bayawan,beiwan,bevan,bevhana,beyavana,payavan,Μπαγιαβάν,Байаван,Баяван,باياوان,بایاوان,बायावां,बेव्हन,বায়ান,બેયવન,பாயாவான்,బయవాన్,ಬೇವನ್,බයාවන්,บายาวัน,ბაიავანი,バヤワン,巴湾湾,베이완",9.3649,122.804,P,PPL,PH,,07,46,074606000,,126744,,10,Asia/Manila,2025-11-02
1725851,Bayanan,Bayanan,,14.40778,121.05,P,PPLX,PH,,NCR,,,,38358,,10,Asia/Manila,2026-05-06
1725863,Bayambang,Bayambang,"Bayambang,Bayembang",15.8127,120.4557,P,PPLA3,PH,,01,51,015511000,,129506,,25,Asia/Manila,2025-09-27
1725919,Bay,Bay,"Bay,Bej,Бей",14.18368,121.28554,P,PPLA3,PH,,40,33,043402000,,33547,,11,Asia/Manila,2017-12-13
1725983,Bauang,Bauang,,16.53083,120.33306,P,PPLA3,PH,,01,36,013307000,,77670,,13,Asia/Manila,2025-09-27
1725991,Bauan,Bauan,Bauan,13.7917,121.0085,P,PPLA3,PH,,40,09,041006000,,33560,,20,Asia/Manila,2017-12-13
1726156,Bato,Bato,Bato,13.3528,123.3677,P,PPLA3,PH,,05,16,051703000,,16939,,16,Asia/Manila,2017-12-13
1726280,Batangas,Batangas,"Batangas,Batangas City,Батангас",13.7567,121.0584,P,PPLA2,PH,,40,09,041005000,,237370,,16,Asia/Manila,2017-12-13
1726339,Batac City,Batac City,"City of Batac,Ciudad ti Batac,Lungsod ng Batac",18.0554,120.56489,P,PPL,PH,,01,28,012805000,,56781,,27,Asia/Manila,2025-11-02
1726765,Baras,Baras,"Baras,Барас",14.51691,121.2658,P,PPLA3,PH,,40,53,045803000,,20250,,4,Asia/Manila,2017-12-13
1727043,Bantayan,Bantayan,"Banatayan,Bantayan",11.1683,123.7223,P,PPLA3,PH,,07,21,072209000,,87394,,8,Asia/Manila,2025-09-29
1727052,Bantay,Bantay,Bantay,17.58472,120.38917,P,PPLA3,PH,,01,29,012903000,,37088,,15,Asia/Manila,2025-09-27
1727080,Bansalan,Bansalan,"Bansalan,Dansalan,Miral",6.78611,125.21333,P,PPLA3,PH,,11,25,112401000,,21391,,162,Asia/Manila,2017-12-13
1727214,Bangued,Bangued,"Banged,banghwyd,bangwyd,bangwyd  abra,Бангед,بانغويد,بانگوئد,بانگوید، ابرا",17.60833,120.63806,P,PPLA2,PH,,15,01,140124000,,48331,,48,Asia/Manila,2025-09-25
1727400,Bañga,Banga,"Banga,Bañga",6.42389,124.77833,P,PPL,PH,,12,70,126302000,,58855,,165,Asia/Manila,2017-12-13
1727401,Banga,Banga,"Banga,Bañga",6.42381,124.77603,P,PPL,PH,,12,70,126313000,,91536,,164,Asia/Manila,2026-04-04
1727663,Bambang,Bambang,"Bambang,banban,バンバン",16.3865,121.1066,P,PPLA3,PH,,02,48,025004000,,60146,,329,Asia/Manila,2025-09-29
1727681,Bamban,Bamban,Bamban,15.27386,120.56683,P,PPL,PH,,03,63,036902000,,78260,,80,Asia/Manila,2024-08-25
1727995,Baliuag,Baliuag,"Baliuag,Baliwag,Balíuag",14.95472,120.89694,P,PPLA3,PH,,03,13,031403000,,135679,,22,Asia/Manila,2017-12-13
1728336,Balayan,Balayan,"Balajan,Balayan,Балаян",13.93714,120.73224,P,PPLA3,PH,,40,09,041003000,,50115,,8,Asia/Manila,2017-12-13
1728523,Balanga,Balanga,"Balanga City,Kota Balanga,Syudad Balanga,balanga siti,balanga  batan,بالانگا، باتآن,बलांगा सिटी",14.67611,120.53611,P,PPLA2,PH,,03,07,030803000,,72954,,12,Asia/Manila,2017-12-13
1728546,Balamban,Balamban,"Balamban,Balanban",10.5039,123.7156,P,PPLA3,PH,,07,21,072208000,,22283,,3,Asia/Manila,2017-12-13
1728584,Balagtas,Balagtas,"Balagtas,Tabang",14.81667,120.86667,P,PPLA3,PH,,03,13,031405000,,59826,,12,Asia/Manila,2017-12-13
1728772,Bais,Bais,"Bais,Bais City,Bajs,bai si,baisu,bays  nygrws shrqy,jzyrt byz,Байс,بایس، نیگروس شرقی,جزيرة بيز,バイス,拜斯",9.59111,123.12278,P,PPL,PH,,07,46,074604000,,88050,,10,Asia/Manila,2025-11-03
1728825,Bah-Bah,Bah-Bah,Bah-Bah,8.60722,125.91444,P,PPL,PH,,13,03,160306000,,28643,,43,Asia/Manila,2017-12-13
1728930,Baguio,Baguio,"BAG,Bagijas,Bagio,Baguio,Baguio City,Baguio Lakanbalen,Ciudad ti Baguio,Dakbayan sa Baguio,Kota Baguio,Lungsod ng Baguio,Siyudad na Baguio,Syudad nin Baguio,ba keiy w,bagio,bagiyo,bagu'i'o,bagyw,bajyw,baګyw,bi yao shi,pakiyo,Багио,باجيو,باګيو,باگیؤ,باگیو,बागुइओ,বাগুইও,ਬਾਗੁਇਓ,பாகியோ,บาเกียว,ባጊዮ,バギオ,碧瑶市,바기오",16.41639,120.59306,P,PPLA,PH,,15,10,141102000,,272714,,1493,Asia/Manila,2026-04-14
1729048,Bagong Barrio,Bagong Barrio,,14.66638,120.99322,P,PPL,PH,,NCR,137500000,137501000,,77490,,14,Asia/Manila,2025-10-07
1729085,Bago City,Bago City,"Bagas,Bago,Bago City,Banko,City of Bago,Dakbanwa/Syudad sang Bago,ba ge,ba ko,bago,bagw  nygrws ghrby,bajw,bego,bogo,pako,Μπάγκο,Баго,باجو,باگو، نیگروس غربی,बागो,बेगो,বাগো,બૉગો,பாகோ,బాగో,ಬಾಗೋ,බැගෝ,บาโก,ბაგო,バゴ,巴哥,바고",10.53333,122.83333,P,PPL,PH,,06,H3,064502000,,192993,,8,Asia/Manila,2025-11-02
1729324,Baggabag B,Baggabag B,"Bagabag,Baggabag B",16.50588,121.19014,P,PPL,PH,,02,48,025013000,,24967,,259,Asia/Manila,2017-12-13
1729524,Bacoor,Bacoor,"Bacoor Lakanbalen,Bakoor,Lungsod ng Bacoor,bakwwr,Бакоор,باکوور",14.45896,120.93851,P,PPLA3,PH,,40,20,042103000,,356974,,5,Asia/Manila,2019-08-29
1729564,Bacolod City,Bacolod City,"BCD,Baclod City,Bacolod,Bacolod City,Bacoloo City,Bacólod,Ciudad ti Bacolod,Dakbayan sa Bacolod,Lungsod ng Bacolod,Syudad han Bacolod",10.66667,122.95,P,PPLA2,PH,,06,H3,064501000,,454898,,14,Asia/Manila,2020-11-01
1729613,Baclaran,Baclaran,,14.53194,120.99417,P,PPL,PH,,40,53,,,33850,,9,Asia/Manila,2025-11-03
1729814,Baao,Baao,Baao,13.4549,123.3653,P,PPLA3,PH,,05,16,051701000,,19612,,12,Asia/Manila,2017-12-13
1729987,Atimonan,Atimonan,"Antimonan,Atimonan",14.0027,121.92078,P,PPL,PH,,40,H2,045603000,,29356,,8,Asia/Manila,2017-12-13
1730097,Asia,Asia,"Asia,Azija,Isio,Азия",9.5506,122.5164,P,PPL,PH,,06,H3,064512000,,23546,,13,Asia/Manila,2017-12-13
1730171,Aringay,Aringay,Aringay,16.394,120.3545,P,PPLA3,PH,,01,36,013302000,,29825,,16,Asia/Manila,2017-12-13
1730225,Arayat,Arayat,Arayat,15.1505,120.7697,P,PPLA3,PH,,03,50,035403000,,87987,,14,Asia/Manila,2017-12-13
1730398,Aparri,Aparri,"Aparri,Apparri,a pa li,阿帕里",18.3566,121.6406,P,PPLA3,PH,,02,14,021505000,,68368,,6,Asia/Manila,2025-09-26
1730413,Apalit,Apalit,Apalit,14.95333,120.77,P,PPLA3,PH,,03,50,035402000,,121057,,14,Asia/Manila,2025-09-25
1730501,Antipolo,Antipolo,Antipolo City,14.62578,121.12251,P,PPLA2,PH,,40,53,045802000,,913712,,23,Asia/Manila,2025-09-24
1730713,Angono,Angono,Angono,14.5266,121.1536,P,PPLA3,PH,,40,53,045801000,,134975,,11,Asia/Manila,2025-09-25
1730737,Angeles City,Angeles City,"Angeles,Angeles City,CRK,anghelleseu,앙헬레스",15.15,120.58333,P,PPL,PH,,03,50,035401000,,483452,,102,Asia/Manila,2025-11-02
1730749,Angat,Angat,"Angat,Santa Cruz",14.9285,121.03,P,PPLA3,PH,,03,13,031401000,,67862,,42,Asia/Manila,2025-09-26
1731212,Amadeo,Amadeo,,14.17056,120.92361,P,PPLA3,PH,,40,20,042102000,,44190,,437,Asia/Manila,2025-09-26
1731486,Alicia,Alicia,"Alicia,alysya  ayzabla,الیسیا، ایزابلا",16.77936,121.69734,P,PPLA3,PH,,02,31,023101000,,74699,55,75,Asia/Manila,2025-09-29
1731528,Aliaga,Aliaga,"Aliaga,Алиага",15.5,120.843,P,PPLA3,PH,,03,47,034901000,,34020,,28,Asia/Manila,2017-12-13
1731686,Alaminos,Alaminos,Alaminos,14.06391,121.24649,P,PPLA3,PH,,40,33,043401000,,31427,,152,Asia/Manila,2017-12-13
1731744,Alabel,Alabel,Alabel,6.10179,125.29048,P,PPLA2,PH,,12,M9,128001000,,90120,,40,Asia/Manila,2025-09-24
1731959,Agoo,Agoo,Agoo,16.08333,120.1,P,PPL,PH,,01,51,015542000,,28972,,28,Asia/Manila,2017-12-13
1732040,Aglipay,Aglipay,"Aglipay,Guinalbin,Guinalvin",16.4889,121.645,P,PPLA3,PH,,02,68,025701000,,30714,,114,Asia/Manila,2024-08-27
1732312,Abuyog,Abuyog,"Abuyog,abwyag  lyyt,ابویاگ، لییت",10.747,125.0107,P,PPLA3,PH,,08,37,083701000,,15632,,6,Asia/Manila,2017-12-13
1732354,Abucay,Abucay,Abucay,14.73347,120.53358,P,PPLA3,PH,,03,07,030801000,,35508,,6,Asia/Manila,2017-12-13
1966336,Bagong Pagasa,Bagong Pagasa,"Bagong Pag-asa,Bagong Pagasa,Pag-Asa",14.6627,121.0328,P,PPL,PH,,NCR,137400000,137404000,,29389,,37,Asia/Manila,2025-11-03
1978681,Malingao,Malingao,Malingao,7.16083,124.475,P,PPL,PH,,12,57,124709000,,1121974,,5,Asia/Manila,2017-12-13
7083355,Jose Rizal,Jose Rizal,"Bayan ng Rizal,Jose P. Rizal,Jose Rizal,Rizal",8.87722,117.50415,P,PPL,PH,,41,49,175323000,,59040,,17,Asia/Manila,2025-11-02
7090983,Commonwealth,Commonwealth,Commonwealth,14.6969,121.08006,P,PPL,PH,,NCR,137400000,137404000,,215034,,76,Asia/Manila,2025-12-11
7090987,Bagong Silangan,Bagong Silangan,Bagong Silangan,14.706,121.108,P,PPL,PH,,NCR,137400000,137404000,,106886,,51,Asia/Manila,2023-03-07
7290466,Pasig City,Pasig City,Pasig,14.58691,121.0614,P,PPLA2,PH,,NCR,137400000,137403000,,853050,,63,Asia/Manila,2025-09-24
7391141,Poblacion,Poblacion,Poblacion,14.3787,121.025,P,PPL,PH,,NCR,,043425000,,124554,,44,Asia/Manila,2026-05-06
8031389,Tabuk,Tabuk,Tabuk,17.4084,121.2785,P,PPLA2,PH,,15,32,143213000,,122771,,316,Asia/Manila,2025-09-24
8299649,Pandan,Pandan,"Banwa it Pandan,Banwa kang Pandan,Banwa sang Pandan,Bayan ng Pandan,Municipality of Pandan,Pandan,Пандан",11.74479,122.10027,P,PPL,PH,,06,06,060611000,,37325,18,20,Asia/Manila,2025-11-03
8335226,Ayala Alabang,Ayala Alabang,,14.40599,121.02222,P,PPLX,PH,,NCR,137600000,137603000,,25115,,41,Asia/Manila,2023-03-07
8534157,Banco Filipino Homes,Banco Filipino Homes,"BF Homes,Banco Filipino Homes",14.43379,121.02231,P,PPLX,PH,,NCR,137600000,137601000,,92752,,39,Asia/Manila,2023-03-07
10628881,Apas,Apas,,10.34076,123.90261,P,PPL,PH,,07,21,072217000,,22566,,74,Asia/Manila,2017-12-13
13060471,General Salipada K. Pendatun,General Salipada K. Pendatun,"Bayan ng Heneral Salipada K. Pendatun,General S.K Pendatun",6.82626,124.72171,P,PPL,PH,,14,MGS,153819000,,31263,,13,Asia/Manila,2025-04-23
13060482,Bagong Silang,Bagong Silang,,14.7783,121.04487,P,PPLA4,PH,,NCR,137500000,137501000,,261729,,50,Asia/Manila,2024-08-25
13118057,Al-Barka,Al-Barka,,6.48623,122.17552,P,PPLA3,PH,,14,22,150709000,,23736,,107,Asia/Manila,2024-10-20
13118244,Mandaluyong,Mandaluyong,,14.57837,121.03522,P,PPL,PH,,NCR,137400000,137401000,,425000,,30,Asia/Manila,2024-10-25
1880135,Yio Chu Kang,Yio Chu Kang,"Ioⁿ-chhu-kang,Iôⁿ-chhù-káng,Yio Chu Kang,Yio Chu Kang Village,yang cuo gang,杨厝港",1.39111,103.85139,P,PPL,SG,,00,,,,28350,,14,Asia/Singapore,2024-09-30
1880137,Yew Tee,Yew Tee,"Yew Tee,Yew Tee Village,Youchi,Yow Toe,Yóuchí,you chi,油池",1.39665,103.74738,P,PPL,SG,,03,,,,39100,,1,Asia/Singapore,2026-05-06
1880159,Ulu Bedok,Ulu Bedok,"Ulu Bedok,Ulu Bedok Village",1.33333,103.93333,P,PPL,SG,,00,,,,276990,,20,Asia/Singapore,2024-04-04
1880176,Toa Payoh New Town,Toa Payoh New Town,"Toa Payoh,Toa Payoh New Town,da ba yao,大巴窑",1.33611,103.85,P,PPLX,SG,,00,,,,120650,,22,Asia/Singapore,2024-04-16
1880177,Tiong Bahru Estate,Tiong Bahru Estate,"Tiong Baharu,Tiong Bahru Estate",1.28333,103.83278,P,PPLX,SG,,01,,,,15120,,15,Asia/Singapore,2024-04-03
1880184,Thomson,Thomson,"Thomson,Thomson Rise Estate,Thomson Village",1.34917,103.84361,P,PPLX,SG,,00,,,,29390,,19,Asia/Singapore,2024-04-04
1880214,Tanglin,Tanglin,"City West,Dongling,Dōnglíng,Tang-leng,Tang-lêng,Tanglin,dong ling,tanlin,தங்லின்,东陵",1.31667,103.81667,P,PPLX,SG,,00,,,,21810,,27,Asia/Singapore,2024-11-13
1880216,Tampines Estate,Tampines Estate,"Tampines,Tampines Estate",1.35806,103.94028,P,PPLX,SG,,00,,,,265340,,10,Asia/Singapore,2024-04-20
1880226,Sungai Simpang,Sungai Simpang,"Sungai Simpang,Sungei Simpang Village,Xinbang,Xīnbāng,xin bang,新邦",1.43806,103.82667,P,PPL,SG,,03,,,,20000,,23,Asia/Singapore,2024-04-23
1880252,Singapore,Singapore,"Danmaxi,Dānmǎxī,Garden City,Little Red Dot,SG,SIN,Sin-ka-po,Singapore,Singapore City,Singapour,Singapur,Singapura,Sinkapoure,Syonan-to,Sîn-kâ-po,Temasek,Tumasik,cinkappur,prathes singkhpor,shingaporu,sigapura,sing-gapol,sing-gapoleu,singapura,singkh por,sngapwr,snghafwrt,syngpwr,xin jia po,xing jia po,Σιγκαπούρη,Сингапур,Сінгапур,סינגפור,سنغافورة,سنگاپور,सिंगापुर,सिंगापूर,ਸਿੰਗਾਪੁਰ,சிங்கப்பூர்,ประเทศสิงคโปร์,สิงค์โปร,ປະເທດສງກະໂປ,ປະເທດສິງກະໂປ,စငကာပနငင,စင်ကာပူနိုင်ငံ,សងហបរ,សិង្ហបុរី,シンガポール,新加坡,星架坡,싱가포르,싱가폴",1.28967,103.85007,P,PPLC,SG,,,,,,5638700,,23,Asia/Singapore,2025-07-23
1880268,Serangoon Garden,Serangoon Garden,"Taman Serangoon,hong sha li,shi long gang hua yuan,实龙岗花园,红砂厘",1.36389,103.8575,P,PPLX,SG,,00,,,,36080,,32,Asia/Singapore,2024-10-24
1880271,Serangoon,Serangoon,"Serangoon,Serangoon Village",1.36278,103.8975,P,PPLX,SG,,00,,,,116900,,8,Asia/Singapore,2024-04-03
1880283,Sembawang Estate,Sembawang Estate,"Sanbawang,Sembawang,Sembawang Estate,Sembawang Village,Tambuwang,san ba wang,三巴旺",1.45083,103.82861,P,PPL,SG,,00,,,,110090,,18,Asia/Singapore,2025-03-28
1880348,Punggol,Punggol,"Bang'e,Bǎng'é,Ponggol,Punggol,Punggol Village,bang e,ponkol,pwngl,پونگل,பொங்கோல்,榜鹅",1.41444,103.90694,P,PPL,SG,,02,,,,204150,,30,Asia/Singapore,2026-05-06
1880398,Paya Lebar,Paya Lebar,Paya Lebar,1.35389,103.89056,P,PPLX,SG,,00,,,,16920,,17,Asia/Singapore,2024-04-03
1880463,Matilda Estate,Matilda Estate,,1.39944,103.90278,P,PPL,SG,,00,,,,52200,,14,Asia/Singapore,2024-04-03
1880469,Marsiling,Marsiling,"Marsiling,ma xi ling,马西岭",1.43254,103.77407,P,PPL,SG,,03,,,,22000,,1,Asia/Singapore,2024-10-22
1880486,Loyang,Loyang,"Lokvang,Lokyang,Lokyang Village",1.37861,103.97167,P,PPLX,SG,,00,,,,15340,,1,Asia/Singapore,2024-04-19
1880517,Keat Hong Village,Keat Hong Village,"Keat Hong,Keat Hong Village,ji feng,吉丰",1.37778,103.74417,P,PPL,SG,,00,,,,39370,,19,Asia/Singapore,2024-10-22
1880574,Kampong Pasir Ris,Kampong Pasir Ris,"Baisha,Baxili,Báishā,Bāxīlì,Kampong Pasir Ris,Pacir ris,Pasir Ris,Pācir ris,ba xi li,bai sha,pacir ris,பாசிர் ரிஸ்,巴西立,白沙",1.37833,103.93194,P,PPL,SG,,00,,,,144260,,5,Asia/Singapore,2026-05-06
1880586,Kampong Loyang,Kampong Loyang,"Kampong Loya,Kampong Loyang,Loyang,luo yang,洛阳,洛陽",1.37778,103.95944,P,PPL,SG,,00,,,,15340,,15,Asia/Singapore,2024-04-16
1880594,Kembangan,Kembangan,Kembangan,1.32228,103.91135,P,PPLX,SG,,00,,,,130252,,13,Asia/Singapore,2024-04-03
1880628,Kallang,Kallang,"Ga-laahng,Gā-láahng,Jialeng,Jiālěng,Ka-leng,Ka-léng,Kalang,Kallang,jia leng,加冷",1.33333,103.86667,P,PPLX,SG,,00,,,,101290,,18,Asia/Singapore,2024-09-19
1880650,Hong Kah,Hong Kah,"Hong Kah,Hong Kah Village",1.35944,103.72278,P,PPLX,SG,,00,,,,26150,,3,Asia/Singapore,2024-04-03
1880668,Geylang,Geylang,"Geylang,Geylang Serai,Geylang Serai Village,geiran,gylang,ya long,گیلانگ,ゲイラン,芽笼",1.31953,103.88689,P,PPLX,SG,,00,,,,110201,,8,Asia/Singapore,2024-04-22
1880744,Bukit Timah,Bukit Timah,"Bukit Timah,Bukit Timah Estate,Bukit Timah Village,wu ji zhi ma,武吉知马",1.328,103.791,P,PPL,SG,,00,,,,85900,,1,Asia/Singapore,2026-05-06
1880750,Bukit Merah Estate,Bukit Merah Estate,Bukit Merah Estate,1.28417,103.82306,P,PPLX,SG,,00,,,,151250,,21,Asia/Singapore,2024-04-03
1880756,Brickworks Estate,Brickworks Estate,,1.28722,103.80833,P,PPLX,SG,,00,,,,19820,,26,Asia/Singapore,2024-04-03
1880761,Boon Lay,Boon Lay,"Boon Lay,Bun Le,Bûn Lé,pun le,wen li/wen li,பூன் லே,文礼/文禮",1.311,103.694,P,PPL,SG,,00,,,,29510,,1,Asia/Singapore,2026-05-06
1881919,Bishan New Town,Bishan New Town,"Bishan,Bishan New Town",1.3504,103.84875,P,PPLX,SG,,00,,,,87320,,16,Asia/Singapore,2024-04-03
1881921,Bukit Batok New Town,Bukit Batok New Town,"Bu-kit Ba-tok,Bukit Batok,Bukit Batok New Town,wu ji ba du,wujibadu,武吉巴督",1.35903,103.76368,P,PPLX,SG,,00,,,,158030,,3,Asia/Singapore,2024-04-19
1881948,Hougang New Town,Hougang New Town,"Hougang,Hougang New Town",1.35667,103.89083,P,PPLX,SG,,00,,,,227560,,17,Asia/Singapore,2024-04-03
1881952,Jurong East,Jurong East,"Jurong East,Jurong East New Town,yu lang dong,裕廊东",1.32888,103.73995,P,PPL,SG,,04,,,,72960,,1,Asia/Singapore,2026-05-06
1881953,Jurong Town,Jurong Town,"Bandar Baharu Jurong,Jurong,Jurong New Town,Jurong Town,Jurong Village,Yulang,Yùláng,juron,yu lang,ஜூரோங்,裕廊",1.33417,103.72278,P,PPL,SG,,05,,,,262730,,20,Asia/Singapore,2023-12-12
1881955,Jurong West,Jurong West,"Jurong West,Jurong West New Town,yu lang xi,裕廊西",1.35028,103.72278,P,PPL,SG,,00,,,,253840,,27,Asia/Singapore,2026-05-06
1881957,Kaki Bukit Estate,Kaki Bukit Estate,"Kaki Bukit,Kaki Bukit Estate",1.3375,103.90917,P,PPLX,SG,,00,,,,37150,,29,Asia/Singapore,2024-04-20
1882033,MacPherson,MacPherson,"MacPherson Estate,Maiboshen,Màibōshēn,mai bo shen,makpercon,மக்பெர்சொன்,麦波申",1.32713,103.88413,P,PPL,SG,,01,,,,26850,,14,Asia/Singapore,2026-05-06
1882044,Outram Park,Outram Park,,1.2825,103.83806,P,PPLX,SG,,00,,,,18340,,19,Asia/Singapore,2024-04-03
1882101,Serangoon New Town,Serangoon New Town,"Serangoon,Serangoon New Town,Shilonggang",1.35083,103.87083,P,PPLX,SG,,00,,,,116900,,21,Asia/Singapore,2024-04-19
1882103,Simei New Town,Simei New Town,"Simei,Simei Estate,Simei New Town",1.34111,103.95611,P,PPLX,SG,,00,,,,39450,,15,Asia/Singapore,2024-04-03
1882115,Tampines New Town,Tampines New Town,"Tampines,Tampines New Town,dan bin ni,淡滨尼",1.34917,103.94972,P,PPLX,SG,,00,,,,259900,,22,Asia/Singapore,2024-04-19
1882155,Yishun New Town,Yishun New Town,"Nee Soon,Yishun,Yishun New Town,yi shun,yicun putiya nakaram,யீசூன் புதிய நகரம்,义顺,義順",1.43333,103.83111,P,PPL,SG,,03,,,,228730,,22,Asia/Singapore,2026-05-06
1882316,Woodlands,Woodlands,"Woodlands,Woodlands New Town,WuLan,wu lan,兀兰",1.43801,103.78877,P,PPL,SG,,03,,,,254440,,27,Asia/Singapore,2026-05-06
1882778,Marine Parade,Marine Parade,"MP,Ma-lim Pah-liat,Malin Bailie,Marine Parade,Marine Parade Estate,Má-lîm Pah-lia̍t,Mǎlín Bǎiliè,ma lin bai lie,marin paret,maryn pryd  sngapwr,مارین پرید، سنگاپور,மரின் பரேட்,馬林百列,马林百列",1.30306,103.90778,P,PPL,SG,,03,,,,47180,,16,Asia/Singapore,2026-05-06
1884365,Ang Mo Kio New Town,Ang Mo Kio New Town,"AMK,Ang Mo Kio,Ang Mo Kio New Town,hong mao qiao,宏茂桥,宏茂橋",1.38028,103.83972,P,PPL,SG,,02,,,,159340,,27,Asia/Singapore,2025-03-28
1884367,Bukit Panjang New Town,Bukit Panjang New Town,"BP,Bt Panjang,Bukit Panjang,Bukit Panjang New Town,Wujibanrang,Wǔjíbānràng,pukkittu pancan,wu ji ban rang,புக்கித்து பஞ்சாங்,武吉班让",1.37972,103.76472,P,PPL,SG,,05,,,,138050,,36,Asia/Singapore,2024-10-22
1884382,Bedok New Town,Bedok New Town,"Bedok,Bedok New Town,Bedok Village,Pitok,Piṭōk,pitok,wu luo,பிடோக்,勿洛",1.32639,103.94167,P,PPL,SG,,04,,,,276990,,9,Asia/Singapore,2024-04-03
1884384,Clementi Housing Estate,Clementi Housing Estate,"Clementi,Clementi Housing Estate,Clementi New Town,Sit Estate",1.31583,103.76472,P,PPLX,SG,,00,,,,92420,,20,Asia/Singapore,2024-04-03
1884385,Pasir Ris New Town,Pasir Ris New Town,"Pasir Ris,Pasir Ris New Town,Pasir Ris Village",1.37222,103.94778,P,PPLX,SG,,04,,,,54420,,26,Asia/Singapore,2024-04-03
1884386,Queenstown Estate,Queenstown Estate,"Queenstown,Queenstown Estate,Queenstown New Town,nu huang zhen,女皇镇",1.29417,103.8025,P,PPL,SG,,00,,,,101480,,22,Asia/Singapore,2026-05-06
1884403,Telok Blangah,Telok Blangah,"Telok Blanga,Telok Blangah Estate,Telok Blangah New Town,Teluk Blangah,teluk pilanka,zhi luo bu lan ya,தெலுக் பிளாங்கா,直落布兰雅",1.27472,103.81167,P,PPLX,SG,,00,,,,19320,,35,Asia/Singapore,2024-10-24
1884737,Choa Chu Kang New Town,Choa Chu Kang New Town,"CCK,Cai Cuo Gang,Chhoa Chhu Kang,Chhòa Chhù Káng,Choa Chu Kang,Choa Chu Kang New Town,Chua Chu Kang,Cài Cuò Gǎng,cai cuo gang,cuva cu kan,சுவா சூ காங்,蔡厝港",1.3825,103.74972,P,PPL,SG,,03,,,,187550,,28,Asia/Singapore,2026-05-06
7281987,Novena,Novena,"novina,nuo wei na,நொவீணா,诺维娜",1.31697,103.8438,P,PPL,SG,,02,,,,53160,,20,Asia/Singapore,2026-05-06
7289731,Eunos,Eunos,"Geylang East,Geylang Timur,kelan kilakku,ya long dong,கேலாங் கிழக்கு,芽笼东,芽籠東",1.32252,103.89822,P,PPL,SG,,,,,,32820,,6,Asia/Singapore,2026-05-06
7289760,Sengkang New Town,Sengkang New Town,"Sengkang,Sengkang New Town,Sheng Gang,Shèng Gǎng,cenkan,sheng gang,செங்காங்,盛港",1.39167,103.89444,P,PPL,SG,,02,,,,267600,,21,Asia/Singapore,2026-05-06
13100482,Fajar,Fajar,"Dawn,Fajia,fa jia,法嘉",1.38436,103.77059,P,PPLX,SG,,,,,,26420,,2,Asia/Singapore,2024-10-22
13100483,Saujana,Saujana,"sang jia na,桑加那",1.38254,103.7679,P,PPLX,SG,,,,,,25000,,2,Asia/Singapore,2024-10-22
13100484,Bangkit,Bangkit,"Rise,Wanji,wan ji,万吉",1.37982,103.77251,P,PPLX,SG,,,,,,21010,,2,Asia/Singapore,2024-10-22
13118122,Margaret Drive,Margaret Drive,"ma ge lie tong dao,玛格烈通道",1.29682,103.80839,P,PPLX,SG,,,,,,24160,,1,Asia/Singapore,2024-10-22
13118135,Jelebu,Jelebu,,1.37953,103.76286,P,PPLX,SG,,,,,,29960,,2,Asia/Singapore,2024-10-22
13118136,Senja,Senja,"xin jia,信佳",1.38516,103.76073,P,PPLX,SG,,,,,,23830,,2,Asia/Singapore,2024-10-22
13118138,Anak Bukit,Anak Bukit,"Small Hill,an na wu ji,安娜武吉",1.34067,103.77301,P,PPL,SG,,,,,,22960,,1,Asia/Singapore,2024-10-22
13118139,Peng Siang,Peng Siang,,1.37995,103.74066,P,PPLX,SG,,,,,,33860,,1,Asia/Singapore,2024-10-22
13118140,Teck Whye,Teck Whye,,1.3803,103.75197,P,PPL,SG,,,,,,24560,,1,Asia/Singapore,2024-10-22
1117652,Ban Talat Yai,Ban Talat Yai,"Talat Yai,Talat-Jai,Талат-Яи",7.88481,98.40008,P,PPL,TH,,62,8301,830101,,52192,,8,Asia/Bangkok,2023-12-11
1117656,Ban Talat Nua,Ban Talat Nua,"Talat-Nua,Талат-Нуа",7.88489,98.38557,P,PPL,TH,,62,8301,830102,,23381,,10,Asia/Bangkok,2023-12-11
1117823,Sam Roi Yot,Sam Roi Yot,"Amphoe Sam Roi Yot,Ban Sam Roi Yot,King Amphoe Sam Roi Yot,Sam Roi Yot,sam rxy yxd,สามร้อยยอด",12.27081,99.87203,P,PPLA2,TH,,57,7708,770802,,19709,,17,Asia/Bangkok,2023-12-11
1149698,Phetchaburi,Phetchaburi,"Amphoe Khlong Krachaeng,Amphoe Muang Phet Buri,Bejraburi,Bhej Buri,Changwat Phet Buri,Fetcaburi,Fetchaburi,Fetçaburi,Moeang Bhejburi,Muang Bheja Buri,Muang Pecha Buri,Muang Petchaboun,Mueang Phetchaburi,Pechaburi,Petchaburi,Phet Buri,Phetchaburi,Pkhetchaburi,ftchabry,ftchabwry,meuxng phechrburi,petchaburi,phecaburi,phechrburi,phetacaburi,ptchbwry,Пхетчабури,Фетчабури,فتچابری,فتچابوری,پتچبوری,फेतचाबुरी,ফেতচাবুরী,ਫੇਚਾਬੁਰੀ,เพชรบุรี,เมืองเพชรบุรี,ፌcibori,ፌችቦሪ,ペッチャブリー",13.11189,99.94467,P,PPLA,TH,,56,7601,,,46601,,7,Asia/Bangkok,2026-04-14
1150007,Trang,Trang,"Amphoe Muang Trang,Changwat Trang,TST,Tran,Trang,tiraniግ,toran,tr a ng,trang,tranga,trng,Тран,Транг,ترانگ,ترنگ,ترัง,ट्रांग,ট্রাঙ্গ,ਟ੍ਰਾਂਗ,ตรัง,ትራንግ,トラン",7.55633,99.61141,P,PPLA,TH,,65,9201,,,66713,,27,Asia/Bangkok,2026-04-14
1150085,Thung Song,Thung Song,"Amphoe Dhung Song,Amphoe Thung Song,Amphoe Tungsong,Ban Chamai,Chamai,Dhung Song,Dhūng Song,Thung Song,Tungsong,thungsng,ทุ่งสง",8.16453,99.68039,P,PPLA2,TH,,64,8009,800901,,28223,,57,Asia/Bangkok,2023-12-11
1150154,Thoen,Thoen,"Amphoe Moeang Theun,Amphoe Moeangthenn,Amphoe Muang Thoen,Amphoe Thoen,Ban Laum Read,Ban Lohm Red,Ban Lom Raet,Lau Raet,Lohm Red,Muang Tern,Muang Teun,Muang Tharn,Muang Thoen,Thoen,thein,เถิน",17.61289,99.21612,P,PPLA2,TH,,06,5208,520801,,18459,,170,Asia/Bangkok,2023-12-10
1150210,Thap Than,Thap Than,"Amphoe Thap Than,Amphu Tap Tan,Ban Thap Than,Dhapdhan,Nong Kradi,Thap Than,thaphthan,ทัพทัน",15.46063,99.89166,P,PPLA2,TH,,15,6102,610201,,16615,,45,Asia/Bangkok,2023-12-10
1150246,Tha Muang,Tha Muang,"Amphoe Tai,Amphoe Tha Muang,Amphoe Wang Khanai,Ban Tha Muang,Tha Muang,Wang Kanai,Wang Khanai,thamwng,ท่าม่วง",13.96118,99.64122,P,PPLA2,TH,,50,7106,710601,,26746,,27,Asia/Bangkok,2023-12-11
1150275,Tha Maka,Tha Maka,"Amphoe Tha Maka,Tha Maka",13.9,99.76667,P,PPL,TH,,50,7105,710513,,52907,,15,Asia/Bangkok,2023-12-11
1150490,Tak,Tak,"Amphoe Mueang Tak,Baheng,Ban Rahaeng,Ban Raheang,Changwat Tak,Muang Raheng,Muang Tak,Rahaeng,Rahaong,Raheng,TKT,Tak,Takas,Tark,tak,taka,taki,taku,thesbal meuxng tak,ttag,Так,تاک,तक,তাক,ਤਾਕ,ตาก,เทศบาลเมืองตาก,ታክ,ターク,딱",16.86968,99.12898,P,PPLA,TH,,08,6301,,,24149,,113,Asia/Bangkok,2026-04-14
1150515,Surat Thani,Surat Thani,"Amphoe Ban Don,Amphoe Muang Surat Thani,Ban Dohn,Ban Don,Ban Makham Tia,Ban Makham Tir,Bandaun,Changwat Surat,Changwat Surat Thani,Makham Tia,Mueang Surat Thani,Suras,Surashtradhani,Surat Tani,Surat Thani,Surat-Tani,Surathanis,Surattkhani,Szuratthani,URT,su le ta ni,sulastani,surasʹdrthani,surata thani,surati tani,suratotani,swrat tany,swrt tany,thesbal nkhr surasʹdrthani,Сурат-Тани,Сураттхани,סוראט טהאני,سورات تانی,سورات تھانی,سورت تاني,سورت تھانی,सुरत थानी,সুরাট থানী,ਸੁਰਤ ਥਾਨੀ,สุราษฎร์ธานี,เทศบาลนครสุราษฎร์ธานี,སུ་ར་ཊི་ཐ་ནི།,ሱራት ታኒ,スラートターニー,素叻他尼,수랏타니",9.14011,99.33311,P,PPLA,TH,,60,8401,,,132040,,10,Asia/Bangkok,2026-04-14
1150533,Sukhothai,Sukhothai,"Amphoe Muang Sukhothai,Amphoe Mueang Sukhothai,Amphoe Sukhodhai,Amphoe Sukhothai,Ban Thani,Changwat Sukhobhai,Changwat Sukhodhai,Changwat Sukhothai,Muang Soukotai,Muang Sukotai,Sukanthai,Sukauthai,Sukhobhai,Sukhodhai,Sukhotay,Sukhothai,Sukhothai Thani,Sukhothaj,Sukhothat,Sukhothaï,Sukkhotaj,Sukkhotkhaj,Sukodhai,Sukotajus,THS,skhwtay,skھwtھayy,sukhota'i,sukhotha'i,sukhothay,sukotai,sukxotayi,swkhwtay,Сукхотай,Сукхотхай,سوخوتای,سکهوتای,سکھوتھائی,सुखोताई,সুখোথাই,ਸੁਖੋਤਾਈ,สุโขทัย,ሱኾታይ,スコータイ,수코타이",17.00778,99.823,P,PPLA,TH,,09,6401,,,37000,,53,Asia/Bangkok,2026-04-14
1150624,Si Satchanalai,Si Satchanalai,"Amphoe Si Satchanalai,Hat Siao,Si Satchanalai,srisachnalay,ศรีสัชนาลัย",17.51692,99.75978,P,PPLA2,TH,,09,6405,640501,,25942,,77,Asia/Bangkok,2023-12-10
1150681,Sawankhalok,Sawankhalok,"Amphoe Sawankhalok,Ban Wang Mai Kaun,Ban Wang Mai Khon,Changwat Muang Sawarngalok,Changwat Sawankhalok,Muang Savankulok,Muang Sawan Kalok,Muang Sawankalauk,Muang Sawarngalok,Mueang Sawankhalok,Mueang Wang Mai Khon,Sawankalauk,Sawankaloke,Sawankhalok,Sawankhalor,Sawarngalok,Swankalauk,Swankhalok,Wang Mai Kuan,swrrkhlok,สวรรคโลก",17.31597,99.83186,P,PPLA2,TH,,09,6407,640701,,19805,,67,Asia/Bangkok,2023-12-10
1150728,San Pa Tong,San Pa Tong,"Amphoe San Pa Tong,San Pa Tong,sanpatxng,สันป่าตอง",18.62828,98.89572,P,PPLA2,TH,,02,5012,501201,,17773,,300,Asia/Bangkok,2023-12-10
1150732,San Kamphaeng,San Kamphaeng,"Amphoe San Kamphaeng,Ban San Gampheang,Ban San Kamphaeng,Ban San Kamphaeng Luang,Bān San Gampheang,Kwaeng Mae Om,San Kamphaeng,Sankambheng,Sankambhēng,สันกำแพง",18.74486,99.11953,P,PPLA2,TH,,02,5013,501301,,32950,,311,Asia/Bangkok,2023-12-10
1150921,Ron Phibun,Ron Phibun,"Amphoe Ron Phibun,Ban Romphi Bull,Ban Ron Phibun,Raun Phibun,Ron Phibun,Ronipibon,rxnphibuly,ร่อนพิบูลย์",8.17911,99.85425,P,PPLA2,TH,,64,8013,801301,,26621,37,27,Asia/Bangkok,2023-12-11
1150954,Ratchaburi,Ratchaburi,"Amphoe Muang Rat Buri,Changwat Rat Buri,Mondhol Rajburi,Muang Rajburi,Muang Ratburi,Mueang Ratchaburi,Racaburi,Rachaburi,Rajburi,Rat Buri,Ratchaburi,Raçaburi,racaburi,rachabry,rachaburi,rachburi,rachbwry,rachھabry,Ратчабури,Рачабури,راچابری,راچبوری,راچھابری,राचबुरी,রাচাবুরী,ਰਾਚਾਬੁਰੀ,ราชบุรี,ራቻቡሪ,ラチャブリー",13.53671,99.81712,P,PPLA,TH,,52,7001,700101,,92448,,8,Asia/Bangkok,2026-04-14
1150965,Ranong,Ranong,"Amphoe Muang Ranong,Changwat Ranong,Muang Ra Nohng,Muang Ranawng,Muang Ranong,Ranaong,Ranaung,Ranawng,Ranohng,Ranong,Ranonq,Renawng,Renong,UNN,ranam,ranon,ranonga,ranoniግ,ranwng,ranxng,Ранонг,رانونگ,रानोंग,রানং,ਰਾਨੋਂਗ,ระนอง,ራኖንግ,ラノン",9.96583,98.63476,P,PPLA,TH,,59,8501,,,24561,,38,Asia/Bangkok,2026-04-14
1151063,Pran Buri,Pran Buri,"Amphoe Pranburi,Ban Pak O Pran,Meuangpran,Muang Pran,Muang Pran Kao,Mueang Pran,Mueang Pran Buri,Pran,Pran Buri,pranburi,ปราณบุรี",12.38487,99.90157,P,PPLA2,TH,,57,7706,770602,,47293,,10,Asia/Bangkok,2023-12-11
1151074,Prachuap Khiri Khan,Prachuap Khiri Khan,"Changwat Prachuap Khiri Khan,PRACHUAB KHIRI KHAN,Prachuab,Prachuab Girikhan,Prachuab Khirakhanda,Prachuab Kirikan,Prachuap,Prachuap Giri Khan,Prachuap Khiri Khan,Prachuap Kirikan,Prachuap-Kkhiri-Khan,Prachuapgirikhand,Prachūab Gīrīkhan,Pracuap Kiri Han,Praçuap Kiri Han,prachwap khyry khan,prachwp khyry khan,pracu'apa khiri khana,pracuyapa khiri khana,pracwbkhirikhanth,purajuappukirikan,Прачуап-Кхири-Хан,پراچوآپ خیری خان,پراچوپ خیری خان,प्रचुआप खिरी खान,প্রাচুয়াপ খিরি খান,ਪ੍ਰਾਚੁਆਪ ਖਿਰੀ ਖਾਨ,ประจวบคีรีขันธ์,ፕracuʿeፕ kiri kani,ፕራቹአፕ ኪሪ ካን,プラジュアップキーリーカン",11.82098,99.7841,P,PPLA,TH,,57,7701,,,33521,,13,Asia/Bangkok,2026-04-14
1151211,Tha Kham,Tha Kham,"Tha Kham,tha kham,thesbal meuxng tha kham,ท่าข้าม,เทศบาลเมืองท่าข้าม",9.11072,99.23208,P,PPLA2,TH,,60,8417,841701,,25810,,10,Asia/Bangkok,2023-12-11
1151254,Phuket,Phuket,"Amphoe Muang Phuket,Bhuket,Changwat Phuket,HKT,Phuket,Phuketas,Pkhuket,Puketo,Pxuket,Tongka,Tongkah,bu ji shi,fwkt,fwkyt,phuket,phuketa,pu ji shi,pukes,pukkes,pukkit,pwqt,tesaban'nakon・puketto,thesbal nkhr phuket,Пхукет,פוקט,فوكيت,فوکت,پھوکیت,फुकेट,ফুকেট,ਫੁਕੇਟ,புக்கிட்,ภูเก็ต,เทศบาลนครภูเก็ต,པུ་ཁེཊ་གྲོང་ཁྱེར​།,ፉketi,ፉኬት,テーサバーンナコーン・プーケット,布吉市,普吉市,푸껫,푸켓",7.89059,98.3981,P,PPLA,TH,,62,8301,,,79308,,28,Asia/Bangkok,2026-04-14
1151340,Photharam,Photharam,"Amphoe Photharam,Amphu Po Ta-ram,Ban Photharam,Bhodharam,Bhōdhārām,Kwaeng Photharam,Photharam,Pkhotkharam,photharam,Пхотхарам,โพธาราม",13.69234,99.84969,P,PPLA2,TH,,52,7007,700701,,36248,,12,Asia/Bangkok,2023-12-11
1151426,Phayao,Phayao,"Amphoe Moeang Bha Yao,Amphoe Muang Phayao,Amphoe Muang Pra Yao,Amphoe Phayao,Ban Nai Wiang,Bhayao,Changwat Phayao,Fajao,Fayao,Moeangbhayao,Muang Phayao,Muang Prao,Muang Prayao,Mueang Chang Wat Pha Yao,Mueang Phayao,Phayao,Pkhajao,Prayao,canghwad phayea,fyaw,payao,phaya'o,phayea,Пхаяо,Фаяо,فیاؤ,فیاو,फयाओ,ফায়াও,ਫਾਯਾਓ,จังหวัดพะเยา,พะเยา,ፋyaው,ፋያው,パヤオ",19.19203,99.87883,P,PPLA,TH,,41,5601,,,21058,,409,Asia/Bangkok,2026-04-14
1151528,Pa Sang,Pa Sang,"Amphoe Pa Sang,Ban Pa Sang,Pa Sang,pasang,ป่าซาง",18.52617,98.93936,P,PPLA2,TH,,05,5106,510602,,15607,,295,Asia/Bangkok,2023-12-10
1151933,Nakhon Si Thammarat,Nakhon Si Thammarat,"Amphoe Muang Nakhon Si Thammarat,Changwat Nakhon Si Thammarat,Lakawn,Lakon,Ligor,Muang Nagorn Sridharmaraj,Muang Nakawn Sri Tamarat,Mueang Nakhon Si Thammarat,NST,Nagara Sridharmaraj,Nagor Sridhamaraj,Nagorn Sridharmrat,Nagorri Sridharmrat,Nakawn Sitamarat,Nakawn Sritamarat,Nakhaun Si Thammarat,Nakhon Si Tammarat,Nakhon Si Thammarat,Nakhon Si Thammarht,Nakhon Sritamarai,Nakhon Srithamarat,Nakhon Srithamrat,Nakhon Szi Thammarat,Nakhonsithamrat,Nakkhon-Si-Tkhammarat,Nakkhonsitkhammarat,Nakon,Nakon Si Tham Rat,Nakon Sitamarat,Nakon Sri Tammarat,Nakon Sritamaraj,Nakon Sritamarat,Nakorn Si Thamarat,Nakorn Sridamaraja,Naxon Si Tamarat,na kong shi tan ma le,nakhana si tham'marata,nakhona si tham'marata,nakhona si thamarata,nakonshitanmarato,nakonsitammalas,nanyoni si tamarati,nkhrsrithrrmrach,nkhwn sy tmart,thesbal nkhr nkhrsrithrrmrach,Накхон-Си-Тхаммарат,Накхонситхаммарат,נאקון סי טמרט,ناکھون سی تھامارات,نخون سي تمارت,نخون سی تمارت,نکھون سی تھاماراٹ,नखोन सी थाम्मारत,নখন সি থাম্মারাট,ਨਖੋਨ ਸੀ ਥਾਮਾਰਤ,นครศรีธรรมราช,เทศบาลนครนครศรีธรรมราช,ན་ཁཱོན་སི་ཐམ་མ་ར་ཊི།,ናኞን ሲ ታማራት,ナコーンシータンマラート,那空是贪玛叻,나콘시탐마랏",8.43333,99.96667,P,PPLA,TH,,64,8001,,,102152,,8,Asia/Bangkok,2026-04-14
1152188,Mae Sot,Mae Sot,"Amphoe Ban Mae Sot,Amphoe Mae Saut,Amphoe Mae Sot,Amphoe Mesoht,Ban Mae Sot,Ban Me Ramat,Ban Me Sohd,Ban Mesod,Branch Amphoe Me Sohd,Branch Amphoe Mē Sōhd,MAQ,Mae Saut,Mae Sord,Mae Sot,Mehsord,Mesod,Mesoht,Mesort,Mēsoht,แม่สอด",16.71667,98.56667,P,PPLA2,TH,,08,6306,630601,,44563,,213,Asia/Bangkok,2023-12-10
1152194,Mae Sai,Mae Sai,"Amphoe Mae Sai,King Amphoe Mae Sai,Mae Sai,แม่สาย",20.43353,99.87617,P,PPLA2,TH,,03,5709,570906,,27520,,437,Asia/Bangkok,2023-12-10
1152202,Mae Ramat,Mae Ramat,"Amphoe Mae Ramat,Ban Mae Ramat,King Amphoe Mae Ramat,Mae Ramat,Meramas,Meramat,Mēramat,Mēramās,Tambon Mae Ramat,แม่ระมาด",16.98403,98.51665,P,PPLA2,TH,,08,6304,630401,,17316,,184,Asia/Bangkok,2023-12-10
1152227,Mae Chan,Mae Chan,"Amphoe Chiang Saen,Amphoe Mae Chan,Ban Gasa,Ban Kasa,Ban Mae Chan,Ban Mea Jan,Bān Gāsa,Bān Mea Jan,Chiang Saen,Chieng Sean,Chiengsen,Mae Chan,Mehchan,Pong Hong,Мэчан,แม่จัน",20.14675,99.85256,P,PPLA2,TH,,03,5707,570701,,37672,,416,Asia/Bangkok,2023-12-10
1152377,Lat Yao,Lat Yao,"Amphoe Lat Yao,Ban Lad Yao,Ban Lat Yao,Ban Lat Yau,Bān Lād Yao,Bān Lāt Yāu,Lat Yao,ladyaw,ลาดยาว",15.751,99.78925,P,PPLA2,TH,,16,6011,601101,,17506,,62,Asia/Bangkok,2023-12-10
1152432,Lang Suan,Lang Suan,"Amper Khan Ngern,Amphoe Khan Ngoen,Amphoe Khanngeun,Amphoe Lang Suan,Ban Khan Ngoen,Khan Ngden,Khan Ngoen,Lang Suan,Moeang Hlang Suan,Moeang Hlang Sūan,Muang Hlang Suan,Muang Lang Suan,Mueang Lang Suan,hlangswn,หลังสวน",9.94561,99.07847,P,PPLA2,TH,,58,8604,860402,,16142,,11,Asia/Bangkok,2023-12-11
1152468,Lamphun,Lamphun,"Amphoe Muang Lamphun,Amphoe Mueang Lamphun,Changwat Lamphun,Changwat Muang Lamphun,Lambhun,Lamfun,Lamphun,Lampkhun,Lampoon,Lampun,Muang Lam Poun,Muang Lamphun,Muang Lampun,Mueang Lamphun,lamaphuna,lampuna,laphun,laምፉni,lmfwn,lmpھwn,lyamphuna,ranpun,Лампхун,لمفون,لمپھون,लंपुन,ল্যাম্ফুন,ਲਮਫੁਨ,ลำพูน,ላምፉን,ランプーン",18.58054,99.00745,P,PPLA,TH,,05,5101,,,43196,,296,Asia/Bangkok,2026-04-14
1152473,Lampang,Lampang,"Amphoe Muang Lampang,Amphoe Mueang Lampang,Changwat Lampang,Changwat Muang Lampang,Changwat Muang Nagorn Lambang,LPT,Lakhon,Lakhon Lampang,Lampang,Lampangas,Lampanq,Muang Lakhon Lampang,Muang Lampang,Muang Nagorn Lambang,Muang Nakon Lampang,Mueang Lampang,Nakawn,Nakawn Lampang,Nakhon Lampang,Nakon Lampang,Nakorn Lampang,lamapanga,lampang,lampanga,lamppang,lapang,laምፓniግ,lmpang,lmpanګ,lyampam,lympyng,ranpan,thesbal nkhr lapang,Лампанг,لامپانگ,لمپانګ,لمپانگ,لیمپینگ,लंपांग,ল্যাম্পাং,ਲਮਪਾਂਗ,ลำปาง,เทศบาลนครลำปาง,ལམ་པང་།,ላምፓንግ,ランパーン,람빵",18.29232,99.49277,P,PPLA,TH,,06,5201,,,156139,,238,Asia/Bangkok,2026-04-14
1152562,Kui Buri,Kui Buri,"Amphoe Kui Buri,Ban Kui Buri,Ban Kui Kao,Ban Kui Nua,King Amphoe Kui Buri,Kui,Kui Buri,Kui Kao,Kui Nua,Kuwi,Menangkuwi,Meng Kui,Moeang Kui,Muang Gui Gao,Muang Kui,Muang Kui Kao,Muang Kuwi,kuyburi,กุยบุรี",12.08283,99.85431,P,PPLA2,TH,,57,7702,770201,,19046,,15,Asia/Bangkok,2023-12-11
1152633,Krabi,Krabi,"Amphoe Muang Krabi,Amphoe Mueang Krabi,Amphoe Pak Nam,Changwat Krabi,Ghirbi,KBV,Krabi,Krampi,Moeang Kra-bi,Muang Krabi,Mueang Krabi,canghwad krabi,jia mi,kirabi,kkeulabi,krabi,kraby,kurabi,meuxng krabi,thesbal meuxng krabi,Κράμπι,Краби,Крабі,کرابي,کرابی,क्राबी,ক্রাবি,ਕ੍ਰਾਬੀ,กระบี่,จังหวัดกระบี่,เทศบาลเมืองกระบี่,เมืองกระบี่,ክራቢ,クラビー,甲米,끄라비",8.07257,98.91052,P,PPLA,TH,,63,8101,,,31219,,14,Asia/Bangkok,2026-04-14
1152919,Khao Yoi,Khao Yoi,"Amphoe Huai Luang,Amphoe Khao Yoi,Khao Yoi,kheayxy,เขาย้อย",13.24025,99.82428,P,PPLA2,TH,,56,7602,760201,,18506,,13,Asia/Bangkok,2023-12-11
1152953,Khanu Woralaksaburi,Khanu Woralaksaburi,"Amphoe Khanuworalak Buri,Khanu Woralaksaburi,Khanworalak Buri,King Amphoe Khanu Woralaksaburi,ขาณุวรลักษบุรี",16.0617,99.86058,P,PPLA2,TH,,11,6204,620405,,21889,,52,Asia/Bangkok,2023-12-10
1153035,Kathu,Kathu,"Ban Talat Kathu,Kathu,Katu,Tambon Kathu,tabl kathu,Кату,ตำบลกะทู้",7.91779,98.33322,P,PPL,TH,,62,8302,830201,,34835,,36,Asia/Bangkok,2023-12-11
1153081,Kanchanaburi,Kanchanaburi,"Changwat Kanchanaburi,Kanburi,Kancanaburi,Kanchana,Kanchanaburi,Kancsanaburi,Kanpuri,Kançanaburi,Moeang Kanchana Buri,Muang Kanchana Buri,kacanaburi,kancanaburi,kancanapuri,kanchanaburi,kanchanabwry,kanicanaburi,kaycnburi,kkanjjanabuli,knchanbwry,knchnabry,knchھnabry,qnznbwry,thesbal meuxng kaycnburi,Канчанабури,Канчанабурі,קנצנבורי,کانچانابوری,کنچانبوری,کنچنابري,کنچھنابری,कंचनबुरी,কাঞ্চনাবুরী,ਕੰਚਨਾਬੁਰੀ,காஞ்சனபுரி,กาญจนบุรี,เทศบาลเมืองกาญจนบุรี,ཀཱན་ཅ་ན་བུ་རི།,ካንቻናቡሪ,カーンチャナブリー,깐짜나부리",14.00412,99.54832,P,PPLA,TH,,50,7101,,,63699,,33,Asia/Bangkok,2026-04-14
1153090,Kamphaeng Phet,Kamphaeng Phet,"Amphoe Muang Kamphaeng Phet,Amphoe Mueang Kamphaeng Phet,Changwat Kamphaeng Phet,Changwat Muang Kam Bheng Bhej,Gamphaeng Phet,Gampheang Phet,Kam Baeng Bejr,Kambheng Bhej,Kamfenq Pet,Kamphaeng Phet,Kampkheng-Pkhet,Meuangkamphayng,Muang Kam Bheng Bhej,Muang Kam Phaeng Phet,Muang Kum Pang Pet,kamphem peta,kamphenga peta,kamupenpetto,kaphenga peta,kaphængphechr,kaምፌniግ ፔti,kmfng pt,kmfng pyٹ,kmfnګ pyټ,Кампхенг-Пхет,کمفنګ پيټ,کمفنگ پت,کمفنگ پیٹ,कंफेंग पेट,কম্ফেং পেট,ਕੰਫੇਂਗ ਪੇਟ,กำแพงเพชร,ካምፌንግ ፔት,カムペーンペット",16.48344,99.52153,P,PPLA,TH,,11,6201,,,58787,,83,Asia/Bangkok,2026-04-14
1153241,Huai Yot,Huai Yot,"Amphoe Huai Yot,Amphoe Khao Khao,Amphoe Khau Khaw,Ban Kao Kau,Ban Khaokao,Ban Nam Phrai,Ban Nem Phrai,Bān Kāo Kāu,Huai Yot,Khao Khao,Khaokao,Khou Khaw,Nam Phrai,ban na phray,hwyyxd,บ้านน้ำพราย,ห้วยยอด",7.78937,99.63469,P,PPLA2,TH,,65,9206,920601,,16586,,54,Asia/Bangkok,2023-12-11
1153269,Hua Hin,Hua Hin,"Amphoe Hua Hin,Ban Hua Hin,HHQ,Hau Hin,Hua Hin,Huahin,Khua Khin,Khuakhin,King Amphoe Ban Hua Hin,King Amphoe Hua Hin,fuwahin,hawhin-pranburi,huahin,hwa hyn,xaphex hawhin,Хуа Хин,Хуахин,Хуахін,هوا هين,หัวหิน-ปราณบุรี,อำเภอหัวหิน,フワヒン,후아힌",12.57065,99.95876,P,PPL,TH,,57,7707,,,126355,,10,Asia/Bangkok,2025-06-17
1153386,Hang Dong,Hang Dong,"Amphoe Hang Dong,Ban Hang Dong,Hang Dong,Khwaeng Mae Tha Chang,King Amphoe Hang Dong,hangdng,หางดง,แขวงแม่ท่าช้าง",18.68703,98.91939,P,PPLA2,TH,,02,5015,501501,,17931,,311,Asia/Bangkok,2023-12-10
1153464,Dok Kham Tai,Dok Kham Tai,"Amphoe Dok Kham Tai,Ban Dauk Kam Tai,Ban Dauk Kam Tāi,Ban Dok Kham Tai,Dauk Kham Tai,Dok Kham Tai,King Amphoe Dok Kham Tai,ดอกคำใต้",19.16242,99.99342,P,PPLA2,TH,,41,5605,560502,,23824,,394,Asia/Bangkok,2023-12-11
1153513,Damnoen Saduak,Damnoen Saduak,"Amphoe Damnoen Saduak,Ban Damnoen Saduak,Ban Khlong Damnoen Saduak,Damnoen Saduak,Damnoensaduak,daneinsadwk,Дамноенсадуак,ดำเนินสะดวก",13.51825,99.95469,P,PPLA2,TH,,52,7004,700401,,23296,,6,Asia/Bangkok,2023-12-11
1153557,Chumphon,Chumphon,"Amphoe Muang Chumphon,CJM,Champawn,Changwat Chumphon,Chumphaun,Chumphon,Chumpkhon,Chumpon,Chumporn,Csumphon,Cumfon,Cumphonas,Jumbhorn,Jumbor,Muang Champawn,Muang Choum Pon,Muang Chum Pon,Muang Chumporn,Muang Jum Bhorn,Mueang Chumphon,chmfwn,chumphr,chumpon,chumupon,chwmfwn,cumaphona,cumphana,cumphona,cuምፎni,thesbal meuxng chumphr,Çumfon,Čumphonas,Чумпхон,چمفون,چمپھون,چومفون,चुम्फोन,চুম্ফন,ਚੁਮਫੋਨ,ชุมพร,เทศบาลเมืองชุมพร,ཅུམ་ཕཱོན།,ቹምፎን,チュムポン,춤폰",10.4957,99.17971,P,PPLA,TH,,58,8601,,,55835,,8,Asia/Bangkok,2026-04-14
1153646,Chom Bueng,Chom Bueng,"Amphoe Chom Bueng,Amphoe Chom Bung,Ban Chom Bung,Chaum Boeng,Chohm Boeng,Chom Bueng,Chom Bung,King Amphoe Chom Bueng,King Chom Bung,cxmbung,จอมบึง",13.62,99.59169,P,PPLA2,TH,,52,7002,700201,,15143,,89,Asia/Bangkok,2023-12-11
1153669,Chiang Rai,Chiang Rai,"Amphoe Chiang Rai,Amphoe Muang Chiang Rai,CEI,Chang Rai,Changwat Chiang Rai,Changwat Muang Chiang Rai,Changwat Muang Jieng Rai,Chiang Rai,Chiang-Rai,Chiangraj,Chiengrai,Cian Ray,Ciangrajus,Cziang Raj,Jieng Rai,Muang Chiang Rai,Muang Chieng Rai,Muang Jieng Rai,Mueang Chiang Rai,Propinsi Chiang Rai,Thanh pho Chiang Rai,Thành phố Chiang Rai,Xieng Rai,cheiyngray,chianglai,chienrai,chyang ray,chyang rayy,chyanګ ray,ci'anga ra'i,ci'enga raya,ciyam ra'i,ciyaniግ rayi,qing lai,thesbal nkhr cheiyngray,zyʼng rʼy,Çian Ray,Čiangrajus,Чианграй,Чіанг-Раї,ציאנג ראי,چیانګ رای,چیانگ رائی,چیانگ رای,चिएंग राय,চিয়াং রাই,ਚਿਆਂਗ ਰਾਈ,เชียงราย,เทศบาลนครเชียงราย,ཆེང་རཱེ།,ቺያንግ ራይ,チエンラーイ,清萊,치앙라이",19.90858,99.8325,P,PPLA,TH,,03,5701,,,78756,,401,Asia/Bangkok,2026-04-14
1153671,Chiang Mai,Chiang Mai,"Amphoe Muang Chiang Mai,CNX,Changwat Chiang Mai,Chiang Mai,Chiang-Maj,Chiangmai,Chiengmai,Cian May,Cziang Maj,Kiangmai,Muang Chieng Mai,Muang Jieng Hmai,Mueang Chiang Mai,Xieng Mai,Zimme,Zimmé,cheiynghım,chiangmai,chienmai,chyang may,chyang mayy,chyanګ may,ci'anga ma'i,ci'enga ma'i,ciyam ma'i,ciyaniግ mayi,qing mai,Çian May,Чианг-Май,Чіанг-Май,צ'אנג מאי,צ'יאנג מאי,چیانګ مای,چیانگ مائی,چیانگ مای,चिएंग माई,চিয়াং মাই,ਚਿਆਂਗ ਮਾਈ,เชียงใหม่,แม่ริม เชียงใหม่,ቺያንግ ማይ,チエンマイ,清迈,清邁,치앙마이",18.79038,98.98468,P,PPLA,TH,,02,5001,,,127240,,313,Asia/Bangkok,2026-04-14
1153807,Cha-am,Cha-am,"Amphoe Cha-am,Amphoe Na Yang,Amphoe Nong Chok,Ban Chaam,Cha-am,Sha-am,chaxa,Ча-ам,ชะอำ",12.8,99.96667,P,PPLA2,TH,,56,7604,760401,,49375,,5,Asia/Bangkok,2023-12-11
1153850,Bo Phloi,Bo Phloi,"Amphoe Bo Phloi,Ban Bo Phloi,Bo Phloi,King Bau Phloi,King Bo Phloi,bxphlxy,บ่อพลอย",14.32517,99.51467,P,PPLA2,TH,,50,7103,710301,,16786,,96,Asia/Bangkok,2023-12-11
1154677,Ban Tak,Ban Tak,"Amphoe Ban Tak,Ban Tak,Tak,bantak,บ้านตาก",17.04325,99.08128,P,PPLA2,TH,,08,6302,630201,,18384,,148,Asia/Bangkok,2023-12-10
1154689,Ko Samui,Ko Samui,"Amphoe Ko Samui,Amphoe Koh Sa-mui,Amphoe Koksamui,Ban Na Dhaun,Ban Na Thaun,Ban Na Thon,Ban Natawn,Ban Naton,Ban Suan Yang,Ko Samui,Koh Samui,Na Thaun,Naton,keaasmuy,เกาะสมุย",9.53567,99.93567,P,PPLA2,TH,,60,8404,840401,,50000,,8,Asia/Bangkok,2023-12-11
1154770,Ban Ko Sire,Ban Ko Sire,"Ban Ko Sire,Ban Sire,ban keaa si her,บ้านเกาะสิเหร่",7.88747,98.42575,P,PPL,TH,,62,8301,830104,,71284,,15,Asia/Bangkok,2025-07-01
1155139,Ban Pong,Ban Pong,"Amphoe Ban Pong,Ban Pong,Pan-pong,banpong,Пан-понг,บ้านโป่ง",13.81629,99.87739,P,PPLA2,TH,,52,7005,700501,,57559,,16,Asia/Bangkok,2023-12-11
1156046,Ban Na San,Ban Na San,"Amphoe Ban Na,Ban Na San,Na Sau,Nasan,bannasar,บ้านนาสาร",8.80036,99.36372,P,PPLA2,TH,,60,8412,841201,,21900,,40,Asia/Bangkok,2023-12-11
1156257,Ban Na,Ban Na,"Ban Na,banna,บ้านนา",17.01717,99.73283,P,PPL,TH,,09,6401,640103,,40174,,59,Asia/Bangkok,2023-12-10
1157266,Ban Kamala,Ban Kamala,"Ban Gamara,Ban Gāmara,Ban Kamala,Ban Kamara,Ban Kammala,Ban Kammara,Kamala,Kamala Beach,Kamara,Mu Ban Jasmine Kamala,Thai Kamala Village,ban kmla,had kmla,ka tabich,กะตะบีช,บ้านกมลา,หาดกมลา",7.95508,98.28322,P,PPL,TH,,62,8302,830203,,22296,,11,Asia/Bangkok,2024-11-26
1157290,Ban I Chang,Ban I Chang,"Ban I Chang,Ban Ichang,I-Chang,ban xi cang,บ้านอีจาง",13.71061,99.89617,P,PPL,TH,,52,7006,700602,,119858,,12,Asia/Bangkok,2026-01-23
1157662,Bang Saphan,Bang Saphan,"Amphoe Bang Saphan,Amphu Bangspan,Ban Bang Saphan Yai,Bang Saphan Yai,Bangsabhan",11.21259,99.51167,P,PPL,TH,,57,7704,770401,,15134,,12,Asia/Bangkok,2023-12-11
1157683,Bang Phae,Bang Phae,"Amphoe Bang Phae,Amphoe Hua Pho,Amphoe Lam Phraya,Ban Bang Phae,Ban Bang Phae Tai,Bang Phae,Bang Phae Tai,Tha Rap,บางแพ",13.69157,99.92982,P,PPLA2,TH,,52,7006,700601,,29548,,11,Asia/Bangkok,2023-12-11
1595679,Nong Kung Si,Nong Kung Si,,16.65,103.3,P,PPL,TH,,23,4612,461201,,17001,,183,Asia/Bangkok,2023-12-10
1599640,Ban Nong Wua So,Ban Nong Wua So,,17.2675,103.22472,P,PPL,TH,,76,4108,410801,,21722,,181,Asia/Bangkok,2023-12-11
1601579,Ban Mai,Ban Mai,"Ban Mai,บ้านใหม่",7.20411,100.54508,P,PPL,TH,,68,9015,901502,,86899,,6,Asia/Bangkok,2023-12-11
1602708,Ban Khlong Bang Bon,Ban Khlong Bang Bon,"Ban Khlong Bang Bon,ban khlxng bang bxn,บ้านคลองบางบอน",13.63606,100.3775,P,PPL,TH,,40,1050,105003,,24008,,6,Asia/Bangkok,2025-07-19
1603235,Ban Huai Thalaeng,Ban Huai Thalaeng,,14.98333,102.65,P,PPL,TH,,27,3016,301601,,15352,,195,Asia/Bangkok,2023-12-10
1604452,Ban Khlong Bang Sao Thong,Ban Khlong Bang Sao Thong,"Ban Bang Sao Thong,Ban Khlong Bang Sao Thong,ban khlxng bangseathng,บ้านคลองบางเสาธง",13.64172,100.83272,P,PPL,TH,,42,1106,110601,,31153,,4,Asia/Bangkok,2023-12-11
1604654,Na Klang,Na Klang,"Na Klang,naklang,นากลาง",17.3072,102.18886,P,PPLA2,TH,,79,3902,390201,,31024,,253,Asia/Bangkok,2023-12-11
1604769,Yasothon,Yasothon,"Amphoe Muang Yasothon,Amphoe Yasodhom,Amphoe Yasodhorn,Amphoe Yasothon,Ban Nai Muang,Ban Singh Tha,Changwat Yasothon,Jasotkhon,Muang Iott-so Ton,Muang Yasothaun,Muang Yasothon,Mueang Yasothon,Yasodhorn,Yasotawn,Yasothon,Yasotorn,Yasotxon,iyasothana,yasothana,yasothona,yasoton,yasotoni,yaswtwn,yaswtھwn,ysothr,Ясотхон,یاسوتون,یاسوتھون,यसोथोन,ইয়াসোথন,ਯਾਸੋਥਨ,ยโสธร,ያሶቶን,ヤソトン",15.79408,104.1451,P,PPLA,TH,,72,3501,,,21643,,135,Asia/Bangkok,2026-04-14
1604771,Yaring,Yaring,"Amphoe Yamu,Amphoe Yaring,Ban Yamu,Jaring,Muang Yaring,Muang Yering,Yamu,Yaring,yahring,ยะหริ่ง",6.86617,101.36894,P,PPLA2,TH,,69,9409,940908,,31111,,6,Asia/Bangkok,2023-12-11
1604792,Yan Nawa,Yan Nawa,"Yan Nava,Yan Nawa,yannawa,ยานนาวา",13.69634,100.54212,P,PPLA2,TH,,40,1012,101203,,81521,,4,Asia/Bangkok,2025-07-19
1604870,Yala,Yala,"Amphoe Mueang Yala,Amphoe Yala,Ban Yala,Changwat Yala,Jala,Muang Yala,Mueang Yala,Yala,iyala,yala,yara,Ялa,Яла,یالا,यला,ইয়ালা,ਯਾਲਾ,ยะลา,ያላ,ヤラー",6.53995,101.28128,P,PPLA,TH,,70,9501,,,93558,,24,Asia/Bangkok,2026-04-14
1605018,Wiset Chaichan,Wiset Chaichan,"Amphoe Phai Cham Sin,Amphoe Wiset Chai Chan,Wises Jai-jan,Wises Jai-jān,Wiset Chai Chan,Wiset Chaichan,วิเศษชัยชาญ",14.59524,100.33808,P,PPLA2,TH,,35,1506,150602,,19129,,12,Asia/Bangkok,2026-04-17
1605024,Wichian Buri,Wichian Buri,"Amphoe Tha Rong,Amphoe Wichian,Amphoe Wichian Buri,Amphoe Wijiern,Ban Wichian,Tha Rong,Wi-jiern,Wi-jiērn,Wichian,Wichian Buri,wicheiyrburi,วิเชียรบุรี",15.65778,101.10603,P,PPLA2,TH,,14,6705,670501,,39272,,72,Asia/Bangkok,2023-12-10
1605069,Warin Chamrap,Warin Chamrap,"Amphoe Thaksin Ubon,Amphoe Warin Chamrap,Amphoe Warinjamrap,Ban That,Varindra,Warim Chamrap,Warin,Warin Chamrap,wa rin,warincharab,วาริน,วารินชำราบ",15.19319,104.8628,P,PPLA2,TH,,75,3415,341501,,43102,,136,Asia/Bangkok,2024-11-19
1605070,Warichaphum,Warichaphum,"Amphoe Waritchaphum,Ban Muang Waritchaphum,King Amphoe Barijabhum,King Amphoe Waritchaphum,King Waritchaphum,Muang Ouarit Poum,Muang Uarit Pom,Muang Waritchaphum,Ouarit Poum,Warichaphum,Waritchaphum,warichphumi,วาริชภูมิ",17.29409,103.63816,P,PPLA2,TH,,20,4706,470601,,15760,,181,Asia/Bangkok,2026-01-23
1605102,Wang Saphung,Wang Saphung,"Amphoe Wang Saphung,Ban Wang Sa Pung,Ban Wang San Phung,Ban Wang Saphung,Khwaeng Wang Saphung,Wang Saphung,Wangsabhung,wangsaphung,วังสะพุง",17.30097,101.7685,P,PPLA2,TH,,18,4209,420901,,15747,,254,Asia/Bangkok,2023-12-10
1605118,Wang Noi,Wang Noi,"Amphoe Uthai Noi,Amphoe Wang Noi,Ban Bang Pla Kot Noi,Ban Wang Noi,Wang Noi,wangnxy,วังน้อย",14.22689,100.7155,P,PPLA2,TH,,36,1411,141104,,15865,,5,Asia/Bangkok,2023-12-10
1605119,Wang Nam Yen,Wang Nam Yen,"Amphoe Wang Nam Yen,King Amphoe Wang Nam Yen,Wang Nam Yen,wangnayen,วังน้ำเย็น",13.50476,102.18093,P,PPLA2,TH,,80,2704,270401,,16299,,104,Asia/Bangkok,2026-04-17
1605215,Uttaradit,Uttaradit,"Amphoe Mueang Uttaradit,Changwat Muang Utaradith,Changwat Uttaradit,Muang Utaradit,Muang Utaradith,Outaradit,UTR,Utaradit,Utaraditas,Utaraditra,Uttaradit,Uttardit,Uttradit,atradyt,cheng yi,thesbal meuxng xutrditth,utaradita,uttaladis,uttaradita,uttaraditto,xutrditth,ʿutitaraditi,Уттарадит,Уттарадіт,اتراديت,اٹاراڈٹ,उत्तरदित,উত্তরাদিত,ਉੱਤਰਾਦਿਤ,อุตรดิตถ์,เทศบาลเมืองอุตรดิตถ์,ኡትታራዲት,ウッタラディット,程逸,우따라딧",17.62557,100.09421,P,PPLA,TH,,10,5301,,,58313,,68,Asia/Bangkok,2026-04-14
1605221,Uthai Thani,Uthai Thani,"Amphoe Nam Sum,Ban Nam Sum,Changwat Muang Uthai Thani,Changwat Uthai Thani,Muang Udhai Dhani,Muang Utai Tani,Muang Uthai Thani,Mueang Uthai Thani,Udhaidhani,Utay Tani,Uthai Thani,Utkhaj-Tkhani,athay tany,athay thany,atھayy tھany,utaitani,utha'i thani,xuthaythani,ʿuteyi tani,Утхай-Тхані,اتهای تانی,اتهای ثاني,اتھائی تھانی,उथाई थानी,উথাই থানী,ਉਥਾਈ ਥਾਨੀ,อุทัยธานี,ኡተይ ታኒ,ウタイタニー",15.37939,100.0245,P,PPLA,TH,,15,6101,610101,,22219,,28,Asia/Bangkok,2026-04-14
1605239,Udon Thani,Udon Thani,"Ban Dua Makeng,Ban Ma Keng,Ban Mak Khaeng,Bar Deua Ma Khong,Changwat Udaunthani,Changwat Udon Thani,Mak Khaeng,Mueang Udon Thani,UTH,Udaun Thani,Udon,Udon Tani,Udon Thani,Udon-Tkhani,Udonthani,Udonthanis,Udontkhani,Udorn,Udorndhani,Udornthani,awdwn tany,aډwn thany,thesbal nkhr xudrthani,udana thani,udona thani,udontani,wdwn tany,wu long ta ni,xudrthani,ʿudoni tani,Удон Тани,Удон-Тхані,Удонтхани,אודון תאני,اودون تانی,اودون تھانی,اډون ثاني,ودون تاني,उडोन थानी,উডন থানী,ਉਡੋਨ ਥਾਨੀ,อุดรธานี,เทศบาลนครอุดรธานี,ཨུ་ཌོན་ཐ་ནི།,ኡዶን ታኒ,テーサバーンナコーン・ウドーンターニー,乌隆他尼,우돈타니",17.41567,102.78589,P,PPLA,TH,,76,4101,,,130531,,177,Asia/Bangkok,2026-04-14
1605245,Ubon Ratchathani,Ubon Ratchathani,"Changwat Muang Ubon,Changwat Ubon Ratchathani,Muang Ubol,Muang Ubon,Muang Ubon Ratcha-Thani,Muang Ubun,Mueang Ubon Ratchathani,Oubon,UBP,Ubol,Ubol Rachatani,Ubol Rajadhani,Ubolrajdhani,Ubon,Ubon Racatani,Ubon Rachatani,Ubon Rachpani,Ubon Ratchathani,Ubon Ratczathani,Ubon Raçatani,Ubon-Rachatkhani,Ubonrajathani,Ubonrajdhani,Ubonrajthani,Ubonratcathanis,Ubonratchatkhani,Ubonratčathanis,awbwn ratshathany,awbwn rchatany,tesaban'nakon・ubonrachatani,thesbal nkhr xublrachthani,ubana racathani,ubona racathani,ubonlaschatani,wu wen le cha ta ni,xublrachthani,ywbwn ratchatany,ʿuboni racatani,Убон Рачатані,Убон-Рачатхані,Убонратчатхани,أوبون راتشاثاني,ابون راتچاتھانی,اوبون راٹچاتھانی,اوبون رچاتاني,یوبون راتچاتانی,उबोन राचथानी,উবন রাচাথানী,ਉਬੋਨ ਰਾਚਾਥਾਨੀ,อุบลราชธานี,เทศบาลนครอุบลราชธานี,ཨུ་བཱོན་ར་ཊི་ཅ་ཐ་ནི།,ኡቦን ራቻታኒ,テーサバーンナコーン・ウボンラーチャターニー,乌汶叻差他尼,우본랏차타니",15.23844,104.84866,P,PPLA,TH,,75,3401,,,122533,,125,Asia/Bangkok,2026-04-14
1605279,Trat,Trat,"Ban Bang Phra,Ban Prah,Bang Phra,Changwat Trat,Krat,Muang Krat,TDX,Trad,Trat,tirati,torato,trad,traita,trata,traټ,Трат,تراد,تراټ,ٹryٹ,ٹریٹ,ट्रैट,ট্রাট,ਟ੍ਰਾਟ,ตราด,ትራት,トラート",12.24364,102.51514,P,PPLA,TH,,49,2301,,,21590,,7,Asia/Bangkok,2026-04-14
1605403,Thon Buri,Thon Buri,"Amphoe Thon Buri,Changwat Thon Buri,Dhonburi,Dhonhuri,Thon Buri,Thonhuri,thnburi,ธนบุรี",13.725,100.48511,P,PPLA2,TH,,40,1015,101503,,119708,,7,Asia/Bangkok,2025-07-19
1605467,Tha Yang,Tha Yang,"Amphoe Tha Yang,Ban Tha Yang",12.95772,99.90555,P,PPL,TH,,56,7605,760501,,42602,,11,Asia/Bangkok,2023-12-11
1605509,Tha Ruea,Tha Ruea,"Amphoe Nakhon Noi,Amphoe Tha Rua,Ban Tah Roea,Ban Tha Rua,Dha Roea,Dhā Roēa,Tha Rha,Tha Rua,Tha Ruea,thareux,ท่าเรือ",14.56739,100.72598,P,PPLA2,TH,,36,1402,140201,,19116,,13,Asia/Bangkok,2023-12-10
1605538,Thap Khlo,Thap Khlo,"Amphoe Thap Khlo,King Amphoe Thap Khlo,Thap Khlo,thab kh lx,ทับคล้อ",16.16003,100.59656,P,PPLA2,TH,,13,6608,660801,,15528,,51,Asia/Bangkok,2023-12-10
1605601,Tha Mai,Tha Mai,"Amphoe Khamong,Amphoe Phloi Waen,Amphoe Tha Mai,Ban Tha Mai,Talat Amphoe Tha Mai,Tha Mai,ท่าใหม่",12.62188,102.0048,P,PPLA2,TH,,48,2203,220301,,22445,,4,Asia/Bangkok,2026-04-17
1605677,Tha Bo,Tha Bo,"Amphoe Tha Bo,Ban Tha Bau,Ban Tha Bo,Mong Ta Bo,Mueang Tha Bo,Möng Ta Bo,Tha Bo,Tha Bor,thabx,ท่าบ่อ",17.85003,102.58139,P,PPLA2,TH,,17,4302,430201,,35292,,182,Asia/Bangkok,2023-12-10
1605754,Taphan Hin,Taphan Hin,"Amphoe Taphan Hin,Ban Saphan Hin,King Amphoe Taphan Hin,Taphan Hin,taphanhin,ตะพานหิน",16.22095,100.41978,P,PPLA2,TH,,13,6604,660401,,21895,,36,Asia/Bangkok,2023-12-10
1605843,Taling Chan,Taling Chan,"Amphoe Taling Chan,Tahng Jan,Taling Chan,tlingchan,ตลิ่งชัน",13.77698,100.4567,P,PPLA2,TH,,40,1019,101901,,105299,,8,Asia/Bangkok,2025-07-19
1605957,Tak Bai,Tak Bai,"Amphoe Kampong Chehe,Amphoe Tak Bai,Ampur Takbai,Ban Takbai,Chavhay,Chayhay,Che He,Kampong Chehe,Tak Bai,Takbar,ตากใบ",6.25947,102.05461,P,PPLA2,TH,,31,9602,960201,,17241,,9,Asia/Bangkok,2023-12-10
1606030,Surin,Surin,"Changwat Surin,Muang Sourin,Muang Surin,Mueang Surin,PXR,Surin,Surindr,Surindra,sryn,surin,surina,surini,surinthr,swryn,Сурин,سرین,سورين,سورین,सुरिन,সুরিন,ਸੁਰਿਨ,สุรินทร์,ሱሪን,スリン",14.88181,103.49364,P,PPLA,TH,,29,3201,,,46673,,150,Asia/Bangkok,2026-04-14
1606033,Suphan Buri,Suphan Buri,"Amphoe Muang Suphan Buri,Ban Tha Phi Liang,Changwat Suphan Buri,Muang Subharn,Muang Supan,Muang Suphan,Mueang Suphan Buri,Subhan Buri,Subharn,Sufan Buri,Supan,Supanburi,Supham Buri,Suphan Buri,Supkhan-Buri,Thaphi Liang,spھan bry,supana buri,supanburi,suphana buri,suphrrnburi,suፋni buri,swfan bry,swfan bwry,Супхан-Бурі,Суфан Бури,سوفان بري,سوفان بوری,سپھان بری,सुपान बुरी,সুপান বুরী,ਸੁਫਾਨ ਬੁਰੀ,สุพรรณบุรี,ሱፋን ቡሪ,スパンブリー",14.47418,100.12218,P,PPLA,TH,,51,7201,,,53399,,12,Asia/Bangkok,2026-04-14
1606050,Su-ngai Kolok,Su-ngai Kolok,"Amphoe Sungai Kolok,King Amphoe Su-ngai Kolok,Kolok,Su-ngai Kolok,Sungai Kolok,Sungei Kolok,suhingko-lk,สุไหงโก-ลก",6.02977,101.96586,P,PPLA2,TH,,31,9610,961001,,42776,,19,Asia/Bangkok,2023-12-10
1606147,Songkhla,Songkhla,"Amphoe Muang Songkhla,Changwat Songkhla,Monthon Nakhon Si Thamarat,Monthon Nakhon Si Thammarat,Muang Sawng Kla,Muang Songkla,SGZ,Sawng Kla,Senggora,Singgora,Singora,Singorra,Songkhla,Songkkhla,Songkla,Songkˌla,Sung Kla,Thanh pho Songkhla,Thành phố Songkhla,sankhala,sngkhla,song ka,song ka shi,songakhala,songkeulla,songkhla,soniግkila,sonkura,swngkhla,swnjkhla,thesbal nkhr sngkhla,Сонгкхла,Сонғқла,سongخلا,سونجخلا,سونگخلا,سونگکھلا,सोंगखला,সংখলা,ਸੋਂਗਖਲਾ,สงขลา,เทศบาลนครสงขลา,སོང་ཁ་ལ།,ሶንግክላ,ソンクラー,宋卡,宋卡市,송클라",7.19882,100.5951,P,PPLA,TH,,68,9001,,,61758,,12,Asia/Bangkok,2026-04-14
1606239,Si Sa Ket,Si Sa Ket,"Amphoe Muang Sisaket,Amphoe Sisaket,Cangwat Khukhan,Changwat Khu Khan,Changwat Si Sa Ket,Khukhan,Muang Sisaket,Muang Srisaket,Mueang Si Sa Ket,Si Sa Ket,Si Saket,Sisakate,Sisaket,Srisakesa,Srisaket,shisaketto,si sa keta,si sa keti,sy sa kyٹ,sy sakt,sy sakyt,Си Са Кет,سي ساكيت,سي ساکيت,سی سا کیٹ,سی ساکت,सी सा केट,সি সা কেট,ਸੀ ਸਾ ਕੇਟ,ศรีสะเกษ,ሲ ሳ ከት,シサケット",15.11481,104.32938,P,PPLA,TH,,30,3301,,,44751,,134,Asia/Bangkok,2026-04-14
1606250,Si Racha,Si Racha,"Amphoe Si Racha,Amphu Sri Maha Raja,Ban Si Racha,Ban Sriracha,Si Racha,Sri Maha Raja,Sri Mahā Rājā,Sriracha,Srirachi,sriracha,ศรีราชา",13.17283,100.93159,P,PPLA2,TH,,46,2007,,,178916,,-9999,Asia/Bangkok,2026-04-17
1606270,Sing Buri,Sing Buri,"Amphoe Muang Sing Buri,Ban Bang Phutsa,Ban Bang Putsa,Bang Phutsa,Changwat Sing Buri,Muang Sing,Mueang Sing Buri,Sing,Sing Buri,Singburi,Singha Buri,shinburi,siga buri,sim buri,singa buri,singhburi,siniግ buri,sng bwry,synj bwry,Синг Бури,سنگ بوری,سينج بوري,سینج بوری,सिंग बुरी,সিং বুরি,ਸਿੰਗ ਬੁਰੀ,สิงห์บุรี,ሲንግ ቡሪ,シンブリ",14.88786,100.40464,P,PPLA,TH,,33,1701,,,20046,,18,Asia/Bangkok,2026-04-14
1606291,Si Maha Phot,Si Maha Phot,"Amphoe Si Maha Phot,Ban Tha Prachum Chon,Si Maha Phot,Srimahabhot,Srimahapho,Srimahābhot,Tha Prachumchon,srimhaphothi,ศรีมหาโพธิ",13.96563,101.51352,P,PPLA2,TH,,74,2508,250801,,100563,,11,Asia/Bangkok,2026-04-17
1606343,Seka,Seka,"Amphoe Seka,King Amphoe Seka,Seka,seka,เซกา",17.92851,103.95519,P,PPLA2,TH,,81,3804,380401,,16493,,158,Asia/Bangkok,2023-12-11
1606350,Sawang Daen Din,Sawang Daen Din,"Amphoe Sawang Daen Din,Ban Han,Mueang Sawang Daen Din,Sawang Daen Din,Sawang Din Daen,สว่างแดนดิน",17.47531,103.45753,P,PPLA2,TH,,20,4712,471201,,16825,,169,Asia/Bangkok,2023-12-10
1606376,Satun,Satun,"Changwat Satun,Satul,Satun,Setul,satoun,satuna,satuni,satwn,stul,stwn,Сатун,ساتون,ستون,सतुन,সাতুন,ਸਾਤੁਨ,สตูล,ሳቱን,サトゥン",6.62314,100.06676,P,PPLA,TH,,67,9101,,,34544,,15,Asia/Bangkok,2026-04-14
1606386,Sattahip,Sattahip,"Amphoe Sattahip,Ban Sata Hib,Ban Satahip,Ban Sattahip,King Amphoe Sattahip,Satahib,Sattaheeb,Sattaheep,Sattahib,Sattahiep,Sattahip,sathib,สัตหีบ",12.66629,100.90179,P,PPLA2,TH,,46,2009,200901,,65444,,4,Asia/Bangkok,2026-04-17
1606418,Saraburi,Saraburi,"Changwat Sara Buri,Saraburi,canghwad sraburi,saraburi,sarabwry,Сарабури,سارابوري,سارابوری,सारबुरी,সারাবুরি,ਸਾਰਾਬੁਰੀ,จังหวัดสระบุรี,ሳራቡሪ,サラブリ",14.53333,100.91667,P,PPLA,TH,,37,1901,,,67763,,22,Asia/Bangkok,2026-04-14
1606586,Samut Songkhram,Samut Songkhram,"Amphoe Ban Prok,Amphoe Lam Thuan,Changwat Samut Songkkhram,Mae Khlaung,Mae Klong,Maikulaung,Maklong,Me Klawng,Me-klohng,Meh Klong,Meklong,Muang Samudh Songgram,Muang Samut Sang Khran,Muang Samut Songgram,Mueang Samut Songkhram,Samudh Songgram,Samudh Sŏnggrām,Samut Songkhram,Samut Songkram,Samut Songkˌram,Smut Songkhram,samt songkhram,samuta sangakrama,samuta songakhrama,samuta songakrama,samuti soniግkiraም,samuttosonkuramu,smt swng khram,smuthrsngkhram,Самут Сонгкрам,Самут Сонғқрам,سامت سongخرام,سمت سونگ خرام,समुत सोंगक्रम,সামুত সংগক্রম,ਸਮੁਤ ਸੋਂਗਖ੍ਰਾਮ,สมุทรสงคราม,ሳሙት ሶንግክራም,サムットソンクラム",13.41456,100.00264,P,PPLA,TH,,54,7501,,,35065,,7,Asia/Bangkok,2026-04-14
1606588,Samut Sakhon,Samut Sakhon,"Ban Maha Chai,Ban Tachin,Changwat Samut Sakhon,Dha-chin,Mahachai,Muang Samudh Sagorn,Muang Samut Sakawn,Muang Samut Sakhon,Mueang Sakhon Buri,Mueang Samut Sakhon,Mueang Tha Chin,Samudh Sagorn,Samut Sakhon,Smutsakhon,Taachin,Tachin,Tanchin,Tha Chin,samt sakhwn,samuta sakhona,samuti saxoni,samuttosakon,smt sakhwn,smuthrsakhr,Самут Сахон,سامت ساخون,سمت ساخون,समुत साखोन,সামুত সাখোন,ਸਮੁਤ ਸਾਖੋਨ,สมุทรสาคร,ሳሙት ሳኆን,サムットサーコン",13.54753,100.27362,P,PPLA,TH,,55,7401,,,63498,,14,Asia/Bangkok,2026-04-14
1606590,Samut Prakan,Samut Prakan,"Ban Pak Nam,Mueang Samut Prakan,Paakunamu,Pakham,Paknam,Samudh Prakarn,Samut,Samut Prakan,Samut Prakˌan,Samutprakan,Samutpraken,Smutprakan,samt brakan,samt prakan,samuta prakana,samuti ፕrakani,samuttopurakan,samuttopurakan xian,sha mei ba gan fu,smt prakan,smuthrprakar,Самут Прақан,Самутпракан,سامت براكان,سامت پراکان,سمت پراکان,समुत प्रकान,সামুত প্রকান,ਸਮੁਤ ਪ੍ਰਾਕਾਨ,สมุทรปราการ,ሳሙት ፕራካን,サムットプラカーン県,サムットプラーカーン,沙没巴干府",13.5976,100.5972,P,PPLA,TH,,42,1101,,,388920,,2,Asia/Bangkok,2026-04-14
1606638,Sam Phran,Sam Phran,"Amphoe Sam Phran,Amphoe Talat Mai,Ban Sam Phran,Sam Phran,samphran,สามพราน",13.72698,100.21526,P,PPLA2,TH,,53,7306,730606,,37115,,7,Asia/Bangkok,2023-12-11
1606640,Samphanthawong,Samphanthawong,"Samphanthawong,samphanthwngs,สัมพันธวงศ์",13.737,100.512,P,PPLA2,TH,,40,1013,101303,,24150,,2,Asia/Bangkok,2025-08-11
1606790,Sakon Nakhon,Sakon Nakhon,"Amphoe Muang Sakhon Nakhon,Ban That Choeng Chum,Changwat Muang Sakhon Nakhon,Changwat Sakon Nakhon,Muang Sakol Nakorn,Muang Sakon Lakon,Muang Sakon Nakawn,Muang Sakon Nakon,Mueang Sakon Nakhon,SNO,Sakhon Nakhon,Sakol,Sakol Nagorn,Sakol Nakorn,Sakon Nakawn,Sakon Nakhaun,Sakon Nakhon,Sakon Nakkhon,Sakon Nakorn,Sakˌon Nakˌkhon,Skol Nakon,Thatchoengchum,sakon'nakon,sakona nakhona,sakweni naxoni,sakwn nakhwn,sklnkhr,Сакон Накхон,Сақон Нақхон,ساكون ناخون,ساکون ناخون,सकोन नखोन,সাকোন নাখোন,ਸਾਕੋਨ ਨਾਖੋਨ,สกลนคร,ሳኮን ናኆን,サコンナコン",17.16116,104.14725,P,PPLA,TH,,20,4701,,,76237,,165,Asia/Bangkok,2026-04-14
1606807,Sa Kaeo,Sa Kaeo,"Amphoe Mueang Sa Kaeo,Amphoe Sa Kaeo,Ban Sa Kaeo,King Amphoe Sa Kaeo,Mueang Sa Kaeo,Sa Kaeo,Sa Kaew,Sa Keo,Sa Kˌaeo,Sakaeo,Sara Kaeo,Srakeo,sa ka'e'o,sa kaye'o,sa kayw,sa kayyw,sa kaʿeʾo,sakeo,Са Каео,Са Қаео,سا كايو,سا کایئو,سا کایو,सा काएओ,সা কায়েও,ਸਾ ਕਾਏਓ,สระแก้ว,ሳ ካኤዖ,サケオ",13.81411,102.07222,P,PPLA,TH,,80,2701,,,28497,,41,Asia/Bangkok,2026-04-14
1606939,Sadao,Sadao,"Ban Sadao,Sadao,Sendawa,sadea,Садао,สะเดา",6.63883,100.42342,P,PPLA2,TH,,68,9010,901001,,46236,,50,Asia/Bangkok,2023-12-11
1607001,Roi Et,Roi Et,"ROI,Rio Et,Roi Ech,Roi Eht,Roi Et,Roi-ed,Roiet,Roj Et,raya'i eta,ro'i eta,ro'i ita,roietto,royi ʿeti,rwy at,rwyy ayٹ,rxyxed,Рои Эт,Рой Ет,روئی ایٹ,روي ات,روی ات,रोई एट,রয়ই এট,ਰੋਈ ਈਟ,ร้อยเอ็ด,ሮይ ኤት,ロイエット",16.0567,103.65309,P,PPLA,TH,,25,4501,,,39328,,148,Asia/Bangkok,2026-04-14
1607017,Rayong,Rayong,"Rajong,Rayaung,Rayohng,Rayong,layong,luo yong shi,ra'i'onga,rayam,rayon,rayonga,rayoniግ,raywng,raywnj,rayxng,thesbal nkhr rayxng,Районг,رايونج,رایونگ,रायोंग,রায়ং,ਰਾਇਓਂਗ,ระยอง,เทศบาลนครระยอง,རེ་ཡོང་།,ራዮንግ,ラヨン,羅勇市,라용",12.68095,101.25798,P,PPLA,TH,,47,2101,,,106737,,7,Asia/Bangkok,2026-04-14
1607055,Rat Burana,Rat Burana,"Amphoe Rat Burana,Raiabuna,Rasdorn Burana,Rat Burana,Ratburanah,rasʹdrburna,ราษฎร์บูรณะ",13.68163,100.5059,P,PPLA2,TH,,40,1024,102401,,86695,,7,Asia/Bangkok,2026-04-17
1607068,Ranot,Ranot,"Amphoe Ranot,Ban Rahnot,Ban Ranok,Ban Ranot,Cha Thing Phra,King Amphoe Cha Thing Phra,Rahnot,Ranod,Ranot,Renut,ranod,ระโนด",7.77768,100.32134,P,PPLA2,TH,,68,9007,900701,,19780,,7,Asia/Bangkok,2023-12-11
1607083,Ra-ngae,Ra-ngae,"Amphoe Rangae,Ban Tanyong Mat,Kampong Bangae,Kampong Bangek,Mueang Ra-ngae,Ra-ngae,Rangek,Tanyong Mas,Tanyong Mat,ระแงะ",6.29678,101.72844,P,PPLA2,TH,,31,9605,960501,,16862,,25,Asia/Bangkok,2023-12-10
1607257,Prakhon Chai,Prakhon Chai,"Amphoe Prakhon Chai,Amphoe Talung,Ban Pradonchai,Makong Xai,Muang Makong Se,Muang Makong Xai,Muang Nakawn Chai,Muang Nakhaun Chai,Muang Nakhon Chai,Muang Pa Khon Thai,Pakenejai,Pradonchai,Prakhan Chai,Prakhon Chai,Talung",14.60592,103.12081,P,PPL,TH,,28,3107,310701,,15564,,166,Asia/Bangkok,2023-12-10
1607280,Prachin Buri,Prachin Buri,"Amphoe Muang Prachin Buri,Changwat Prachin Buri,Monthon Prachin Buri,Muang Prachin Buri,Mueang Prachin Buri,Pachim,Prachim,Prachin,Prachin Buri,bratshyn bwry,mlthl pra cin,mlthl pracinburi,pra cin,prachyn bwry,pracina buri,pracinburi,purachinburi,Прачин Бури,براتشين بوري,پراچین بوری,प्रचीन बुरी,প্রাচীন বুরি,ਪ੍ਰਾਚੀਨ ਬੁਰੀ,ปราจิณ,ปราจีนบุรี,มลฑลปราจิณ,มลฑลปราจีนบุรี,ፕracini buri,ፕራቺን ቡሪ,プラチンブリ",14.04992,101.36864,P,PPLA,TH,,74,2501,,,32600,,10,Asia/Bangkok,2026-04-14
1607284,Prachantakham,Prachantakham,"Amphoe Prachantakham,Ban Kob Chae,Ban Prachantakham,Mueang Prachantakham,Prachan Tagam,Prachan Tagām,Prachantakham,pracantkham,ประจันตคาม",14.06366,101.51554,P,PPLA2,TH,,74,2507,250701,,59696,,21,Asia/Bangkok,2026-04-17
1607327,Pom Prap Sattru Phai,Pom Prap Sattru Phai,"Pom Prap,Pom Prap Sattru Phai,pxmprabsatruphay,ป้อมปราบศัตรูพ่าย",13.75822,100.51325,P,PPLA2,TH,,40,1008,100805,,51006,,14,Asia/Bangkok,2025-07-19
1607435,Phu Kradueng,Phu Kradueng,"Amphoe Phu Kradueng,Ban Wong Wian,King Amphoe Phu Kradueng,Phu Kradueng,Phu Kradung,phukradung,ภูกระดึง",16.88425,101.88467,P,PPLA2,TH,,18,4210,421007,,16079,,268,Asia/Bangkok,2023-12-10
1607439,Phu Khiao,Phu Khiao,"Amphoe Phu Khieo,Ban Phak Pang,Mueang Phu Khiao,Phak Pang,Pho Khieo,Phu Khiao,Phu Khieo,phukheiyw,ภูเขียว",16.3765,102.12853,P,PPLA2,TH,,26,3610,361001,,17122,,213,Asia/Bangkok,2023-12-10
1607508,Phra Pradaeng,Phra Pradaeng,"Amphoe Bhra Pradeng,Amphoe Bhra Pradēng,Amphoe Phra Padaeng,Amphoe Phra Pradaeng,Bhra Pradeng,Khoan Khan,Muang Nagorn Khoean Khan,Muang Nakawn Khoan Khan,Muang Nakhon Khaun Khan,Muang Nakhon Khuan Khan,Nakhon Khuan Khan,Nakhon Khuen Khan,Phra Pradaeng,purapuraden jun,พระประแดง,อำเภอพระประแดง,プラプラデーン郡",13.65855,100.53362,P,PPLA2,TH,,42,1104,,,196129,,5,Asia/Bangkok,2025-07-25
1607512,Phra Phutthabat,Phra Phutthabat,"Amphoe Phra Phutthabat,Ban Khun Khlon,Bhra Bhudhabadh,Bhra Bhudhābadh,Khun Khlon,King Amphoe Phra Phutthabat,King Phra Phutthabat,Phra Phutthabat,Phra Phutthabet,phraphuththbath,พระพุทธบาท",14.72609,100.79584,P,PPLA2,TH,,37,1909,190902,,57008,,37,Asia/Bangkok,2026-04-17
1607532,Phra Nakhon Si Ayutthaya,Phra Nakhon Si Ayutthaya,"Ajuthaja,Ajuttkhaja,Amphoe Krung Kao,Amphoe Phra Nakhon Si Ayutthaya,Amphoe Rop Krung,Ayouthia,Ayudhya,Ayuthaya,Ayuthia,Ayuthya,Ayutia,Ayutthaya,Ayutthaya - phrankhrsrixyuthya,Ayutthia,Ayutya,Changwat Phra Nakhon Si Ayutthaya,Krung Kao,Monthon Ayutthaya,Phra Nakhon Si Ax Ayutthaya,Phra Nakhon Si Ayutthaya,Pkhra Nakˌkhon Si Ajuttkhaja,fra nakhwn sy aywtaya,fra nakhwn sy aywtھaya,phra nakhona si ayut'thaya,phra nakhona si ayuthaya,phrankhrsrixyuthya,tesaban'nakon・puranakonshiayuttaya,thesbal nkhr phrankhrsrixyuthya,Аюттхая,Пхра Нақхон Си Аюттхая,فرا ناخون سي أيوتايا,فرا ناخون سی آیوتایا,فرا ناخون سی ایوتھایا,फ्रा नखोन सी अयुत्थया,ফ্রা নাখোন সি আয়ুত্থয়া,ਫ੍ਰਾ ਨਾਖੋਨ ਸੀ ਅਯੁੱਥਯਾ,พระนครศรีอยุธยา,เทศบาลนครพระนครศรีอยุธยา,ፍra naxoni si ʿeyutihya,ፍራ ናኆን ሲ አዩትhያ,テーサバーンナコーン・プラナコーンシーアユッタヤー",14.35167,100.57739,P,PPLA,TH,,36,1401,,,50830,,7,Asia/Bangkok,2026-04-14
1607542,Phra Khanong,Phra Khanong,"Amphoe Phra Khanong,Bhra Khanong,Phra Khanong,Phrakanhong,Phrakhnong,Prakanong,phra khi nng,พระไขนง",13.70185,100.60157,P,PPLA2,TH,,40,1009,100910,,90354,,10,Asia/Bangkok,2025-07-19
1607552,Phrae,Phrae,"Amphoe Muang Phrae,Amphoe Mueang Phrae,Bhre,Changwat Muang Bhre,Changwat Muang Bhré,Changwat Muang Phrae,Changwat Phrae,Freh,Muang Bhre,Muang Phrae,Muang Pre,Mueang Phrae,PRH,Phrae,Phrea,Pkhrae,Prae,Pre,fry,phre,pure,Пхрае,Фрэ,فري,فری,फ्रे,ফ্রে,ਫ੍ਰੇ,แพร่,ፍre,ፍሬ,プレー",18.14589,100.14103,P,PPLA,TH,,07,5401,,,38538,,162,Asia/Bangkok,2026-04-14
1607615,Phon Charoen,Phon Charoen,,18.03333,103.16667,P,PPL,TH,,17,4305,430501,,15208,,170,Asia/Bangkok,2023-12-10
1607708,Phitsanulok,Phitsanulok,"Amphoe Muang Phitsanulok,Amphoe Mueang Phitsanulok,Bhisanulok,Bisanulok,Bisnulok,Changwat Phitsanulok,Fitsanulok,Muang Phitsanulok,Muang Pitsanulok,PHS,Philtsanuloke,Phisanulauk,Phitsanulok,Phitsanulokas,Phitszanulok,Pisanuloke,Pitsanoulok,Pitsanulok,Pitsanuloke,Pkhitsanulok,ftsanwlwk,fytsanwlwk,peng shi luo,phitasanuloka,phitsanuloka,pis-sanullog,pissanurokku,Пхитсанулок,Фитсанулок,فتسانولوك,فیتسانولوک,پھسٹانولوک,پھیتسانولوک,फित्सानुलोक,ফিৎসানুলোক,ਫਿਤਸਾਨੁਲੋਕ,พิษณุโลก,เทศบาลนครพิษณุโลก,เมืองพิษณุโลก,ཕི་ཊི་ཙ་ནུ་ལོཀ།,ፊthasanuloki,ፊጣሳኑሎክ,ピッサヌロック,彭世洛,핏사눌록",16.82481,100.25858,P,PPLA,TH,,12,6501,,,62584,,50,Asia/Bangkok,2026-04-14
1607725,Phichit,Phichit,"Amphoe Muang Phichit,Amphoe Ta Luang,Amphoe Tha Luang,Ban Nai Muang,Bhichit,Changwat Muang Bichit,Changwat Muang Phichit,Changwat Phichit,Fichit,Muang Bhichit,Muang Phichit,Muang Phijit,Muang Pitchit,Okhaburi,Phichit,Pichit,Pkhichit,Sra Luang,Tha Luang,fchھt,fychyt,fytshyt,phicita,phicitr,pichitto,Пхичит,Фичит,فيتشيت,فچھت,فیچیت,फिचित,ফিচিট,ਫਿਚਿਤ,พิจิตร,ፊciti,ፊቺት,ピチット",16.44184,100.34879,P,PPLA,TH,,13,6601,,,35760,,44,Asia/Bangkok,2026-04-14
1607730,Phibun Mangsahan,Phibun Mangsahan,"Amphoe Bhimunmangsaharn,Amphoe Phibun Mangsahan,Amphoe Phimun Mangahan,Amphoe Phimun Mangsahan,Ban Phimun,Muang Phi Moun,Muang Pimour,Phi Moun,Phibun,Phibun Mangdshan,Phibun Mangsahan,Phimun,Phimun Mangsahan,Phinum Mangsahan,Pibulmangsahan,Pimool,Pimul,Pimun,phibul,phibulmangsahar,phibul‡,พิบูล,พิบูลมังสาหาร,พิบูลฯ",15.24467,105.22908,P,PPLA2,TH,,75,3419,341901,,19883,,127,Asia/Bangkok,2024-11-19
1607737,Phetchabun,Phetchabun,"Amphoe Muang Phetchabun,Bhejaburn,Changwat Muang Bheia Burn,Changwat Muang Bhĕia Būrn,Changwat Muang Phetchabun,Changwat Phetchabun,Fetchabun,Muang Bheia Burn,Muang Petchboun,Muang Phecha Bun,Muang Phetchabun,PHY,Pechabun,Petchabun,Phetchabun,Pkhetchabun,ftchabwn,ftshabwn,fytchھabwn,petchabun,phechrburn,phetacabuna,phetcabuna,Пхетчабун,Фетчабун,فتشابون,فتچابون,فیتچھابون,फेत्चाबुन,ফেৎচাবুন,ਫੇਤਚਾਬੁਨ,เพชรบูรณ์,ፌthabani,ፌጣባን,ペッチャブン",16.41904,101.16056,P,PPLA,TH,,14,6701,,,50656,,120,Asia/Bangkok,2026-04-14
1607779,Phatthalung,Phatthalung,"Amphoe Klang Mueang,Amphoe Lampam,Amphoe Muang Phatthalung,Badalung,Bhadhalung,Changwat Phattalung,Changwat Phatthalung,Fattһalung,Muang Patalung,Mueang Phatthalung,Patalung,Phatalung,Phathalung,Phattalung,Phatthalung,Pkhetchabun,fatalwng,fatalwnj,ftھalwng,pattarun,phataluga,phathlung,phatthalum,phatthalunga,Пхетчабун,Фаттһалунғ,فاتالونج,فاتالونگ,فتھالونگ,फट्ठालुंग,ফাৎঠালুং,ਫੱਤਾਲੁੰਗ,พัทลุง,ፋteluniግ,ፋቴሉንግ,パッタルン",7.61786,100.07792,P,PPLA,TH,,66,9301,,,43522,,14,Asia/Bangkok,2026-04-14
1607782,Phasi Charoen,Phasi Charoen,"Amphoe Phasi Charoen,Bhasi Chareun,Paseecharoen,Phasi Charoen,phasʹiceriy,ภาษีเจริญ",13.71466,100.43691,P,PPLA2,TH,,40,1022,102201,,122070,,8,Asia/Bangkok,2023-12-11
1607793,Phan Thong,Phan Thong,"Amphoe Phan Thong,Amphoe Tha Ta Kut,Phan Thong,phanthxng,พานทอง",13.46997,101.0931,P,PPLA2,TH,,46,2005,200501,,18708,,9,Asia/Bangkok,2026-04-17
1607801,Phanom Sarakham,Phanom Sarakham,"Amphoe Phanom Sarakham,Amphu Panom Sarakam,Ban Phanom Sarakham,Bhanom Saragam,PMM,Phanom Sarakham,phnmsarkham,พนมสารคาม",13.74872,101.34888,P,PPLA2,TH,,44,2406,240603,,16057,,9,Asia/Bangkok,2023-12-11
1607838,Phanat Nikhom,Phanat Nikhom,"Amphoe Phanat Nikhom,Amphu Panas Nikom,Ban Phanat Nikhom,Bhanasnigom,Mueang Phanat Nikhom,Phanat Nikhom,Phanatikhom,phnasnikhm,พนัสนิคม",13.44655,101.18454,P,PPLA2,TH,,46,2006,200601,,21924,,12,Asia/Bangkok,2026-04-17
1607865,Phak Hai,Phak Hai,"Amphoe Phak Hai,Amphoe Sena Yai,Amphu Phak Hai,Ban Phak Hai,Ban Phakhai,Khwaeng Sena Yai,Phak Hai,ban phakhi,phakhi,บ้านผักไห่,ผักไห่",14.45682,100.36998,P,PPLA2,TH,,36,1408,140801,,19386,,11,Asia/Bangkok,2026-04-17
1607978,Pattani,Pattani,"Changwat Pattani,Muang Patani,Muang Tara,PAN,Patani,Pattam,Pattani,Pattām,batany,ftany,patani,patany,pattani,ptany,Паттани,باتاني,فطاني,پاتانی,پتانی,पट्टानी,পাৎতানী,ਪੱਤਾਨੀ,ปัตตานี,ፓtani,ፓታኒ,パッターニー",6.86814,101.25009,P,PPLA,TH,,69,9401,,,43690,,8,Asia/Bangkok,2026-04-14
1607983,Pathum Thani,Pathum Thani,"Amphoe Bang Kadi,Amphoe Muang Pathum Thani,Amphoe Pathum Thani,Ban Bang Kadi,Ban Patok,Bang Kadi,Changwat Pathum Thani,Muang Pradhum Dhani,Muang Prathum Tani,Muang Prathum Thani,Mueang Pathum Thani,Padumdhani,Pathum Rani,Pathum Thani,Pathumthani,Patһum Tani,Pradhum Dhani,Prathum Thani,Pthumthani,Ratkhum Tkhani,bathwm thany,pathuma thani,patoumutani,patwm tany,ppatumtani,pthumthani,ptھm tھany,thesbal meuxng pthumthani,Патһум Тани,Ратхум Тхани,باثوم ثاني,پاتوم تانی,پاتھم تھانی,پتھم تھانی,पाथुम थानी,পাথুম থানী,ਪਾਥੁਮ ਥਾਨੀ,ปทุมธานี,เทศบาลเมืองปทุมธานี,ፓtuም tani,ፓቱም ታኒ,パトゥムターニー,빠툼타니",14.01346,100.53049,P,PPLA,TH,,39,1301,,,24547,,4,Asia/Bangkok,2026-04-14
1608033,Pak Phanang,Pak Phanang,"Amphoe Bia Sad,Amphoe Pak Phanang,Ban Pak Phanang,Ban Pakpenang,Pak Phanang,Pakpenang,Pākpenang,pakphnang,ปากพนัง",8.35109,100.20195,P,PPLA2,TH,,64,8012,801201,,25014,,4,Asia/Bangkok,2023-12-11
1608048,Pak Kret,Pak Kret,"Amphoe Pak Kret,Ban Pak Kret,Pak Kred,Pak Kret,Pakkred,Pakkret,pakkerd,ปากเกร็ด",13.91179,100.49774,P,PPLA2,TH,,38,1206,,,190272,,2,Asia/Bangkok,2026-04-17
1608057,Pak Chong,Pak Chong,"Amphoe Pak Chong,Ban Pak Chong,Ban Par Chong,King Amphoe Pak Chong,Pak Chong,Tambon Pak Chong,pakchxng,ปากช่อง",14.70802,101.41614,P,PPLA2,TH,,27,3021,302101,,48999,,307,Asia/Bangkok,2023-12-10
1608133,Mueang Nonthaburi,Mueang Nonthaburi,"Mueang Nonthaburi,Muehng Nontһaburi,Non Buri,Nondaburi,Nondha Buri,Nonthaburi,Nontkhaburi,mu'enga nonthaburi,muan'nontaburi,muwaniግ nonitaburi,muyem nonathaburi,mwang nwntabwry,mwanj nwntabwry,mwyang nwntھabwry,thesbal nkhr nnthburi,Муэнг Нонтһабури,Нонтхабури,موآنگ نونتابوری,موانج نونتابوري,مویانگ نونتھابوری,मुएंग नोंथाबुरी,মুয়েং নোনথাবুরী,ਮੁਏਂਗ ਨੋਂਥਾਬੁਰੀ,เทศบาลนครนนทบุรี,ሙዋንግ ኖንታቡሪ,ムアンノンタブリー",13.86075,100.51477,P,PPLA,TH,,38,1201,,,254375,,1,Asia/Bangkok,2026-04-14
1608136,Non Sung,Non Sung,"Amphoe Non Sung,Amphoe Non Wat,Ban Non Sung,Non Sung,nonsung,โนนสูง",15.18014,102.25695,P,PPLA2,TH,,27,3010,301001,,18399,,170,Asia/Bangkok,2023-12-10
1608191,Nong Phai,Nong Phai,"Amphoe Nong Phai,Ban Nong Phai,King Amphoe Nong Phai,Nong Phai,hnxngphi,หนองไผ่",15.99025,101.06183,P,PPLA2,TH,,14,6707,670710,,27756,,111,Asia/Bangkok,2023-12-10
1608232,Nong Khai,Nong Khai,"Amphoe Muang Nong Khai,Ban Mi Chai,Changwat Nang Khai,Changwat Nong Khai,Hnohnggai,Michai,Muang Nawng Kai,Muang Nong Khay,Mueang Nong Khai,Naung Khai,Nawng Kai,Nong Hai,Nong Kai,Nong Khai,Nong Kˌaj,Nongkkhaj,QJX,hnxngkhay,nam kha'i,nonga kha'i,nongkai,noniግ xayi,nonkai,nwng khay,nwng khayy,nwnj khay,thesbal meuxng hnxngkhay,Нонгкхай,Нонғ Қай,نونج خاي,نونگ خائی,نونگ خای,نونگ کھائی,नोंग खाई,নং খাই,ਨੋਂਗ ਖਾਈ,หนองคาย,เทศบาลเมืองหนองคาย,ནོང་ཁའི།,ኖንግ ኃይ,ノーンカーイ,농카이",17.87847,102.742,P,PPLA,TH,,17,4301,,,63609,,168,Asia/Bangkok,2026-04-14
1608236,Nong Khaem,Nong Khaem,"Ban Nong Khaem,King Amphoe Nang Khaem,Naung Khaem,Nong Khaem,hnxngkhæm,หนองแขม",13.70594,100.34918,P,PPLA2,TH,,40,1023,102303,,150218,,8,Asia/Bangkok,2026-04-17
1608239,Nong Khae,Nong Khae,"Amphoe Nong Khae,Ban Na Roeng,Hnohng Ga,Hnōhng Gā,Na Roeng,Naung Khae,Nong Khae,หนองแค",14.34046,100.86693,P,PPLA2,TH,,37,1903,190301,,41067,,9,Asia/Bangkok,2026-04-17
1608258,Nong Chok,Nong Chok,"Amphoe Nong Chok,Ban Nong Chok,Hnohng Chohk,Hnongchok,Hnōhng Chōhk,Naung Chauk,Nong Chok,hnxngcxk,หนองจอก",13.85585,100.86216,P,PPLA2,TH,,40,1003,100301,,157138,,6,Asia/Bangkok,2025-07-19
1608269,Nong Bua Lamphu,Nong Bua Lamphu,"Amphoe Nong Bua Lamphu,Ban Nong Bua,Changwat Nong Bua Lamphu,Kamouttasai,Kmuthasai,Muang Gamutra Sai,Muang Kamatdhasai,Muang Kamouttasai,Muang Kamuta Sai,Muang Kamutthasai,Muang Kmuthasai,Mueang Nong Bua Lamphu,Naung Bua,Nong Bua Lamphu,Nong Bua Lampkhu,Nong Bua Lampһu,hnxngbawlaphu,nam buya lamphu,nonbuaramupu,nonga bu'a lamaphu,nonga bu'a lamphu,noniግ buwa laምፉ,nwng bwa lamfw,nwng bwa lmfw,nwnj bwa lamfw,Нонг Буа Лампху,Нонғ Буа Лампһу,نونج بوا لامفو,نونگ بوا لامفو,نونگ بوا لمفو,नोंग बुआ लांफु,নং বুয়া লাম্ফু,ਨੋਂਗ ਬੁਆ ਲਾਮਫੁ,หนองบัวลำภู,ኖንግ ቡዋ ላምፉ,ノーンブアラムプー",17.20406,102.44068,P,PPLA,TH,,79,3901,,,34401,,217,Asia/Bangkok,2026-04-14
1608409,Narathiwat,Narathiwat,"Ban Bangnara,Bang Nara,Changwat Naradhiwas,Changwat Narathiwat,NAW,Naradhivas,Naradhiwas,Narathiwat,Narativas,Narativat,Naratkhivat,Naratһivat,narathi'oyata,narathivata,naratiwati,naratiwato,narthywat,nartywat,nartھywat,nrathiwas,Наратхиват,Наратһиват,نارتھیوات,نارتیوات,نارثيوات,नारथिवट,নারাথিওয়াট,ਨਾਰਥਿਵਾਟ,นราธิวาส,ናራቲዋት,ナラティワート",6.42639,101.82308,P,PPLA,TH,,31,9601,,,47771,,9,Asia/Bangkok,2026-04-14
1608424,Nang Rong,Nang Rong,"Amphoe Nang Rong,Ban Nang Rong,Mong Nang Rawng,Mueang Nang Rong,Muong Nang Rong,Möng Nang Rawng,Nang Raung,Nang Rong,nangrxng,นางรอง",14.6377,102.79138,P,PPLA2,TH,,28,3104,310401,,21961,,192,Asia/Bangkok,2023-12-10
1608452,Nan,Nan,"Amphoe Muang Nam,Amphoe Mueang Nam,Ban Muang Nan,Changwat Muang Nan,Changwat Nan,Changwat Nana,Muang Nan,Mueang Nan,NNT,Nagor Nan,Nan,Nanas,nan,nana,nani,thesbal meuxng nan,Нан,نان,نان، تھائی لینڈ,नान,নান,ਨਾਨ,น่าน,เทศบาลเมืองน่าน,ནཱན་གྲོང་ཁྱེར།,ናን,ナーン,난",18.78378,100.77899,P,PPLA,TH,,04,5501,,,24670,,205,Asia/Bangkok,2026-04-14
1608462,Nam Som,Nam Som,"Amphoe Nam Som,King Amphoe Nam Som,Nam Som,nasom,น้ำโสม",17.77036,102.18947,P,PPLA2,TH,,76,4118,411810,,19324,,231,Asia/Bangkok,2023-12-11
1608527,Nakhon Sawan,Nakhon Sawan,"Amphoe Muang Nakhon Sawan,Changwat Muang Nakhon Sawan,Changwat Nakhon Sawan,Muang Nagorn Sawarn,Muang Nakawn Sawan,Muang Nakhon Savan,Muang Nakhon Sawan,Mueang Nakhon Sawan,Nagara Sawan,Nagor Svarga,Nagorn Sawarn,Nakaun Sawan,Nakawan Sawn,Nakawn Sawan,Nakhaun Sawan,Nakhon Sawan,Nakhonsavanas,Nakkhonsavan,Naklon Sawan,Nakon Sawan,Nakorn Sawan,Nakˌkhon Sauan,bei lan po,nakhona sa'oyana,nakhona savana,nakhwn swan,nakonsawan,naxoni sawani,nkhrswrrkh,thesbal nkhr nkhrswrrkh,Накхонсаван,Нақхон Сауан,ناخون سوان,نکھون سوان,नखोन सवान,নাখোন সওয়ান,ਨਾਖੋਨ ਸਾਵਾਨ,นครสวรรค์,เทศบาลนครนครสวรรค์,ན་ཁཱོན་ས་ཝན།,ናኆን ሳዋን,ナコーンサワン,北欖坡,나콘사완",15.70472,100.13717,P,PPLA,TH,,16,6001,,,82305,,31,Asia/Bangkok,2026-04-14
1608529,Nakhon Ratchasima,Nakhon Ratchasima,"Amphoe Muang Nakhon Ratchasima,Changwat Nakhon Rarchasima,Changwat Nakhon Rat Sima,Corat,Khorat,Korat,Koyat,Lungsod ng Nakhon Ratchasima,Muang Nakawn Rachasima,NAK,Nagara Rajasima,Nagor Rajashima,Nagor Rajasima,Nakhaun Rachasima,Nakhon Ratcasima,Nakhon Ratchasim,Nakhon Ratchasima,Nakhon Ratchsima,Nakhon Ratcsaszima,Nakhon Ratczasima,Nakhon Ratčasima,Nakhonratcasim,Nakhonratcasima,Nakhonratsima,Nakhonratčasim,Nakhonratčasima,Nakkhonratchasima,Nakonrajsima,Nakonratchasima,Nakorn Rajsima,Nakˌkhon Ratchasima,a le,nakhona racasima,nakhona rajasima,nakhwn rachasyma,nakhwn ratshasyma,nakonlaschasima,nakonrachashima,naxoni rachasima,nkhrrachsima,thesbal nkhr nkhrrachsima,Накхонратчасима,Нақхон Ратчасима,ناخون راتشاسيما,ناخون راچاسیما,ناکھون راتچاسیما,نکھون راٹچاسیما,नखोन राजसीमा,নাখোন রাচসিমা,ਨਾਖੋਨ ਰਾਚਾਸੀਮਾ,นครราชสีมา,เทศบาลนครนครราชสีมา,ན་ཁཱོན་ར་ཊི་ཅ་སི་མ།,ናኆን ራጫሲማ,នគររាជសីមា,ナコーンラーチャシーマー,呵叻,나콘랏차시마",14.97066,102.10196,P,PPLA,TH,,27,3001,,,126391,,187,Asia/Bangkok,2026-04-14
1608531,Nakhon Phanom,Nakhon Phanom,"Amphoe Muang Nakhon Phanom,Amphoe Nong Buek,Ban Nakhon Phnom,Changwat Muang Nakhon Phanom,Changwat Nakhon Phanom,KOP,Lakhon,Muang Nakhon Phanom,Mueang Nakhon Phanom,Nagorn Bhanom,Nakawn Panom,Nakhaun Phanom,Nakhon Phanom,Nakkhon Pankhom,Nakol Phanom,Nakon Panom,Nakorn Panom,Nakˌkhon Panһom,Naung Bua,Nong Buk,nakhona panahama,nakhona phanoma,nakhwn fanwm,nakonfanomu,naxoni ፋnoም,nkhrphnm,Накхон Панхом,Нақхон Панһом,ناخون فانوم,नखोन पानहम,নাখোন পানহম,ਨਾਖੋਨ ਫਾਨੋਮ,นครพนม,ናኆን ፋኖም,ナコンファノム",17.41081,104.77856,P,PPLA,TH,,73,4801,,,34595,,154,Asia/Bangkok,2026-04-14
1608534,Nakhon Pathom,Nakhon Pathom,"Amphoe Muang Nakhon Pathom,Changwat Nakhon Chai Si,Changwat Nakhon Pathom,Monthon Nakhon Chai Si,Mueang Nakhon Pathom,Nagara Pathom,Nagorn Pathom,Nakawn Patom,Nakhaun Pathom,Nakhon Chai Si,Nakhon Pathom,Nakkhonpatkhom,Nakon Patom,Nakˌkhon Patһom,fu tong,nakhona pathama,nakhona pathoma,nakhwn batwm,nakhwn patwm,nakonpatomu,nakonppatom,naxoni ፓtoም,nkhrpthm,thesbal nkhr nkhrpthm,Накхонпатхом,Нақхон Патһом,ناخون باتوم,ناخون پاتوم,ناکھون پاتھوم,नखोन पाथोम,নাখোন পাথম,ਨਾਖੋਨ ਪਾਥੋਮ,นครปฐม,เทศบาลนครนครปฐม,ናኆን ፓቶም,ナコーンパトム,佛统,나콘빠톰",13.8196,100.04427,P,PPLA,TH,,53,7301,,,117927,,11,Asia/Bangkok,2026-04-14
1608539,Nakhon Nayok,Nakhon Nayok,"Amphoe Muang Nakhon Nayok,Amphoe Nakhon Nayok,Changwat Nakhon Nayok,Muang Nagorn Nayok,Muang Nakawn Nayok,Muang Nakhon Nayok,Mueang Lablae,Mueang Nakhon Nayok,Nagorn Nayok,Nakaunnayok,Nakaunnoyok,Nakhaun Nayok,Nakhon Najok,Nakhon Nauok,Nakhon Nayok,Nakkhon Najok,Nakon Nayok,Nayok,nakhona nayoka,nakhwn naywk,nakon'nayokku,nakweni nayoki,nkhawn naywk,nkhrnayk,nkhwn naywk,nkhwn nayyk,Накхон Найок,Нахон Найок,ناخون نایوک,نخون نائیک,نخون نایوک,نखون نايوك,नखोन नायोक,নখোন নায়োক,ਨਾਖੋਨ ਨਾਯੋਕ,นครนายก,ናኮን ናዮክ,ナコーンナーヨック",14.20463,101.21295,P,PPLA,TH,,43,2601,,,21309,,12,Asia/Bangkok,2026-04-14
1608541,Nakhon Luang,Nakhon Luang,"Amphoe Nakhon Klang,Amphoe Nakhon Luang,Amphu Luang,Ban Nakhon Luang,Hluang,Hlūang,Nakhon Luang,nkhrhlwng,นครหลวง",14.46335,100.60876,P,PPLA2,TH,,36,1403,140301,,15008,,9,Asia/Bangkok,2026-04-17
1608597,Mukdahan,Mukdahan,"Amphoe Mueang Mukdahan,Amphoe Mukdahan,Ban Mouk,Ban Si Mongkhon,Ban Srimongkhon,Makdaharn,Mokdaharn,Muang Ban Muk Dahan,Muang Muk Da Han,Mueang Mukdahan,Mueng Mukdahan,Muk,Mukdahan,Mukdaharn,Mukdakhan,Mukdatarn,Mұkˌdakhan,Si Mongkhon,Srimongkhon,mkdhan,mkڈaہan,mukadahana,mukdahar,mukidahani,mukudahan,mwkdhan,Мукдахан,Мұқдахан,موكدهان,موکدهان,مکدهان,مکڈاہان,मुकदाहान,মুকদাহান,ਮੁਕਦਾਹਾਨ,มุกดาหาร,ሙክዳሃን,ムクダハン",16.54531,104.72351,P,PPLA,TH,,78,4901,,,40480,,145,Asia/Bangkok,2026-04-14
1608797,Makkasan,Makkasan,"Makkasan,makkasan,มักกะสัน",13.7523,100.54335,P,PPLX,TH,,40,1037,103704,,15815,,13,Asia/Bangkok,2023-12-11
1608900,Maha Sarakham,Maha Sarakham,"Amphoe Muang Maha Sarakham,Ban Khlong Khleng,Ban Lat,Ban Talat,Changwat Maha Sarakham,Maha Saragam,Maha Sarakam,Maha Sarakham,Makha Sarakham,Mueang Maha Sarakham,Talat,Uthai Sarakham,maha sarakaም,maha sarakhama,maha sarkham,mahasarakamu,mahasarkham,maہa sarkham,mhasarkham,Маха Сарахам,ماها سارخام,ماهاسارخام,ماہا سارخام,महा सारखाम,মহা সারখাম,ਮਾਹਾ ਸਾਰਖਾਮ,มหาสารคาม,ማሃ ሳራካም,マハーサラカム",16.18483,103.30067,P,PPLA,TH,,24,4401,,,51584,,155,Asia/Bangkok,2026-04-14
1609032,Lop Buri,Lop Buri,"Amphoe Muang Lop Buri,Ban Tha Hin,Changwat Lop Buri,Changwat Thahanbok Lop Buri,KKM,Lava Pura,Lavo,Lobh Buri,Lop Buri,Lopburi,Muang Lobh Buri,Muang Lopburi,Muang Xop Buri,Mueang Lop Buri,Tha Hin,lapa buri,lopa buri,loፕ buri,lphburi,lwb bwry,lwp bwry,robburi,Лоп Бури,Лопбури,لوب بوري,لوپ بوری,लोप बुरी,লপ বুরি,ਲੋਪ ਬੁਰੀ,ลพบุรี,ሎፕ ቡሪ,ロッブリー",14.79808,100.65397,P,PPLA,TH,,34,1601,,,57761,,20,Asia/Bangkok,2026-04-14
1609043,Lom Sak,Lom Sak,"Amphoe Lom Sak,Amphoe Wat Pa,Ban Lom Sak,Changwat Muang Hlom Sak,Changwat Muang Lom Sak,Hlomsak,Lom Sak,Muang Hlom Sak,Muang Lom Sak,Wat Pa,hlmsak,หล่มสัก",16.77983,101.24225,P,PPLA2,TH,,14,6703,670301,,17309,,147,Asia/Bangkok,2023-12-10
1609071,Loei,Loei,"Amphoe Muang Loei,Changwat Loei,Changwat Muang Lai,Changwat Muang Loei,LOE,Leui,Loeh,Loei,Loej,Loey,Muang Lai,Muang Leoi,Muang Loei,Muang Loeui,Muang Loi,Mueang Loei,ley,lo'e'i,lo'i,loye'i,loyi,lwy,lwyy,rui,Лоей,Лоэ,لوئی,لوي,लोएई,লোয়েই,ਲੋਈ,เลย,ሎይ,ルーイ",17.49052,101.72749,P,PPLA,TH,,18,4201,,,35273,,244,Asia/Bangkok,2026-04-14
1609278,Laem Sing,Laem Sing,"Amphoe Laem Sing,Amphoe Phlio,Laem Sing,Naiamphur,แหลมสิงห์",12.48164,102.07375,P,PPLA2,TH,,48,2206,220601,,16066,,6,Asia/Bangkok,2023-12-11
1609283,Laem Ngop,Laem Ngop,"Amphoe Kau Chang,Amphoe Ko Chang,Amphoe Kohjang,Amphoe Laem Ngop,Ban Laem Ngop,Ban Rian Va,Kau Chang,Laem Ngaup,Laem Ngop,Laem Ngorb,Lem Ngop,แหลมงอบ",12.17129,102.39472,P,PPLA2,TH,,49,2305,230501,,17198,,6,Asia/Bangkok,2026-04-17
1609324,Kut Chap,Kut Chap,"Amphoe Kut Chap,Ban Kut Chap,King Amphoe Kut Chap,Kut Chap,kudcab,กุดจับ",17.4257,102.56692,P,PPLA2,TH,,76,4102,410206,,24696,,197,Asia/Bangkok,2023-12-11
1609345,Kuchinarai,Kuchinarai,"Amphoe Kuchinarai,Ban Bua Khao,Bua Khao,Kuchinarai,ku chin a ray n,กุฉินารายณ์",16.541,104.05004,P,PPLA2,TH,,23,4605,460501,,20532,,169,Asia/Bangkok,2023-12-10
1609350,Bangkok,Bangkok,"Amphoe Phra Nakhon,BKK,Ban'nkok,Bancac,Bancocum,Bancoque,Bancác,Banghok,Bangkok,Bangkok Metropolis,Bangkoka,Bangkòk,Banguecoque,Bankok,Bankokas,Bankoko,Banqkok,Changwat Phra Nakhon,Krung Thep,Krung Thep Maha Nakhon,Krung Thep Maha Nakhon Amon Rattanakosin Mahintarayutthaya Maha Dilok Phop Noppharat Ratchathani Buri Rom Udom Ratchaniwet Maha Sathan Amon Phiman Awatan Sathit Sakka Thattiya Witsanukam Prasit,Krungdeb,Man-kuk,Màn-kuk,Phra Nakhon,Siayuthia,The City of Angels,bainkaka,bainkoka,bamkoka,bangkog,bangkwk,bankeakk,bankoku,bankwk,bngqwq,bnkak,byankak,byankaka,camraata byankaka,krungtheph,krungthephmhankhr,krungtheph‡,man gu,penkak,Μπανγκόκ,Бангкок,Банкок,Баҥкок,Բանգկոկ,באנגקאק,בנגקוק,بانكوك,بانکوک,بانکۆک,بانګکوک,بانگكوك,بنکاک,बँकॉक,बैंकक,बैंकॉक,চাংৱাত ব্যাংকক,ব্যাংকক,ਬੈਂਕਾਕ,பேங்காக்,ಬ್ಯಾಂಕಾಕ್,ബാങ്കോക്ക്,බැංකොක්,กรุงเทพ,กรุงเทพมหานคร,กรุงเทพมหานคร อมรรัตนโกสินทร์ มหินทรายุธยา มหาดิลกภพ นพรัตนราชธานีบูรีรมย์ อุดมราชนิเวศน์มหาสถาน อมรพิมานอวตารสถิต สักกะทัตติยวิษณุกรรมประสิทธิ์,กรุงเทพฯ,ບາງກອກ,པན་ཀོག,ဘန်ကောက်မြို့,ბანგკოკი,ባንኮክ,バンコク,曼谷,방콕",13.75398,100.50144,P,PPLC,TH,,40,,,,5104476,,12,Asia/Bangkok,2024-03-26
1609395,Krathum Baen,Krathum Baen,"Amphor Kathum Baen,Ban Krathum Baen,Ban Talat Kathum Baen,Kathum Baen,Krathu Baen,Krathum Baen,Krathumban,Talat Kathum Baen,กระทุ่มแบน",13.6533,100.25972,P,PPLA2,TH,,55,7402,740201,,72819,,6,Asia/Bangkok,2023-12-11
1609610,Klaeng,Klaeng,"Amphoe Klaeng,Ban Sam Yan,Ban Thang Kwian,Klaeng,Kleng,Klēng,Mueang Klaeng,Thang Kwian,ต.แกลง,แกลง",12.78,101.64912,P,PPLA2,TH,,47,2103,210301,,55619,,11,Asia/Bangkok,2026-04-17
1609776,Khon Kaen,Khon Kaen,"Amphoe Muang Khon Kaen,Amphoe Phralap,Amphoe Pralap,Changwat Khon Kaen,Changwat Muang Khon Kaen,KKC,Kawn Ken,Khohn Ken,Khon Kaen,Khon Kan,Khon Khen,Khonkean,Khonken,Khonkenas,Khonkhaen,Kkhonkehn,Konkahen,Muang Kaun Gean,Muang Khaunkaen,Muang Khon Kaen,Mueang Khon Kaen,khona ka'ena,khona kaina,khona kayena,khwn kayn,khwn kayyn,khxnkæn,kong jing,konken,konkkaen,kun jing shi,kweni kaʿini,Кхонкэн,Хон Каен,קון קאן,خون كاين,خون کائن,خون کائین,کھون کائن,کھون کیئن,खोन कैन,খোন কায়েন,ਖੋਨ ਕਾਏਨ,ขอนแก่น,เทศบาลนครขอนแก่น,เมืองขอนแก่น,ኮን ካኢን,コンケン,坤敬市,孔敬,콘깬",16.44671,102.833,P,PPLA,TH,,22,4001,,,114459,,167,Asia/Bangkok,2026-04-14
1609795,Khon Buri,Khon Buri,"Amphoe Khon Buri,Ban Khon Buri,Khon Buri,King Amphoe Chae,Mueang Khon,khrburi,ครบุรี",14.52541,102.24591,P,PPLA2,TH,,27,3002,300201,,18596,,218,Asia/Bangkok,2023-12-10
1609863,Khlong Yai,Khlong Yai,"Amphoe Khlong Yai,Ban Khlong Yai,Khlaung Yai,Khlong,Khlong Yai,King Amphoe Khlong Yai,King Khlong Yai,Klongyai,khlxnghıy,คลองใหญ่",11.77653,102.88728,P,PPLA2,TH,,49,2302,230201,,38099,,45,Asia/Bangkok,2026-04-17
1609879,Khlong San,Khlong San,"Amphoe Khlong San,Khlong San,khlxngsan,คลองสาน",13.73008,100.50874,P,PPLA2,TH,,40,1018,101802,,73263,,12,Asia/Bangkok,2026-04-17
1609899,Khlong Luang,Khlong Luang,"Amphoe Bang Wai,Amphoe Khlong Luang,Ban Bang Wai,Ban Khlong Song (3),Bang Wai,Khlong Luang,khlxnghlwng,คลองหลวง",14.06467,100.64578,P,PPLA2,TH,,39,1302,130202,,118551,,7,Asia/Bangkok,2023-12-11
1609990,Khao Wong,Khao Wong,"Amphoe Khao Wong,Khao Wong,King Amphoe Khao Wong,kheawng,เขาวง",16.70008,104.09019,P,PPLA2,TH,,23,4606,460601,,15184,,194,Asia/Bangkok,2023-12-10
1609997,Khao Saming,Khao Saming,"Amphoe Khao Saming,Amphoe Si Bua Thong,Amphoe Thung Yai,Ban Khao Saming,Khao Saming,kheasming,เขาสมิง",12.35369,102.43425,P,PPLA2,TH,,49,2303,230301,,38941,,27,Asia/Bangkok,2026-04-17
1610185,Kaset Wisai,Kaset Wisai,"Amphoe Kaset Wisai,Kaset Wisai,Nong Waeng,เกษตรวิสัย",15.65558,103.58361,P,PPLA2,TH,,25,4502,450201,,18569,,145,Asia/Bangkok,2023-12-10
1610187,Kaset Sombun,Kaset Sombun,"Amphoe Kaset Sombun,Ban Yang,Kaset Sombun,King Amphoe Kaset Sombun,เกษตรสมบูรณ์",16.28053,101.95422,P,PPLA2,TH,,26,3604,360401,,16996,,234,Asia/Bangkok,2023-12-10
1610227,Kantharalak,Kantharalak,"Amphoe Kantharalak,Amphoe Nam Om,Ban Nam Om,Kanthanalak,Kantharalak,Kantkharalak,Muang Uthumpa,Muang Uthumpau,Mueang Uthumphon Phisai,Muong Utumpar,Nam Aum,Кантхаралак,กันทรลักษณ์",14.64056,104.64992,P,PPLA2,TH,,30,3304,330406,,36621,,160,Asia/Bangkok,2023-12-10
1610459,Kamalasai,Kamalasai,"Amphoe Kamalasai,Ban Amphoe Kamalasai,Ban Komlasai,Kamalasai,Komlasai,Kramalasai,kmla siy,kra mala siy,กมลาไสย,กระมาลาไสย",16.33839,103.57564,P,PPLA2,TH,,23,4603,460301,,23393,,146,Asia/Bangkok,2023-12-10
1610469,Kalasin,Kalasin,"Amphoe Hlup,Amphoe Kalasin,Amphoe Lup,Amphoe Muang Kalasin,Ban Neur,Changwat Kalasin,Changwat Muang Kalasin,Kalasim,Kalasin,Kalasindhu,Kˌalasin,Lup,Muang Kalasim,Muang Kalasin,Muang Kalassim,Muang Kansin,Mueang Kalasin,kalasina,kalasini,kalasyn,kalsinthu,karashin,klasn,Каласин,Қаласин,كالاسين,کالاسین,کلاسن,कलासिन,কালাসিন,ਕਾਲਾਸਿਨ,กาฬสินธุ์,ካላሲን,カラシン",16.43281,103.50658,P,PPLA,TH,,23,4601,,,55102,,152,Asia/Bangkok,2026-04-14
1610503,Kaeng Khoi,Kaeng Khoi,"Amphoe Kaeng Khoi,Kaeng Khoi,Khwaeng Kaeng Khoi,แก่งคอย",14.58617,100.99758,P,PPLA2,TH,,37,1902,190201,,30332,,23,Asia/Bangkok,2023-12-10
1610505,Kaeng Khro,Kaeng Khro,"Amphoe Kaeng Khlo,Amphoe Kaeng Khro,Kaeng Khlo,Kaeng Khro,แก้งคร้อ",16.10864,102.25808,P,PPLA2,TH,,26,3612,361201,,29056,,205,Asia/Bangkok,2023-12-10
1610538,Kabin Buri,Kabin Buri,"Amphoe Kabin Buri,Ban Kabin Buri,Kabin Buri,Mong Krabin,Mueang Kabin Buri,kbinthrburi,กบินทร์บุรี",13.95133,101.71739,P,PPLA2,TH,,74,2502,250201,,140056,,21,Asia/Bangkok,2026-04-17
1610780,Hat Yai,Hat Yai,"Amphoe Hat Yai,Ban Haad Yai,Ban Hat Yai,HDY,Haad Yai,Had Yai,Hat Yai,Hatjaj,Hatjajus,Hatyai,Khat Jai,Khatujaj,has-yai,hat yay,hatoyai jun,he ai,Хат Јаи,Хатъяй,האד-יאי,هات ياي,ہات یائی,หาดใหญ่,เทศบาลนครหาดใหญ่,ཧ་ཊི་ཡའི།,ハートヤイ郡,合艾,핫야이",7.00836,100.47668,P,PPLA2,TH,,68,9011,901101,,191696,,12,Asia/Bangkok,2024-05-22
1610858,Dusit,Dusit,"Amphoe Dusit,Dusit,dusit,ดุสิต",13.77706,100.51958,P,PPLA2,TH,,40,1002,100201,,107655,,6,Asia/Bangkok,2026-04-17
1610940,Det Udom,Det Udom,"Amphoe Det Udom,Amphoe Det Udon,Ban Muang Det,Ban Muang Detudom,Det,Det Udom,Det Udon,Muang Det,Mueang Det Udom,dechxudm,เดชอุดม",14.90598,105.07836,P,PPLA2,TH,,75,3407,340701,,35669,,137,Asia/Bangkok,2023-12-11
1610943,Den Chai,Den Chai,"Amphoe Den Chai,Ban Den Chai,Den Chai,denchay,เด่นชัย",17.98372,100.05217,P,PPLA2,TH,,07,5405,540501,,17019,,159,Asia/Bangkok,2023-12-10
1610963,Dan Khun Thot,Dan Khun Thot,"Amphoe Ban Han,Amphoe Dan Khun Thot,Amphoe Phan Chana,Dan Khun Thot,dankhunthd,ด่านขุนทด",15.2085,101.77138,P,PPLA2,TH,,27,3008,300802,,15580,,214,Asia/Bangkok,2023-12-10
1611026,Chum Phae,Chum Phae,"Amphoe Chum Phae,Ban Chum Phae,Chum Phae,ชุมแพ",16.5443,102.09924,P,PPLA2,TH,,22,4005,400501,,46335,,227,Asia/Bangkok,2023-12-10
1611088,Chong Nonsi,Chong Nonsi,"Chong Nonsi,chxngnnthri,ช่องนนทรี",13.69311,100.54869,P,PPLX,TH,,40,1012,101203,,48277,,6,Asia/Bangkok,2025-07-19
1611106,Chon Daen,Chon Daen,"Amphoe Chon Daen,Ban Chon Daen,Ban Chon Dean,Bān Chon Dean,Chon Daen,Jonden,Jondēn,King Amphoe Chon Daen,King Chon Daen,ชนแดน",16.18953,100.85958,P,PPLA2,TH,,14,6702,670201,,17567,,106,Asia/Bangkok,2023-12-10
1611110,Chon Buri,Chon Buri,"Amphoe Muang Chon Buri,Baanburaisoi,Ban Bang Pla Soi,Ban Pla Sai,Ban Pla Soi,Bang Pla Soi,Bang Pla Soil,Changwat Chon Buri,Cholburi,Chon Buri,Chonburi,Chor Buri,Jilburi,Jīlburi,Muang Jol Buri,Muang Xonburi,Mueang Chon Buri,chlburi,chonburi,chwn bwry,cona buri,coni buri,shwn bwry,Чон Бури,Чонбури,شون بوري,چون بوری,चोन बुरी,চোন বুরি,ਚੋਨ ਬੁਰੀ,ชลบุรี,ቾን ቡሪ,チョンブリ",13.3622,100.98345,P,PPLA,TH,,46,2001,,,219164,,8,Asia/Bangkok,2026-04-14
1611135,Chok Chai,Chok Chai,"Amphoe Chok Chai,Ban Chok Chai,Choc Chai,Chok Chai,Kra Thok,chokhchay,โชคชัย",14.72844,102.16524,P,PPLA2,TH,,27,3007,300708,,23337,,195,Asia/Bangkok,2023-12-10
1611269,Chanthaburi,Chanthaburi,"Amphoe Muang Chanthaburi,Canthaburis,Chandaburi,Chandha Buri,Changwat Chanthaburi,Chantaboun,Chantabun,Chantaburi,Chanthaburi,Chantkhaburi,Chentabun,Chiyandburii,Mueang Chanthaburi,canitaburi,canthaburi,canthburi,cathaburi,chantaburi,chntabwry,chntھabwry,jjantabuli,jntabwry,thesbal meuxng canthburi,zhuang ta wu li,Čanthaburis,Чантхабури,جنتابوري,چانتھابوری,چنتابوری,چنتھابوری,चंठाबुरी,চন্ঠাবুরি,ਚੰਥਾਬੁਰੀ,จันทบุรี,เทศบาลเมืองจันทบุรี,ཅཱན་ཐ་བུ་རི།,ቻንታቡሪ,チャンタブリ,庄他武里,짠타부리",12.60961,102.10447,P,PPLA,TH,,48,2201,,,99819,,7,Asia/Bangkok,2026-04-14
1611407,Chaiyaphum,Chaiyaphum,"Amphoe Muang Chaiyaphum,Ban Hin Tang,Chai Phum,Chaiaphum,Chaiapum,Chaiyaphum,Chaiyaphun,Chaiyapoom,Chajjafum,Chajjapkhum,Chalyaphum,Changwat Chaiyaphum,Changwat Chaiyaphun,Jaibhum,Jaiyabhum,Jayabhumi,Muang Chaiyapum,Muang Jaiyabhum,Tchaiapoum,caiyaphuma,cayiyaፉም,chaiyapumu,chayphumi,chya fwm,chyafwm,tshayafwm,Чайяпхум,Чайяфум,تشايافوم,چیا فوم,چیافوم,चैयफूम,চৈয়াফুম,ਚੈਯਾਫੁਮ,ชัยภูมิ,ቻይያፉም,チャイヤプーム",15.81047,102.02881,P,PPLA,TH,,26,3601,,,58350,,188,Asia/Bangkok,2026-04-14
1611416,Chai Nat,Chai Nat,"Amphoe Ban Kluai,Amphoe Muang Chainat,Ban Kluai,Chai Nad,Chai Nat,Chainat,Chaj Nat,Changwat Chainat,Changwat Muang Chainat,Cheinat,Jai-Nadh,Jai-Nādh,Jainat,Muang Chainat,Muang Jai Nadh,Muang Xai Nat,Mueang Chai Nat,ca'i nata,cayi nati,chainato,chay nat,chaynath,chayy nat,tshay nat,Чай Нат,تشاي ناط,چائی نات,چای نات,चाई नात,চাই নাত,ਚਾਈ ਨਾਤ,ชัยนาท,ቻይ ናት,チャイナート",15.18636,100.12353,P,PPLA,TH,,32,1801,,,15469,,26,Asia/Bangkok,2026-04-14
1611424,Chai Badan,Chai Badan,,15.2,101.13333,P,PPL,TH,,34,1604,160401,,25196,,44,Asia/Bangkok,2023-12-10
1611439,Chachoengsao,Chachoengsao,"Amphoe Muang Chachoengsao,Chacherngsao,Chachoengsao,Chachurngsao,Changwat Chachoengsao,Chaxerngsao,Chaxoengsao,Muang Chachurngsao,Muang Shajeungdhrao,Muang Shajeungtrao,Mueang Chachoengsao,Muong Chaxungsao,Paet Riu,Petrin,Petriou,Petriu,Shacheungzao,Shajeungdhrao,Shajeungdrao,Shajeungzao,caco'engasa'o,cacoyensa'o,cacoʾoniግsawo,cha chun sao fu,chacheingthera,chachonsao xian,chachwngsaw,chachwyngsaw,chachwyngsayw,meuxng chacheingthera,shashwynjswa,Чачоенгсао,شاشوينجسوا,چاچونگساؤ,چاچوینگساؤ,چاچوینگسائو,चाचोएंगसाओ,চাচোয়েংসাও,ਚਾਚੋਏਂਗਸਾਓ,ฉะเชิงเทรา,เมืองฉะเชิงเทรา,ቻቾዖንግሳዎ,チャチョーンサオ県,差春骚府",13.6882,101.07156,P,PPLA,TH,,44,2401,,,49741,,4,Asia/Bangkok,2026-04-14
1611453,Buri Ram,Buri Ram,"Amphoe Muang Buriram,Amphoe Mueang Buriram,BFV,Buri Ram,Buriram,Changwat Buriram,Muang Buriram,Muang Pae,Mueang Buri Ram,bulilam,buri rama,buri raም,buriramu,buriramy,bwry ram,bwryram,thesbal meuxng buriramy,Бури Рам,Бурирам,בורי ראם,بوريرام,بوری رام,بوریرام,बुरी राम,বুরি রাম,ਬੁਰੀ ਰਾਮ,บุรีรัมย์,เทศบาลเมืองบุรีรัมย์,ቡሪ ራም,ブリラム,부리람",14.99433,103.10392,P,PPLA,TH,,28,3101,,,28283,,158,Asia/Bangkok,2026-04-14
1611492,Bua Yai,Bua Yai,"Amphoe Bua Yai,Bua Yai,Dan Nok,บัวใหญ่",15.58552,102.42587,P,PPLA2,TH,,27,3012,301201,,16832,,177,Asia/Bangkok,2023-12-10
1611635,Betong,Betong,"Amphoe Betong,Amphoe Yarom,BTZ,Ban Betong,Betong,Kampong Betong,betng,xaphex betng,Бетонг,อำเภอเบตง,เบตง",5.77434,101.07231,P,PPLA2,TH,,70,9502,950201,,29604,,269,Asia/Bangkok,2023-12-11
1612696,Ban Tha Kham,Ban Tha Kham,"Ban Tha Kham,Ta Kam,ban tha kham,บ้านท่าข้าม",13.6375,100.44128,P,PPL,TH,,40,1021,102107,,61011,,5,Asia/Bangkok,2025-07-19
1613284,Ban Selaphum,Ban Selaphum,,16.01667,103.95,P,PPL,TH,,25,4510,451001,,17412,,133,Asia/Bangkok,2023-12-10
1613409,Ban Sang,Ban Sang,"Amphoe Ban Sang,Ban Bang Kabao,Ban Chang,Ban Sang,Bang Kabao,bansrang,บ้านสร้าง",13.99551,101.22084,P,PPLA2,TH,,74,2506,250601,,38245,,7,Asia/Bangkok,2026-04-17
1613549,Ban Samae Dam,Ban Samae Dam,"Ban Samae Dam,Ban Same Dam,Samae Dam,บ้านแสมดำ",13.58956,100.38734,P,PPL,TH,,40,1021,102107,,125133,,7,Asia/Bangkok,2025-07-19
1614115,Ban Phra,Ban Phra,"Ban Phra,Ban Pra,ban phra,บ้านพระ",14.09461,101.389,P,PPLA2,TH,,74,2501,250108,,15396,,9,Asia/Bangkok,2025-07-01
1614288,Ban Phe,Ban Phe,"Ban Bhe,Ban Pe,Ban Phe,Ban Pho,Bān Bhe,Бан Пе",12.62824,101.43757,P,PPL,TH,,47,2101,210105,,17414,,7,Asia/Bangkok,2023-12-11
1614295,Pattaya,Pattaya,"Ban Hat Phatthaya (2),Ban Phatthaya,PYX,Pataja,Pattajja,Pattaya,Phattaya,Phatthaya,Port Phattaya,ba da ya,pataya,pattaya,phathya,Патая,Паттайя,พัทยา,パッタヤー,芭達亞,파타야",12.93333,100.88333,P,PPL,TH,,46,2004,,,116417,,9,Asia/Bangkok,2025-06-17
1614336,Ban Phan Don,Ban Phan Don,"Amphoe Kumbhawapi,Amphoe Kumphawapi,Ban Nam Khong,Ban Phan Don,Koumpa Ouapi,Kumpawapi,Kumphawapi,Muang Kumpawapi,Muang Kumpu Kwapi,Nam Khaung,ban phan dxn,บ้านพันดอน",17.14272,102.97261,P,PPL,TH,,76,4104,410402,,29211,,180,Asia/Bangkok,2023-12-11
1614455,Ban Phai,Ban Phai,"Amphoe Ban Phai,Ban Keng,Ban Phai,King Amphoe Ban Phai,banphi,บ้านไผ่",16.05997,102.73097,P,PPLA2,TH,,22,4010,401002,,35583,,174,Asia/Bangkok,2023-12-10
1614465,Ban Phaeo,Ban Phaeo,"Amphoe Ban Phaeo,Ban Phaeo,Ban Pheo,บ้านแพ้ว",13.59072,100.10748,P,PPLA2,TH,,55,7403,740301,,41904,,6,Asia/Bangkok,2023-12-11
1616222,Thambon Na Mueang,Thambon Na Mueang,"Na Mueang,hna meuxng,hna meuxng pracin,hna meuxng pracinburi,tabl hna meuxng,ตำบลหน้าเมือง,หน้าเมือง,หน้าเมืองปราจีน,หน้าเมืองปราจีนบุรี",14.05603,101.37218,P,PPLA2,TH,,74,2501,250102,,19910,,23,Asia/Bangkok,2025-07-01
1616464,Na Di,Na Di,"Amphoe Na Di,Ban Na Di,King Amphoe Na Di,Na Di,Nadi,nadi,นาดี",14.11565,101.78211,P,PPLA2,TH,,74,2503,250301,,57466,,29,Asia/Bangkok,2026-04-17
1616658,Ban Mo,Ban Mo,"Amphoe Ban Mo,Ban Mo,banhmx,บ้านหมอ",14.61569,100.72648,P,PPLA2,TH,,37,1906,190601,,15959,,13,Asia/Bangkok,2026-04-17
1617111,Ban Lam Luk Ka,Ban Lam Luk Ka,"Lam Luk Ka,Luk Ka,Lūk Ka",13.97738,100.77776,P,PPL,TH,,39,1306,130604,,60700,,6,Asia/Bangkok,2023-12-11
1618177,Ban Khlong Prawet,Ban Khlong Prawet,"Ban Khlong Prawet,Klong Pra Wek",13.71904,100.68146,P,PPL,TH,,40,1032,103201,,160671,,-1,Asia/Bangkok,2025-07-19
1618363,Ban Khlong Bang Ramat,Ban Khlong Bang Ramat,"Ban Bang Ramab,Ban Bang Ramat,Ban Khlong Bang Ramat",13.76667,100.43333,P,PPL,TH,,40,1019,101905,,19783,,6,Asia/Bangkok,2025-07-19
1619276,Bang Rakam,Bang Rakam,"Amphoe Bang Rakam,Amphoe Chum Saeng,Amphu Bang Raka,Ban Bang Ragam,Ban Bang Rakam,Bang Rakam,Bān Bāng Ragam,Chum Saeng,Rakam,bangraka,บางระกำ",16.75847,100.11742,P,PPLA2,TH,,12,6504,650401,,16841,,47,Asia/Bangkok,2023-12-10
1619278,Bang Rak,Bang Rak,"Amphoe Bang Rak,Bang Rak,bangrak,บางรัก",13.73058,100.52388,P,PPLA2,TH,,40,1004,100405,,99273,,11,Asia/Bangkok,2025-07-19
1619281,Bang Racham,Bang Racham,"Amphoe Bang Rachan,Amphoe Sing,Ban Sing,Ban Wang Wua,Bang Racham,Mueang Sing,bangracan,บางระจัน",14.892,100.31728,P,PPLA2,TH,,33,1702,170201,,15313,,14,Asia/Bangkok,2023-12-10
1619363,Bang Pakong,Bang Pakong,"Amphoe Bang Pakong,Ban Tha Saan,Bang Pakong,Tha Sa-an,bangpakng,บางปะกง",13.54297,100.99333,P,PPLA2,TH,,44,2404,240402,,25620,,8,Asia/Bangkok,2023-12-11
1619369,Bang Pa-in,Bang Pa-in,"Amphoe Bang Pa-In,Amphoe Phra Ratchawang,Ban Ko Bang Pa-in,Ban Len,Bang Pa-in,Khwaeng U Thai,bangpaxin,บางปะอิน",14.22783,100.57589,P,PPLA2,TH,,36,1406,140601,,20484,,8,Asia/Bangkok,2023-12-10
1619400,Bang Mun Nak,Bang Mun Nak,"Amphoe Bang Mun Nak,Amphoe Mueang Phum,Ban Bang Mun Nak,Ban Mun Nak,Bang Mun Nak,bangmulnak,บางมูลนาก",16.02781,100.37917,P,PPLA2,TH,,13,6605,660501,,15616,,33,Asia/Bangkok,2023-12-10
1619415,Bang Len,Bang Len,"Amphoe Bang Len,Amphoe Bang Phai Nat,Amphoe Bang Pla,Ban Bang Len,Bang Len,banglen,บางเลน",14.02188,100.17183,P,PPLA2,TH,,53,7305,730501,,17914,,7,Asia/Bangkok,2023-12-11
1619423,Bang Lamung,Bang Lamung,"Amphoe Ban Lamung,Amphoe Bang Lamung,Amphoe Naklua,Ban Na Kloea,Ban Na-Glua,Ban Naklua,Bang La-muang,Bang Lamung,Na Klua,banglamung,บางละมุง",13.04704,100.92891,P,PPLA2,TH,,46,2004,200401,,39620,,7,Asia/Bangkok,2023-12-11
1619434,Bang Kruai,Bang Kruai,"Amphoe Bang Kruai,Amphoe Bang Yai,Ban Bang Yai,Bang Krai,Bang Kruai,Bang Yai,bangkrwy,บางกรวย",13.805,100.47283,P,PPLA2,TH,,38,1202,120201,,78305,,7,Asia/Bangkok,2023-12-11
1619437,Bang Krathum,Bang Krathum,"Amphoe Bang Krathum,Ban Bang Gathum,Ban Bang Krahtum,Bang Kathum,Bang Krathem,Bang Krathum,Bān Bang Gathum,Kathum,King Amphoe Bang Krathum,King Bang Kathum,bangkrathum,บางกระทุ่ม",16.57831,100.30034,P,PPLA2,TH,,12,6505,650501,,18874,,45,Asia/Bangkok,2023-12-10
1619457,Bangkok Yai,Bangkok Yai,"Amphoe Bangkok Yai,Bangkok Yai,King Amphoe Bang Kok Yai,bangkxkhıy,บางกอกใหญ่",13.72319,100.476,P,PPLA2,TH,,40,1016,101602,,72321,,9,Asia/Bangkok,2025-07-19
1619460,Bangkok Noi,Bangkok Noi,"Amphoe Bangkok Noi,Bangkok Noi,Khet Bangkok Noi,bangkxknxy,บางกอกน้อย",13.76266,100.47798,P,PPLA2,TH,,40,1020,102004,,117793,,9,Asia/Bangkok,2025-07-19
1619485,Bang Khun Thian,Bang Khun Thian,"Amphoe Bang Khun Thian,Bang Khun Thian,Bangkhunthien,bangkhuntheiyn,บางขุนเทียน",13.66302,100.43416,P,PPLA2,TH,,40,1021,102107,,165491,,8,Asia/Bangkok,2025-07-19
1619496,Bang Khlo,Bang Khlo,"Bang Khlo,bang khol,บางโคล่",13.69889,100.51244,P,PPL,TH,,40,1031,103103,,35838,,7,Asia/Bangkok,2025-07-19
1619532,Bang Kapi,Bang Kapi,"Amphoe Bang Kapi,Bang Kapi,bang ka pi,บางกะปี",13.7653,100.647,P,PPLA2,TH,,40,1006,100601,,147800,,7,Asia/Bangkok,2025-07-19
1619602,Bang Bua Thong,Bang Bua Thong,"Amphoe Bang Bua Thong,Bang Bua Thong,ban bangbawthxng,bangbawthxng,บางบัวทอง,บ้านบางบัวทอง",13.91783,100.42403,P,PPL,TH,,38,1204,120401,,41567,,5,Asia/Bangkok,2023-12-11
1619616,Bang Ban,Bang Ban,"Amphoe Bang Ban,Amphoe Sena Nai,Ban Bang Bal,Ban Bang Ban,Bang Bal,Bang Ban,Bāng Bāl,bangbal,บางบาล",14.37395,100.48528,P,PPLA2,TH,,36,1405,140504,,16588,,10,Asia/Bangkok,2023-12-10
1619650,Ban Dung,Ban Dung,"Amphoe Ban Dung,Ban Dung,King Amphoe Ban Dung,bandung,บ้านดุง",17.699,103.25957,P,PPLA2,TH,,76,4111,411101,,19479,,178,Asia/Bangkok,2023-12-11
1620254,Ban Chang,Ban Chang,"Amphoe Ban Chang,Ban Chang,King Amphoe Ban Chang,banchang,บ้านฉาง",12.72497,101.05549,P,PPLA2,TH,,47,2102,210203,,28204,,49,Asia/Bangkok,2026-04-17
1620371,Ban Bueng,Ban Bueng,"Amphoe Ban Bueng,Amphoe Ban Bung,Ban Ban Bung,Ban Boeng,Ban Bueng,Ban Bung (1),Boeng,King Amphoe Ban Bueng,banbung,บ้านบึง",13.31191,101.11271,P,PPLA2,TH,,46,2002,200201,,23509,,71,Asia/Bangkok,2026-04-17
1620442,Ban Talat Bueng,Ban Talat Bueng,"Ban Boeng,Ban Bung,Ban Talat Bueng,Boeng,ban tlad bung,บ้านตลาดบึง",13.07147,101.00314,P,PPL,TH,,46,2007,200704,,26113,,42,Asia/Bangkok,2023-12-11
1620706,Bang Phlat,Bang Phlat,"Amphoe Bang Phlat,Ban Bang Phlat,Bang Phlat,Bangprat,bangphlad,บางพลัด",13.79425,100.50447,P,PPLA2,TH,,40,1025,102502,,92325,,7,Asia/Bangkok,2025-07-19
1620755,Bang Na,Bang Na,"Ban Bang Na,Bang Na,bangna,บางนา",13.66744,100.64206,P,PPLA2,TH,,40,1047,104702,,95912,,6,Asia/Bangkok,2025-07-19
1620875,Ban Bang Kadi,Ban Bang Kadi,,13.99904,100.54962,P,PPL,TH,,39,,,,27911,,3,Asia/Bangkok,2024-12-30
1620919,Bang Bo District,Bang Bo District,"Bang Bo,bangbx,บางบ่อ",13.58333,100.81667,P,PPL,TH,,42,1106,110601,,28376,,4,Asia/Bangkok,2023-12-11
1620924,Ban Bang Bamru,Ban Bang Bamru,"Ban Bang Bamru,ban bangbahru,บ้านบางบำหรุ",13.78333,100.48333,P,PPL,TH,,40,1025,102503,,18514,,9,Asia/Bangkok,2025-07-19
1620954,Ban Ang Sila,Ban Ang Sila,"Ang Sila,Anghila,Anghin,Ban Ang Sila,ban xang sila,บ้านอ่างศิลา",13.33956,100.92964,P,PPL,TH,,46,2001,200117,,36055,,8,Asia/Bangkok,2024-04-19
1621020,Aranyaprathet,Aranyaprathet,"Amphoe Aranpradbet,Amphoe Aranya Prathet,Amphoe Aranyaprathet,Amphoe Ban Aranyaprathet,Aran Pradhesa,Aran Pradhet,Aran Prathet,Aran'japratkhet,Aranh,Aranya Pradesa,Aranya Pradhesa,Aranyaprathet,Ban Aran,Ban Aranyaprathet,Muang Aran Pradhet,Muang Aran Pratet,Muang Aranyapraphet,aran'yapurateto jun,xaphex xray pra ths,xaphex xrayprathes,xrayprathes,Араньяпратхет,อรัญประเทศ,อำเภออรัญประทศ,อำเภออรัญประเทศ,アランヤプラテート郡",13.69276,102.50128,P,PPLA2,TH,,80,2706,270601,,20236,,48,Asia/Bangkok,2023-12-11
1621060,Amnat Charoen,Amnat Charoen,"Amanat Charoem,Amnat Charoen,Amnat Charөen,Amphoe Amnat Charoen,Amphoe Bung,Ban Bung,Mueang Amnat Charoen,amanata caro'ena,amanata caroyena,amnat charwyn,amnat tsharwyn,amunatocharun,meuxng xanacceriy,xanacceriy,ʿeምnati caroʾoni,Амнат Чароен,Амнат Чарөен,امنات تشاروين,امنات چاروئن,अमनात चरोएन,অমনাত চারোয়েন,ਅਮਨਾਤ ਚਾਰੋਏਨ,อำนาจเจริญ,เมืองอำนาจเจริญ,አምናት ቻሮዖን,アムナートチャルーン",15.85851,104.62883,P,PPLA,TH,,77,3701,,,34769,,161,Asia/Bangkok,2026-04-14
1948015,Amphoe Sikhiu,Amphoe Sikhiu,,14.89944,101.70833,P,PPL,TH,,27,3020,302001,,28681,,232,Asia/Bangkok,2023-12-10
6694101,Din Daeng,Din Daeng,"Din Daeng,dindæng,ดินแดง",13.7904,100.57014,P,PPLA2,TH,,40,1026,102602,,130220,,9,Asia/Bangkok,2025-07-19
6696291,Wichit,Wichit,,7.8894,98.38523,P,PPL,TH,,62,8301,830101,,38701,,14,Asia/Bangkok,2023-12-11
6845329,Bang Sue,Bang Sue,"Bang Sue,bangsux,บางซื่อ",13.81086,100.53064,P,PPLA2,TH,,40,1029,102901,,125440,,2,Asia/Bangkok,2025-07-19
6908641,Khlong Toei,Khlong Toei,"Khlong Toei,khlxngtey,คลองเตย",13.71014,100.58192,P,PPLA2,TH,,40,1033,103302,,109041,,2,Asia/Bangkok,2026-04-17
6957690,Lat Krabang,Lat Krabang,"Amphoe Lat Kabang,Amphoe Lat Krabang,Khet Lat Krabang,Lartkrabang,Lat Kabang,Lat Kabing,Lat Krabang,ladkrabang,ลาดกระบัง",13.72197,100.78473,P,PPLA2,TH,,40,1011,101101,,163175,,2,Asia/Bangkok,2026-04-17
7026720,Bang Khae,Bang Khae,"Bang Khae,Khet Bang Khae,Khwaeng Bang Khae,Tambon Bang Khae,bangkhæ,บางแค",13.69301,100.40755,P,PPLA2,TH,,40,1040,104004,,193002,,2,Asia/Bangkok,2026-04-17
7026735,Bang Kho Laem,Bang Kho Laem,"Amphoe Yan Nawa,Bang Kho Laem,Khwaeng Bang Kho Laem,bangkhxhælm,บางคอแหลม",13.69279,100.50135,P,PPLA2,TH,,40,1031,103101,,22697,,2,Asia/Bangkok,2026-04-17
7026776,Bueng Kum,Bueng Kum,"Ban Bueng Kum,Ban Cum,Bueng Kum,ban kum,banbung kum,bungkum,บึงกุ่ม,บ้านกุ่ม,บ้านบึงกุ่ม",13.78528,100.66958,P,PPLA2,TH,,40,1027,102701,,145830,,3,Asia/Bangkok,2025-07-19
7026785,Chatuchak,Chatuchak,"Chatuchak,ctucakr,จตุจักร",13.82895,100.55931,P,PPLA2,TH,,40,1030,103005,,160906,,11,Asia/Bangkok,2026-04-17
7026787,Chom Thong,Chom Thong,"Chom Thong,cxmthxng,จอมทอง",13.67717,100.48407,P,PPLA2,TH,,40,1035,103503,,158005,,6,Asia/Bangkok,2025-07-19
7026800,Huai Khwang,Huai Khwang,"Huai Khwang,hwykhwang,ห้วยขวาง",13.7768,100.57895,P,PPLA2,TH,,40,1017,101701,,78175,,7,Asia/Bangkok,2026-04-17
7026817,Khan Na Yao,Khan Na Yao,"Khan Na Yao,khannayaw,คันนายาว",13.82557,100.67735,P,PPLA2,TH,,40,1043,104301,,88678,,2,Asia/Bangkok,2026-04-17
7026833,Lak Si,Lak Si,"Lak Si,hlaksi,หลักสี่",13.88724,100.5792,P,PPLA2,TH,,40,1041,104101,,109770,,8,Asia/Bangkok,2025-07-19
7026837,Lat Phrao,Lat Phrao,"Lat Phrao,ladphraw,ลาดพร้าว",13.80335,100.60696,P,PPLA2,TH,,40,1038,103801,,122182,,6,Asia/Bangkok,2026-04-17
7026842,Pathum Wan,Pathum Wan,"Pathum Wan,pthumwan,ปทุมวัน",13.73698,100.52329,P,PPLA2,TH,,40,1007,100702,,53263,,10,Asia/Bangkok,2026-04-17
7026870,Phaya Thai,Phaya Thai,"Phaya Thai,phyathi,พญาไท",13.7803,100.54261,P,PPLA2,TH,,40,1014,101406,,70238,,8,Asia/Bangkok,2026-04-17
7026885,Ratchathewi,Ratchathewi,"Ratchathewi,rachthewi,ราชเทวี",13.759,100.53358,P,PPLA2,TH,,40,1037,103701,,73035,,15,Asia/Bangkok,2025-07-19
7026886,Sai Mai,Sai Mai,"Sai Mai,sayhim,สายไหม",13.92068,100.64552,P,PPLA2,TH,,40,1042,104201,,188123,,4,Asia/Bangkok,2025-07-19
7026889,Saphan Sung,Saphan Sung,"Saphan Sung,saphan sung,สะพานสูง",13.77002,100.6848,P,PPLA2,TH,,40,1044,104401,,89825,,8,Asia/Bangkok,2026-04-17
7026897,Sathon,Sathon,"Khet Sathon,Sathon,khet sathr,sathr,สาทร,เขตสาทร",13.7085,100.52619,P,PPLA2,TH,,40,1028,102801,,84916,,11,Asia/Bangkok,2025-07-19
7026898,Suan Luang,Suan Luang,"Suan Luang,swnhlwng,สวนหลวง",13.73028,100.65138,P,PPLA2,TH,,40,1034,103403,,115658,,10,Asia/Bangkok,2025-07-19
7026994,Thawi Watthana,Thawi Watthana,"Tavi Vattana,Thawi Watthana,thwi watʹhna,Тави Ваттана,ทวีวัฒนา",13.78316,100.37805,P,PPLA2,TH,,40,1048,104802,,76351,,2,Asia/Bangkok,2025-09-29
7026999,Thung Khru,Thung Khru,"Thung Khru,thung khru,ทุ่งครุ",13.62849,100.50952,P,PPLA2,TH,,40,1049,104902,,116473,,6,Asia/Bangkok,2026-04-17
7027001,Wang Thonglang,Wang Thonglang,"Wang Thonglang,wangthxnghlang,วังทองหลาง",13.78546,100.61165,P,PPLA2,TH,,40,1045,104503,,114768,,12,Asia/Bangkok,2025-07-19
7027003,Watthana,Watthana,"Vadhana,Vattkhana,Watthana,watʹhna,Ваттхана,วัฒนา",13.72978,100.58536,P,PPLA2,TH,,40,1039,103902,,171150,,10,Asia/Bangkok,2025-09-29
7091861,Ban Chalong,Ban Chalong,"Chalong,ban chlxng,tabl chlxng,ตำบลฉลอง,บ้านฉลอง",7.84468,98.33897,P,PPL,TH,,62,8301,830106,,18072,,13,Asia/Bangkok,2023-12-11
7091912,Ban Ratsada,Ban Ratsada,"Ratsada,Ратсада,บ้านรัษฎา",7.90963,98.40248,P,PPL,TH,,62,8301,830104,,33534,,12,Asia/Bangkok,2023-12-11
7503743,Ban Khlong Bang Phran,Ban Khlong Bang Phran,"Ban Khlong Bang Phran,ban khlxng bang phran,บ้านคลองบางพราน",13.66314,100.38781,P,PPLX,TH,,40,1050,105002,,32286,,2,Asia/Bangkok,2025-07-19
7503760,Ban Lak Song,Ban Lak Song,"Ban Lak Song,ban hlak sxng,บ้านหลักสอง",13.68928,100.39814,P,PPL,TH,,40,1040,104004,,52144,,3,Asia/Bangkok,2025-07-19
7504194,Khwaeng Bang Khae,Khwaeng Bang Khae,"Ban Khlong Bang Kho Lat,ban khlxng bang kho lad,บ้านคลองบางโคลัด",13.69162,100.40448,P,PPL,TH,,40,1040,104004,,38915,,2,Asia/Bangkok,2025-07-19
7510923,Si Mahosot,Si Mahosot,"Amphoe Khok Pip,Amphoe Si Mahosot,King Amphoe Khok Pip,Si Mahosot,sri mhosth,ศรีมโหสถ",13.8878,101.40501,P,PPLA2,TH,,74,2509,250901,,18903,,10,Asia/Bangkok,2026-03-03
7510940,Erawan,Erawan,"Amphoe Erawan,Ban Erawan,Erawan,King Amphoe Erawan,xerawan,เอราวัณ",17.30181,101.95382,P,PPLA2,TH,,18,4213,421302,,15137,,358,Asia/Bangkok,2026-01-23
8205089,Ban Aranyik,Ban Aranyik,"Aranyik,Ban Aranyik,ba nx rayyik,บ้านอรัญญิก",16.82553,100.28486,P,PPL,TH,,12,6501,650117,,30508,,47,Asia/Bangkok,2024-09-26
8355932,Bang Bon,Bang Bon,"Bang Bon,bang bxn,บางบอน",13.66185,100.39567,P,PPLA2,TH,,40,1050,105002,,105161,,3,Asia/Bangkok,2025-07-19
10128831,Phra Nakhon,Phra Nakhon,"Phra Nakhon,phrankhr,พระนคร",13.76512,100.49864,P,PPLA2,TH,,40,1001,100112,,51231,,9,Asia/Bangkok,2025-07-19
10172776,Sathorn,Sathorn,,13.74998,100.51682,P,PPLX,TH,,40,1008,100803,,79624,,11,Asia/Bangkok,2025-07-19
10176275,Bangkok Riverside,Bangkok Riverside,,13.7549,100.51716,P,PPLX,TH,,40,1008,100803,,48227,,7,Asia/Bangkok,2025-07-19
10227099,Huamak,Huamak,,13.7578,100.64737,P,PPLX,TH,,40,1006,100608,,67798,,2,Asia/Bangkok,2025-07-19
11071484,Latkrabang,Latkrabang,,13.72784,100.74609,P,PPLX,TH,,40,1011,101103,,173987,0,3,Asia/Bangkok,2025-07-19
13405659,Prachin Buri Town,Prachin Buri Town,,14.05458,101.37264,P,PPLX,TH,,74,2501,250101,,25157,,23,Asia/Bangkok,2025-07-01
13494061,Sam Sen Nai,Sam Sen Nai,,13.77714,100.55082,P,PPLA2,TH,,40,1014,101401,,30476,,2,Asia/Bangkok,2025-07-19
13494063,Inner Huai Khwang,Inner Huai Khwang,,13.78152,100.58382,P,PPLX,TH,,40,1017,101704,,25879,,2,Asia/Bangkok,2025-07-19
13494065,Khetsamsenok,Khetsamsenok,,13.79284,100.58298,P,PPLX,TH,,40,1017,101704,,38204,,2,Asia/Bangkok,2025-07-19
13494066,Chorakhe Bua,Chorakhe Bua,,13.839,100.61144,P,PPLX,TH,,40,1038,103802,,27465,,2,Asia/Bangkok,2025-07-19
13494067,Chan Kasem,Chan Kasem,,13.82064,100.58311,P,PPLX,TH,,40,1030,103003,,38080,,2,Asia/Bangkok,2025-07-19
13494068,Khwaeng Bang Plat,Khwaeng Bang Plat,,13.78775,100.49469,P,PPLX,TH,,40,1025,102501,,21953,,2,Asia/Bangkok,2025-07-19
13494069,Khlong Sam Wa,Khlong Sam Wa,,13.87139,100.73719,P,PPLA2,TH,,40,1046,104602,,169489,,2,Asia/Bangkok,2025-07-19
13494070,Bang Bon Nuea,Bang Bon Nuea,,13.65293,100.35866,P,PPLX,TH,,40,1050,105002,,22619,,2,Asia/Bangkok,2025-07-19
13494071,Bangbontai,Bangbontai,,13.6472,100.37144,P,PPLX,TH,,40,1021,102107,,24860,,2,Asia/Bangkok,2025-07-19
13494072,Khlong Chan,Khlong Chan,,13.78126,100.64506,P,PPLX,TH,,40,1006,100601,,76934,,2,Asia/Bangkok,2025-07-19
13494073,Bang Khae Nuea,Bang Khae Nuea,,13.70552,100.38933,P,PPLX,TH,,40,1040,104004,,59821,,2,Asia/Bangkok,2025-07-19
13494074,Bang Phai,Bang Phai,,13.70667,100.38673,P,PPLX,TH,,40,1040,104004,,40277,,2,Asia/Bangkok,2025-07-19
13494075,Tha Raeng,Tha Raeng,,13.86849,100.64534,P,PPLX,TH,,40,1005,100508,,97658,,2,Asia/Bangkok,2025-07-19
13494076,Anusawari,Anusawari,,13.89466,100.61425,P,PPLX,TH,,40,1042,104203,,94550,,2,Asia/Bangkok,2025-07-19
13494077,Bang Kho Laem subdistrict,Bang Kho Laem subdistrict,,13.6934,100.50221,P,PPLX,TH,,40,1031,103102,,22697,,2,Asia/Bangkok,2025-07-19
13494078,Bang O,Bang O,,13.83576,100.46001,P,PPLX,TH,,38,1201,120108,,24225,,2,Asia/Bangkok,2025-07-19
13494079,Bang Yi Khan,Bang Yi Khan,,13.76327,100.48982,P,PPLX,TH,,40,1020,102009,,24745,,2,Asia/Bangkok,2025-07-19
13494081,Bang Sue subdistrict,Bang Sue subdistrict,,13.80645,100.53062,P,PPLX,TH,,40,1029,102901,,79405,,2,Asia/Bangkok,2025-07-19
13494082,Wong Sawang,Wong Sawang,,13.81671,100.51587,P,PPLX,TH,,40,1029,102902,,43005,,2,Asia/Bangkok,2025-07-19
13494084,Ban Chang Lo,Ban Chang Lo,,13.75085,100.47704,P,PPLX,TH,,40,1020,102005,,29122,,2,Asia/Bangkok,2025-07-19
13494086,Bang Khun Si,Bang Khun Si,,13.75064,100.47022,P,PPLX,TH,,40,1020,102005,,31689,,2,Asia/Bangkok,2025-07-19
13494087,Arun Amarin,Arun Amarin,,13.76693,100.48258,P,PPLX,TH,,40,1020,102009,,19882,,2,Asia/Bangkok,2025-07-19
13494089,Wat Tha Phra,Wat Tha Phra,,13.73462,100.47608,P,PPLX,TH,,40,1016,101602,,53111,,2,Asia/Bangkok,2025-07-19
13494090,Khlong Kum,Khlong Kum,,13.78843,100.68033,P,PPLX,TH,,40,1043,104302,,69071,,2,Asia/Bangkok,2025-07-19
13494091,Lat Yao,Lat Yao,,13.84725,100.56373,P,PPLX,TH,,40,1030,103001,,41238,,2,Asia/Bangkok,2025-07-19
13494092,Sena Nikhom,Sena Nikhom,,13.83655,100.57727,P,PPLX,TH,,40,1030,103002,,20393,,2,Asia/Bangkok,2025-07-19
13494093,Chomphon,Chomphon,,13.80354,100.5603,P,PPLX,TH,,40,1030,103004,,33250,,2,Asia/Bangkok,2025-07-19
13494094,Chatuchak subdistrict,Chatuchak subdistrict,,13.82735,100.55531,P,PPLA2,TH,,40,1030,103005,,21853,,2,Asia/Bangkok,2025-07-19
1626459,Suai,Suai,"Soeai,Suai,Swai,UAI,su ai,su'a'i,suai,suʿeyi,sway,swayy,Суаи,سوائی,سواي,سوایی,सुआई,সুআই,ਸੁਆਈ,ሱአይ,スアイ,蘇艾",-9.31286,125.25648,P,PPLA,TL,,CO,505,050502,,21539,,73,Asia/Dili,2026-04-14
1635826,Maubara,Maubara,"Maubara,Maubaru,Maubarú",-8.61194,125.20611,P,PPL,TL,,LI,803,080306,,16300,,21,Asia/Dili,2016-11-27
1636670,Maliana,Maliana,"MPT,Maliana,ma li ya na,mali'ana,maliyana,malliana,malyana,mariana,Малиана,ماليانا,مالیانا,मलियाना,মালিয়ানা,ਮਲਿਆਨਾ,ማሊያና,マリアナ,瑪利亞娜,말리아나",-8.99167,125.21972,P,PPLA,TL,,BO,401,040105,,22000,,253,Asia/Dili,2026-04-14
1637730,Likisá,Likisa,"Likisa,Likisia,Likisá,Liquica,Liquissa,Liquiçá,Vila de Liquica,Vila de Liquiçá,Vila de liquissa,likisa,lykysa,rikisa,Ликиса,ليكيسا,لیکیسا,लीकिसा,লীকিসা,ਲੀਕਿਸਾ,ሊኪሳ,リキサ",-8.5875,125.34194,P,PPLA,TL,,LI,801,080108,,19000,,23,Asia/Dili,2026-04-14
1645457,Dili,Dili,"DIL,Delhi,Dilhi,Dili,Dilis,Dilium,Dilli,Dilly,Dilo,Dily,Dyli,Díli,Nova Dili,Ntili,di li,dili,dilli,diri,dly,dyly,tili,Ντίλι,Дили,Дылі,Ділі,Դիլի,דילי,دلي,دىلى,ديلى,ديلي,دیلی,ڈلی,डिली,दिली,দিলি,ਦੀਲੀ,દિલી,டிலி,దిలి,ಡಿಲಿ,ദിലി,දිලි,ดิลี,ດິລີ,དྷི་ལི།,ဒီလီမြို့,დილი,ዲሊ,ឌីលី,ᱰᱤᱞᱤ,ディリ,帝力,딜리",-8.55861,125.57361,P,PPLC,TL,,DI,601,060104,,150000,,3,Asia/Dili,2019-09-05
1649539,Baukau,Baukau,"BCH,Bacau,Baucau,Baukau,Vila Salazar,ba'uka'u,bao kao,baukau,baw khaw,bawkaw,baውkaው,khet bea kea,Баукау,באוקאו,باوكاو,باوکاو,बाउकाऊ,বাউকাউ,ਬਾਉਕਾਉ,บาวคาว,เขตเบาเกา,ባውካው,バウカウ,包考,바우카우",-8.47572,126.45633,P,PPLA,TL,,BA,301,030103,,16000,,442,Asia/Dili,2026-04-14
1651079,Atsabe,Atsabe,"Atsabe,Batuane,Nova Ourem,Nova Ourém",-8.925,125.39806,P,PPL,TL,,ER,704,070411,,16304,,1248,Asia/Dili,2026-05-01
1651816,Aileu,Aileu,"Aileou,Aileu,Ajleu,Vila General Camona,Vila General Carmona,a yi lai wu,a'ile'u,aila'o,aile'u,aireu,aylyw,ayylyw,ʿeyilu,Αϊλέου,Айлеу,Աիլեու,אילאו,آيليو,ائیلیو,ایلئو,ایلیو,ऐलेऊ,আইলেউ,ਐਲਓ,አይሉ,アイレウ,阿伊萊烏",-8.72806,125.56639,P,PPLA,TL,,AL,201,020108,,17356,913,926,Asia/Dili,2026-04-14
1937274,Lospalos,Lospalos,"Los Palos,Lospalos,Lospalus,lasapalosa,losapalosa,loseupalloseu,losiፓlosi,lwsbalws,lwspalws,rosuparosu,sheng bao luo,Лоспалос,لوسبالوس,لوسپالوس,लॉसपालोस,লসপালোস,ਲਾਸਪਾਲੋਸ,ሎስፓሎስ,ロスパロス,聖保羅,로스팔로스",-8.52167,126.99833,P,PPLA,TL,,LA,901,090102,,17186,,391,Asia/Dili,2026-04-14
1943235,Venilale,Venilale,"Venilale,Vila Vicosa,Vila Viçosa",-8.64306,126.37833,P,PPL,TL,,BA,306,030608,,16000,,834,Asia/Dili,2019-03-19
1560037,Yên Vinh,Yen Vinh,"Yen Vinh,Yên Vinh",18.66667,105.66667,P,PPL,VN,,40,412,,,107082,,12,Asia/Bangkok,2025-07-29
1560121,Yên Phụ,Yen Phu,"Yen Phu,Yen Phu Phuong,Yên Phụ",21.03333,105.83333,P,PPL,VN,,01,001,,,23942,,15,Asia/Bangkok,2025-07-29
1560349,Yên Bái,Yen Bai,"Jenbaj,Yen Bai,Yen Bay,Yên Bái,Йенбай",21.72288,104.9113,P,PPLA2,VN,,15,132,,,100631,,45,Asia/Bangkok,2025-08-01
1560551,Xuân Mai,Xuan Mai,,20.9,105.58333,P,PPL,VN,,01,277,,,25100,,11,Asia/Ho_Chi_Minh,2025-07-29
1560565,Xuân Lộc,Xuan Loc,"Xa Xuan Loc,Xuan Loc,Xuân Lộc",10.93333,107.23333,P,PPL,VN,,75,732,,,253140,,190,Asia/Ho_Chi_Minh,2025-07-29
1561210,Xóm Mỹ Xuân,Xom My Xuan,"My Xuan,Xom My Xuan,Xóm Mỹ Xuân",10.61667,107.06667,P,PPL,VN,,79,754,,,32345,,15,Asia/Ho_Chi_Minh,2025-07-29
1561907,Xóm Cái Nước,Xom Cai Nuoc,"Cai Nuoc,Xom Cai Nuoc,Xóm Cái Nước",9.8,105.1,P,PPL,VN,,91,908,,,54397,,3,Asia/Ho_Chi_Minh,2025-07-29
1561914,Cái Đôi Vàm,Cai GJoi Vam,"Cai Doi Vam,Cái Đôi Vàm,Xom Cai Doi Vam,Xóm Cái Đôi Vàm",8.85707,104.81199,P,PPLA2,VN,,96,972,,,36444,,2,Asia/Ho_Chi_Minh,2025-08-28
1562176,Trảng Bom,Trang Bom,"Trang Bom,Trảng Bom,Xa Trang Bom,Xã Trảng Bôm",10.95358,107.00589,P,PPLA2,VN,,75,737,,,57560,,61,Asia/Ho_Chi_Minh,2025-07-29
1562278,Xã Long Hải,Xa Long Hai,"Ap Long Hai,Long Hai,Xa Long Hai,Xã Long Hải",10.38706,107.23884,P,PPL,VN,,79,752,,,35167,,17,Asia/Ho_Chi_Minh,2025-08-02
1562279,Long Diền,Long Dien,"Long Dien,Xa Long Dien,Xã Long Diền",10.48333,107.21667,P,PPLA2,VN,,79,752,,,18093,,17,Asia/Ho_Chi_Minh,2026-05-16
1562414,Vũng Tàu,Vung Tau,"Cap-Saint-Jacques,Cape Saint James,Saint James,St. James,VTG,Ville du Cap,Vung Tau,Vungtau,Vũng Tàu,Xa Vung Tau,bungttau,buntau,tou dun shi,Вунгтау,ブンタウ,頭 頓市,붕따우",10.34599,107.08426,P,PPLA2,VN,,79,747,,,464860,,10,Asia/Ho_Chi_Minh,2025-07-29
1562538,Vị Thanh,Vi Thanh,"Duc Long,Vi Tanh,Vi Thanh,Vi Tkhan',Vị Thanh,bhi thana,fy than,vi tani,vi thana,vui・tan,wy tan,wy tھan,Đức Long,Вi Тхань,Ви Тхань,في ثان,وی تان,وی تھان,वी थान,ভি থান,ਵੀ ਥਾਨ,ቪ ታን,ヴィ・タン",9.78449,105.47012,P,PPLA,VN,,92,930,,,24477,,3,Asia/Ho_Chi_Minh,2026-04-14
1562548,Vĩnh Yên,Vinh Yen,"Vieh Yen,Vinh Yen,Vĩnh Yên,Yen",21.30891,105.60489,P,PPLA2,VN,,25,243,,,119128,,19,Asia/Bangkok,2025-08-01
1562570,Vĩnh Tuy,Vinh Tuy,Vinh Tuy,21,105.88333,P,PPL,VN,,01,008,,,86618,,11,Asia/Bangkok,2025-10-24
1562693,Vĩnh Long,Vinh Long,"Vin' Long,Vinh Long,Vĩnh Long,XVL,bhinaha lam,binron,fyn lwnj,vina langa,vinha langa,vinihi loniግ,winہ lang,wynh lang,Винь Лонг,فين لونج,وِنہ لانگ,وینه لانگ,विन्ह लांग,ভিনহ লং,ਵਿਨ ਲਾਂਗ,ቪንህ ሎንግ,ビンロン",10.25369,105.9722,P,PPLA,VN,,86,855,,,137870,,1,Asia/Ho_Chi_Minh,2026-04-14
1562773,Vĩnh Châu,Vinh Chau,"Vinh Chau,Vĩnh Châu",9.32439,105.98006,P,PPLA2,VN,,92,950,,,183918,,4,Asia/Ho_Chi_Minh,2025-07-29
1562798,Vinh,Vinh,"VII,Vin,Vin',Vinh,Vinis,bhinaha,bin,fynh,rong shi,vina,vinha,vinihi,vuin,wiy,wyn,wyn  wytnam,wynh,Вин,Винь,Вінь,וין,فينه,وین، ویتنام,وینه,وینہ,विन्ह,ভিনহ,ਵਿਨ,วิญ,ቪንህ,ヴィン,荣市,빈",18.67337,105.69232,P,PPLA,VN,,40,412,,,790000,,12,Asia/Bangkok,2026-04-14
1562818,Việt Yên,Viet Yen,"Distretto di Viet Yen,V'etjen,Viet Yen,Viet Yen District,Việt Yên,Việt Yên District,Вьетйен,ویت ین ضلع",21.26667,106.13333,P,PPL,VN,,24,222,,,205900,,6,Asia/Ho_Chi_Minh,2025-07-29
1562820,Việt Trì,Viet Tri,"V'et Tri,Viet Tri,Vietri,Việt Trì,betotori,bhiyeta tri,fyt try,vi'eta tri,viyata tri,viyeti tiri,wyt try,wyt ٹry,Вьет Три,فيت تري,ویت تری,ویت ٹری,वियत त्रि,ভিয়েত ত্রি,ਵੀਏਟ ਤ੍ਰੀ,ቪየት ትሪ,ベトトリ",21.32274,105.40198,P,PPLA,VN,,25,227,,,415280,,25,Asia/Bangkok,2026-04-14
1563241,Thành Phố Uông Bí,Thanh Pho Uong Bi,"Thanh Pho Uong Bi,Thành Phố Uông Bí,Uong Bi,Uông Bí",21.03433,106.77049,P,PPL,VN,,22,196,,,63829,,11,Asia/Ho_Chi_Minh,2025-07-29
1563281,Tuy Hòa,Tuy Hoa,"Chau Thanh,TBB,Thanh pho Tuy Hoa,Thuy Hoa,Thành phố Tuy Hòa,Toy Hoa,Tuikhoa,Tuj Khoa,Tuy Hoa,Tuy Hòa,sui he shi,touihoa,tu'e ho'a,tu'i hoya,tuya ho'a,tuyi howa,tuے ہwa,twy hwa,twyy hwa,Туихоа,Туй Хоа,توي هوا,تویی هوا,تُوے ہوا,तुय होआ,টুই হোয়া,ਤੁਏ ਹੋਆ,ቱይ ሆዋ,トゥイホア,綏和市",13.09546,109.32094,P,PPLA,VN,,66,555,,,155921,,8,Asia/Ho_Chi_Minh,2026-04-14
1563287,Tuyên Quang,Tuyen Quang,"Thanh Pho Tuyen Quang,Thành Phố Tuyên Quang,Tujen Kuang,Tuyen Kang,Tuyen Kwang,Tuyen Quang,Tuyên Quang,touienkuan,tu'ena ku'anga,tuyena koyam,tuyena kvanga,tuyeni kwaniግ,tuyin kwang,twyyn kwang,twyyn kwanj,Туйен Куанг,تويين كوانج,تویین کوانگ,تُویِن کوانگ,तुयेन क्वांग,তুয়েন কোয়াং,ਤੁਏਨ ਕੁਆਂਗ,ቱዬን ኳንግ,トゥイエンクアン",21.82356,105.21424,P,PPLA,VN,,08,070,,,104645,,35,Asia/Bangkok,2026-04-14
1563490,Tu Bông,Tu Bong,,12.76667,109.3,P,PPL,VN,,56,571,,,29751,,4,Asia/Ho_Chi_Minh,2025-12-12
1563663,Trung Phụng,Trung Phung,"Trung Phung,Trung Phụng,Trung-Phuong",21,105.83333,P,PPL,VN,,01,006,,,16998,,10,Asia/Bangkok,2025-07-29
1563683,Hồng Lĩnh,Hong Linh,"Hong Linh,Khon Lin',Khong Lin',Khonglin',Khonlin',hong ling shi she,honrin,Хон Линь,Хонг Линь,Хонглинь,Хонлинь,ہwng lynہ dlʿ,ہؤنگ لئنہ ضلع,ホンリン,鸿岭市社",18.52861,105.70636,P,PPL,VN,,42,437,,,36940,,11,Asia/Bangkok,2026-02-15
1563704,Thị Trấn Trùng Khánh,Thi Tran Trung Khanh,"Thi Tran Trung Khanh,Thị Trấn Trùng Khánh,Trung Khanh,Trung Khanh Phu,Trùng Khánh,Trùng Khánh Phủ",22.83514,106.52496,P,PPLA2,VN,,04,047,,,17849,,530,Asia/Ho_Chi_Minh,2026-02-27
1563926,Trà Vinh,Tra Vinh,"PHU,Phu Vinh,Phú Vinh,Thanh pho Tra Vinh,Tkhan' Fo Tra Vin',Tra Vin,Tra Vinh,Trà Vinh,tan fw tra wynh,tana pho tra vina,tanfotorabin,tani ፎ tira vinihi,thanh fw tra fyn,thanha pho tra vinha,thantha pho tra bhinaha,tھan fw tra winہ,Тхань Фо Тра Винь,تان فو ترا وینه,تھان فو ترا وِنہ,ثانه فو ترا فين,थान्ह फो त्रा विन्ह,থান্থ ফো ট্রা ভিনহ,ਤਾਨ ਫੋ ਤ੍ਰਾ ਵਿਨ,ታን ፎ ትራ ቪንህ,タンフォトラビン",9.94719,106.34225,P,PPLA,VN,,86,842,,,160310,,1,Asia/Ho_Chi_Minh,2026-04-14
1564046,Trảng Bàng,Trang Bang,"Trang Bang,Trảng Bàng",11.02987,106.35751,P,PPLA2,VN,,80,712,,,161831,,9,Asia/Ho_Chi_Minh,2025-07-29
1564064,Long Bien,Long Bien,"Long Bien,Long Biên",21.03333,105.9,P,PPLA2,VN,,01,004,,,347829,,10,Asia/Bangkok,2025-10-02
1564075,Tràm Chim,Tram Chim,"Tram Chim,Tràm Chim",10.67001,105.56469,P,PPLA2,VN,,82,871,,,22725,,6,Asia/Ho_Chi_Minh,2026-01-14
1564555,Tịnh Biên,Tinh Bien,"Tinh Bien,Tịnh Biên",10.59591,104.93669,P,PPL,VN,,91,890,,,143098,,1,Asia/Ho_Chi_Minh,2025-07-29
1564589,Thị Trấn Tiên Yên,Thi Tran Tien Yen,"Tienan,Thi Tran Tien Yen,Thị Trấn Tiên Yên,Tien Yen,Tien Yer,Tiên Yên,T”ienan",21.33133,107.40533,P,PPL,VN,,22,199,,,22164,,16,Asia/Ho_Chi_Minh,2026-02-27
1564956,Thượng Cát,Thuong Cat,"Thuong Cat,Thượng Cát",21.09342,105.73188,P,PPL,VN,,01,021,,,87406,,11,Asia/Bangkok,2025-07-29
1565019,Thủ Đức,Thu GJuc,"Thu Duc,Thủ Đức",10.84863,106.77209,P,PPLA2,VN,,79,762,,,524670,,29,Asia/Ho_Chi_Minh,2025-07-29
1565022,Thủ Dầu Một,Thu Dau Mot,"Phu Cuong,Phú Cường,Thu Dau Mot,Thu Dau Mot City,Thủ Dầu Một,Tkhu Dau Mot,Tkhuzaumot,thu da'u mata,thu da'u mota,thu seiwhmt,thw daw mwt,touzaumotto,tu daው moti,tu long mu shi she,tujeoumos,tw daw mwt,tw dayw mwt,Тху Дау Мот,Тхузаумот,تو دائو موت,تو داو موت,تھو داو مؤت,ثو داو موت,थु दाउ मोत,থু দাউ মট,ਥੁ ਦਾਊ ਮੋਟ,ถูเสิ่วหมต,ቱ ዳው ሞት,トゥーザウモット,土龍木市社,투저우못",10.9804,106.6519,P,PPLA,VN,,79,718,,,373105,,20,Asia/Ho_Chi_Minh,2026-04-14
1565047,Thuận Thanh,Thuan Thanh,,21.046,106.079,P,PPL,VN,,24,262,,,199577,,16,Asia/Bangkok,2025-09-01
1565136,Thốt Nốt,Thot Not,"Tho Not,Thot Not,Thốt Nốt",10.27213,105.5338,P,PPLA2,VN,,92,923,,,158225,,6,Asia/Ho_Chi_Minh,2025-07-29
1565157,Thới Lai,Thoi Lai,"Thoi Lai,Thới Lai",10.06522,105.55863,P,PPLA2,VN,,92,927,,,109684,,6,Asia/Ho_Chi_Minh,2025-07-29
1565164,Thới Bình,Thoi Binh,"Thoi Binh,Thot Binh,Thới Bình",9.35584,105.09929,P,PPLA2,VN,,96,967,,,38116,,4,Asia/Ho_Chi_Minh,2025-10-24
1565969,Thị Trấn Thất Khê,Thi Tran That Khe,"That Ke,That Khe,Thi Tran That Khe,Thất Khê,Thị Trấn Thất Khê",22.25525,106.47359,P,PPLA2,VN,,20,180,,,20153,,159,Asia/Ho_Chi_Minh,2026-02-27
1566029,Phú Lộc,Phu Loc,"Huyen Thanh Tri,Huyện Thạnh Trị,Phu Loc,Phú Lộc,Thanh Tr,Thạnh Tr",9.42838,105.74111,P,PPLA2,VN,,92,949,,,15099,,0,Asia/Ho_Chi_Minh,2026-05-16
1566083,Ho Chi Minh City,Ho Chi Minh City,"Cathair Ho Chi Minh,Cidade de Ho Chi Minh,Ciudad Ho Chi Minh,Gia GJinh,Gia Định,HCM City,HCMC,HCMV,Hcm,Ho Chi Minh,Ho Chi Minh City,Ho Chi Minh Ville,Ho Chi Minh-borg,Ho Chi Minh-byen,Ho Chi Minh-staden,Ho Chi Minhin kaupunki,Ho Chi Minhstad,Ho Ci Minovo Mesto,Ho Si Min,Ho Si Min Grad,Ho Si Minh-varos,Ho Si Minh-város,Ho Či Minovo Město,Ho Ši Min,Ho Ši Min Grad,Ho-Chi-Minh-Stadt,Ho-Chi-Minh-Ville,Ho-Ci-Min-urbo,Ho-Ĉi-Min-urbo,Hociminovo Mesto,Hosimin,Hosimina,Hosiminh,Hočiminovo Mesto,Hoşimin,Hošimina,Hošiminh,Hô Chi Minh Ville,Hô-Chi-Minh-Ville,Hồ Chí Minhin kaupunki,Khashymin,Kho Shi Min,Khoshimin,Kota Ho Chi Minh,Kota Hồ Chí Minh,SGN,Sai Gon,Saigon,Sajgon,Sayqon,Saïgon,Sài Gòn,T.P. Ho Chi Minh,T.P. Hồ Chí Minh,TP Ho Chi Minh,TPHCM,Thanh pho Ho Chi Minh,Thành phố Hồ Chí Minh,hochimin,hochimin shi,hojjimin,hu zhi ming shi,hw z'y myn syty,mdynt hw tshy mynh,saigon,saygwn,Сайгон,Сајгон,Хашымін,Хо Ши Мин,Хошимин,Хошимін,הו צ'י מין סיטי,سايگون,مدينة هو تشي مينه,サイゴン,ホーチミン,ホーチミン市,胡志明市,호찌민,호치민",10.82302,106.62965,P,PPL,VN,,79,,,,14002598,,7,Asia/Ho_Chi_Minh,2025-10-19
1566126,Thanh Liệt,Thanh Liet,,20.96667,105.81667,P,PPL,VN,,01,020,,,76238,,8,Asia/Bangkok,2025-10-31
1566166,Thanh Hóa,Thanh Hoa,"THD,Tan Khoa,Tan'һoa,Than Hoa,Thanh Hoa,Thanh Hóa,Than” Hoa,Tkhan Khoa,Tkhan' Khoa,Tkhan'khaa,Tkhan'khoa,Tʻhanhoa,qing hua shi,tainhoa,tainhoa shi,tan hwa,tana ho'a,tanh hwa,tanhoa,tanhuaia,tani howa,thanha ho'a,thantha hoya,tھan ہwa,Таньһоа,Тањ Хоа,Тхан Хоа,Тхань Хоа,Тханьхаа,Тханьхоа,Թhանհոա,تان هوا,تانه هوا,تھان ہوا,थान्ह होआ,থান্থ হোয়া,ਤਾਨ ਹੋਆ,თანჰუაია,ታን ሆዋ,タインホア市,清化市,타인호아,탄호아",19.8,105.76667,P,PPLA,VN,,38,380,,,850000,,5,Asia/Bangkok,2026-04-14
1566319,Thái Nguyên,Thai Nguyen,"Taj-Nguen,Thai Nguyen,Thanh Pho Thai Nguyen,Thành Phố Thái Nguyên,Thái Nguyên,Tkhaj Nguen,ta'i nagu'ena,taiguen,tay njwyn,tayi niguyeni,tayy ngwyyn,tha'i n'guyena,tha'i naguyena,tھayy ngwyyں,Тай-Нгуен,Тхай Нгуен,تاي نجوين,تایی نگویین,تھائی نگوئیں,थाई न्गुयेन,থাই নগুয়েন,ਤਾਈ ਨਗੁਏਨ,ታይ ንጉዬን,タイグエン",21.59422,105.84817,P,PPLA,VN,,19,164,,,420000,,36,Asia/Bangkok,2026-04-14
1566346,Thái Bình,Thai Binh,"Kua Loc,Taibinh,Thai Bin,Thai Binh,Thanh Pho Thai Binh,Thành Phố Thái Bình,Thái Bình",20.45,106.34002,P,PPLA2,VN,,33,336,,,53071,,6,Asia/Bangkok,2025-08-02
1566559,Tây Ninh,Tay Ninh,"Tai nin,Taj Nin',Tay Ninh,Tehjnin',Tei Nin,Tây Ninh,Vilojati Tej Nin,tainin,tay nynh,tay nynha,taya ninaha,taya ninha,tayi ninihi,te nina,tteoinin,xi ning shi,Вилояти Тей Нин,Тай Нинь,Тэйнинь,Тэйнінь,تاي نينه,تای نینه,تای نینها,تاے ننہ,तय नीन्ह,তায় নিনহ,ਤੇ ਨਿਨ,ታይ ንንህ,タイニン,西寧市,떠이닌",11.31004,106.09828,P,PPLA,VN,,80,703,,,135254,,18,Asia/Ho_Chi_Minh,2026-04-14
1566566,Tây Hồ,Tay Ho,"Tay Ho,Tây Hồ",21.06895,105.81053,P,PPLA2,VN,,01,003,,,168300,,13,Asia/Bangkok,2025-07-29
1567032,Tân Châu,Tan Chau,"Tan Chau,Tân Châu",10.79832,105.23887,P,PPLA2,VN,,91,887,,,175211,,7,Asia/Ho_Chi_Minh,2025-07-29
1567043,Tân Bình,Tan Binh,"Tan Binh,Tân Bình",10.8025,106.66,P,PPLX,VN,,79,766,,,89373,,12,Asia/Ho_Chi_Minh,2025-10-24
1567069,Tân An,Tan An,"Tan,Tan Am,Tan An,Tân An,tan an,tan'an,tana ana,tani ʿeni,Тан,Тан Ан,تان آن,تان ان,तान आन,তান আন,ਤਾਨ ਆਨ,ታን አን,タンアン",10.53589,106.41366,P,PPLA,VN,,80,794,,,215250,,4,Asia/Ho_Chi_Minh,2026-04-14
1567148,Tam Kỳ,Tam Ky,"TMK,Tam Ki,Tam Ky,Tam Kỳ,Tanky,tam ky,tama ki,tamuki,taም ki,Там Ки,تام كي,تام کی,तम की,তাম কি,ਤਾਮ ਕੀ,ታም ኪ,タムキー",15.57364,108.47403,P,PPLA,VN,,48,502,,,165240,,11,Asia/Ho_Chi_Minh,2026-04-14
1567167,Tam Giang,Tam Giang,Tam Giang,8.8,105.18333,P,PPL,VN,,96,971,,,23277,,2,Asia/Ho_Chi_Minh,2025-10-24
1567621,Sơn Tây,Son Tay,"Son Tay,Son-Taj,Sontai,Sơn Tây,Сон-Тай",21.14053,105.50686,P,PPLA2,VN,,01,269,,,230577,,16,Asia/Bangkok,2025-07-29
1567681,Sơn La,Son La,"SQH,Son La,Son La Chau,Son Lu,Son-La,Sơn La,Thanh Pho Son La,Thành Phố Sơn La,sana la,shan luo shi,sona la,soni la,sonra,swn la,Сон Ла,Сон-Ла,سون لا,सोन ला,সন লা,ਸੋਨ ਲਾ,ሶን ላ,ソンラ,山羅市",21.3256,103.91882,P,PPLA,VN,,14,116,,,106052,,608,Asia/Bangkok,2026-04-14
1567723,Sông Cầu,Song Cau,"Bong Cau,Bông Cầu,Song Cau,Song Ka,Song Ko,Songkau,Sông Cầu",13.4556,109.22348,P,PPLA2,VN,,66,557,,,94066,,10,Asia/Ho_Chi_Minh,2025-07-29
1567788,Sóc Trăng,Soc Trang,"Khanh Hong,Khanh Hung,Khánh Hưng,SOA,Shokchang,Soc Trang,Sok Chang,Sok Trang,Sóc Trăng,soka tram,soka tranga,soki tiraniግ,sokkuchan,swk trang,swk tranj,swk ٹrang,Сок Чанг,Шокчанг,سوك ترانج,سوک ترانگ,سوک ٹرانگ,सोक ट्रांग,সোক ট্রাং,ਸੋਕ ਤ੍ਰਾਂਗ,ሶክ ትራንግ,ソックチャン",9.59995,105.97193,P,PPLA,VN,,92,941,,,221430,,7,Asia/Ho_Chi_Minh,2026-04-14
1568142,Sầm Sơn,Sam Son,"Sam Son,Sầm Sơn",19.73333,105.9,P,PPL,VN,,38,382,,,129801,,10,Asia/Ho_Chi_Minh,2025-07-29
1568212,Sa Dec,Sa Dec,"Sa GJec,Sa Đéc",10.29085,105.75635,P,PPLA2,VN,,82,867,,,214610,1,6,Asia/Ho_Chi_Minh,2025-07-29
1568510,Rạch Giá,Rach Gia,"Lit-ka-su,Li̍t-ka-sṳ,Rac'zja,Rach Gia,Rach Zha,Rach Zhia,Racza,Racža,Rat'zja,Rạch Giá,VKG,Zhac Zhja,di shi shi,lagja,raca ji'a,raca jiya,rach jya,racha gya,raci jiya,rakkuza,ratsh jya,rch gya,sak sa,Жаћ Жја,Ратьзя,Рацьзя,Рач Жа,راتش جيا,راچ جیا,راچا گیا,رچ گیآ,राच जिया,রাচ জিয়া,ਰਾਚ ਜਿਆ,สักซ้า,ራች ጂያ,ラックザー,迪石市,락자",10.01245,105.08091,P,PPLA,VN,,91,899,,,459860,,13,Asia/Ho_Chi_Minh,2026-04-14
1568574,Qui Nhon,Qui Nhon,"Ki N'on,Ki N’on,Kin-hon,Kui Nkhon,Kuinjon,Kwinhon,Qui Nhan,Qui Nhon,Qui Nhơn,Quinn Yan,Quinton,Quy Nhon,Quy Nhơn,UIH,gui ren shi,kku-inyeon,ku nihoni,ku'i nhana,ku'i nhona,kuinyon,kwyh nhwn,kwyy nhwn,kwyy nہwn,kyu'i nhona,Куи Нхон,Куинён,كويه نهون,کوئی نهون,کوئی نہون,क्यूई न्हॉन,কুই ন্হন,ਕੁਈ ਨ੍ਹੋਨ,ኩ ንሆን,クイニョン,歸仁市,꾸이년",13.77648,109.22367,P,PPLA,VN,,52,548,,,519208,,7,Asia/Ho_Chi_Minh,2026-04-14
1568737,Ba Đồn,Ba GJon,"Ba Don,Ba Đồn,Quang Trach,Quảng Trach",17.75353,106.42355,P,PPLA2,VN,,44,458,,,106413,,8,Asia/Bangkok,2025-07-29
1568759,Quán Hàu,Quan Hau,"Quan Hau,Quang Ninh,Quán Hàu,Quảng Ninh",17.40438,106.64072,P,PPLA2,VN,,44,456,,,36210,,13,Asia/Bangkok,2025-10-24
1568770,Quảng Ngãi,Quang Ngai,"Kang Ngei,Kong-ngi-su,Kuang Ngaj,Kuangngaj,Kvang Ngaj,Kwang Ngai,Kóng-ngi-sṳ,Quang Ngai,Quảng Ngãi,Thanh pho Quang Ngai,Thành phố Quảng Ngãi,Vilojati Kuang Ngaj,guang yi shi,kkwang-eung-ai,koyam enaga'i,ku'anga naga'i,kuangai,kvanga naga'i,kwang ngay,kwang ngayy,kwaniግ nigayi,kwanj njay,Вилояти Куанг Нгай,Кванг Нгај,Куанг Нгай,Куангнгай,كوانج نجاي,کوانگ نگائی,کوانگ نگای,क्वांग नगाई,কোয়াং এনগাই,ਕੁਆਂਗ ਨਗਾਈ,ኳንግ ንጋይ,クアンガイ,廣義市,꽝응아이",15.12047,108.79232,P,PPLA,VN,,51,522,,,278496,,13,Asia/Ho_Chi_Minh,2026-04-14
1569684,Pleiku,Pleiku,"Gia Lai,PXU,Play Cu,Play Ku,Plei Cu,Pleiku,Plejku,Plây Cu,Plây Ku,Po-loi-ku,Pô-lòi-kú,Tinh Pleiku,Tỉnh Pleiku,blykw,bo lai gu shi,paleku,pel yku,ple'iku,plykw,ppeullaeikku,pureiku,Плеику,Плейку,بليكو,پلیکو,प्लेइकु,প্লেইকু,ਪਲੇਕੁ,เปล็ยกู,ፕleku,ፕሌኩ,プレイク,波來古市,쁠래이꾸",13.98333,108,P,PPLA,VN,,52,622,,,114225,,760,Asia/Ho_Chi_Minh,2026-04-14
1569901,Phú Thọ,Phu Tho,"Pho Tho,Phu Tho,Phu To,Phú Thọ,Thi Xa Phu Tho,Thị Xã Phú Thọ",21.39963,105.22221,P,PPLA2,VN,,25,228,,,91650,,32,Asia/Bangkok,2025-07-29
1570209,Phước Hòa,Phuoc Hoa,"Bu Gia Map,Bu Ya Map,Bu Ya Mập,Bu-Jamap,Bù Gia Mập,Diamap,Djamap,Don Djamap,Phuoc Hoa,Phước Hòa,Poste de Djamap",12.1,107.11667,P,PPL,VN,,75,691,,,15418,,329,Asia/Ho_Chi_Minh,2025-07-29
1570243,Phước An,Phuoc An,"Phuoc An,Phước An",12.71298,108.30148,P,PPLA2,VN,,66,654,,,25120,,526,Asia/Ho_Chi_Minh,2025-11-19
1570357,Phú Mỹ,Phu My,"Phu My,Phú Mỹ",10.63333,107.06667,P,PPL,VN,,79,754,,,287055,,12,Asia/Ho_Chi_Minh,2025-07-29
1570449,Phủ Lý,Phu Ly,"Fu Li,Ha-Nam,Phu Ly,Phu-li,Phủ Lý,Thanh Pho Phu Ly,Thành Phố Phủ Lý,furi,fw ly,phu li,Фу Ли,فو لي,فو لی,फु ली,ফু লি,ਫੂ ਲੀ,ፉ li,ፉ ሊ,フーリー",20.54531,105.91221,P,PPLA,VN,,37,347,,,136654,,8,Asia/Bangkok,2026-04-14
1570549,Phú Khương,Phu Khuong,"Phu Khuong,Phú Khương",11.28333,106.13333,P,PPL,VN,,80,709,,,47966,,18,Asia/Ho_Chi_Minh,2025-07-29
1570643,Phú Đô,Phu GJo,"Phu Do,lang Phu GJo,làng Phú Đô",21.01667,105.76667,P,PPL,VN,,01,019,,,15983,,9,Asia/Bangkok,2025-10-31
1570656,Phúc Yên,Phuc Yen,"Phuc Yen,Phúc Yên",21.23695,105.70483,P,PPLA2,VN,,25,244,,,180000,,20,Asia/Bangkok,2025-09-09
1570819,Phong Thạnh,Phong Thanh,"Phong Thanh,Phong Thạnh",9.32361,105.34639,P,PPL,VN,,96,957,,,53912,,1,Asia/Ho_Chi_Minh,2025-10-24
1570863,Phong Điền,Phong GJien,"Phong Dien,Phong Điền",16.58321,107.36438,P,PPLA2,VN,,46,476,,,114820,,14,Asia/Bangkok,2025-07-29
1570864,Phong Điền,Phong GJien,"Phong Dien,Phong Điền",9.99753,105.6673,P,PPLA2,VN,,92,926,,,98424,,1,Asia/Ho_Chi_Minh,2025-07-29
1570880,Thị Trấn Phố Lu,Thi Tran Pho Lu,"Pho Lu,Phu-Lu,Phố Lu,Thi Tran Pho Lu,Thị Trấn Phố Lu",22.31918,104.18719,P,PPLA2,VN,,15,086,,,32800,,77,Asia/Ho_Chi_Minh,2026-02-27
1570909,Thị Trấn Ba Chẽ,Thi Tran Ba Che,"Pho Ba Che,Phố Ba Chè,Thi Tran Ba Che,Thị Trấn Ba Chẽ",21.27158,107.28358,P,PPL,VN,,22,202,,,17504,,16,Asia/Bangkok,2026-02-27
1571058,Phan Thiết,Phan Thiet,"Fan Thiet,Fan Tkhiet,Fant'et,Fanthit,Fantiet,Fantkh'et,PHH,Phan Thiet,Phan Thiết,Phan Tiet,Xa Phan Thiet,fan tyt,fan tyyt,fan tھyt,fantietto,pan qie,phana thi'eta,phana thiyeta,Фан Тхиет,Фантхьет,Фантьет,فان تييت,فان تھیت,فان تیت,फान थिएट,ফান থিয়েত,ਫਾਨ ਥਿਏਟ,ፋni tiyeti,ፋን ትየት,ファンティエット,潘切",10.92889,108.10208,P,PPLA,VN,,68,593,,,228536,,10,Asia/Ho_Chi_Minh,2026-04-14
1571067,Phan Rang-Tháp Chàm,Phan Rang-Thap Cham,"Fan Rang-Tkhap Cham,Fanrang-Tkhaptjam,PHA,Phan Rang,Phan Rang- Thap Cham,Phan Rang-Thap Cham,Phan Rang-Tháp Chàm,Phan Ranh,fan rang-tap cham,fan rang-tھap cham,fan ranj-thab tsham,fanran=tappuchamu,phana ram-thapa cama,phana ranga-thapa cama,Фан Ранг-Тхап Чам,Фанранг-Тхаптям,فان رانج-ثاب تشام,فان رانگ-تاپ چام,فان رانگ-تھاپ چام,फान रांग-थाप चाम,ফান রাং-থাপ চাম,ਫਾਨ ਰਾਂਗ-ਥਾਪ ਚਾਮ,ፋni raniግ-taፕ chaም,ፋን ራንግ-ታፕ ጫም,ファンラン＝タップチャム",11.56432,108.98858,P,PPLA,VN,,56,582,,,207998,,8,Asia/Ho_Chi_Minh,2026-04-14
1571644,Ô Môn,O Mon,"O Mon,Phong Phu,Phong Phú,Ô Môn",10.10974,105.62318,P,PPLA2,VN,,92,917,,,129683,,5,Asia/Ho_Chi_Minh,2025-07-29
1571725,Thị Trấn Nước Hai,Thi Tran Nuoc Hai,"Hoa An,Nouc Hai,Nuoc Hai,Nước Hai,Thi Tran Nuoc Hai,Thị Trấn Nước Hai",22.73738,106.15216,P,PPLA2,VN,,04,051,,,20309,,204,Asia/Ho_Chi_Minh,2026-02-27
1571951,Ninh Hòa,Ninh Hoa,"Ninh Hoa,Ninh Hòa",12.49187,109.12495,P,PPLA2,VN,,56,572,,,230566,,7,Asia/Ho_Chi_Minh,2025-07-29
1571968,Ninh Bình,Ninh Binh,"Nin Bin,Nin' Bin',Ninbinh,Ninh Binh,Ninh Bình,Thanh Pho Ninh Binh,Thành Phố Ninh Bình,nina bina,ninaha binaha,ninbin,ninha binha,ninihi binihi,ninہ binہ,nynh bynh,Нинь Бинь,نينه بينه,نِنہ بِنہ,نینه بینه,निन्ह बिन्ह,নিনহ বিনহ,ਨਿਨ ਬਿਨ,ንንህ ብንህ,ニンビン,닌빈",20.25809,105.97965,P,PPLA,VN,,37,369,,,36864,,7,Asia/Bangkok,2026-04-14
1572151,Nha Trang,Nha Trang,"INhatrang,Kanh-Hoa,NHA,Nacana,Nga-tsong-su,Ngà-tsông-sṳ,Nha Trang,Niacangas,Niačangas,Nja Chang,Njachang,naha tranga,nateulang,nha tram,nha trang,nha tranga,nha tranj,nha trng,niha tiraniግ,nyachan,nyajjang,nھa ٹrang,ya cang,ya zhuang,ya zhuang shi,Ņačana,Ња Чанг,Ня Чанг,Нячанг,نها ترانج,نها ترانگ,نها ترنگ,نھا ٹرانگ,न्हा ट्रांग,ন্হা ট্রাং,ਨਹਾ ਤ੍ਰਾਂਗ,ญาจาง,ንሃ ትራንግ,ニャチャン,芽庄市,芽莊,芽莊市,나트랑,냐짱",12.24507,109.19432,P,PPLA,VN,,56,568,,,579000,,10,Asia/Ho_Chi_Minh,2026-04-14
1572249,Nhà Bè,Nha Be,"Lazaret,Nha Be,Nha Bè,Nhà Bè",10.69672,106.74032,P,PPLA2,VN,,79,786,,,17264,,3,Asia/Ho_Chi_Minh,2025-07-29
1572526,Nghi Xuân,Nghi Xuan,"Nghi Xuan,Nghi Xuân,Uy Vien",18.658,105.752,P,PPLA2,VN,,42,442,,,118000,,6,Asia/Bangkok,2026-01-27
1572532,Nghi Sơn,Nghi Son,"Bien Son,Nghi Son,Nghi Sơn",19.32746,105.82145,P,PPL,VN,,38,407,,,302210,,74,Asia/Bangkok,2025-08-02
1572565,Nghĩa Lộ,Nghia Lo,"Nghia Lo,Nghĩa Lộ",21.6,104.51667,P,PPL,VN,,15,133,,,68206,,260,Asia/Ho_Chi_Minh,2025-07-29
1572585,Nghĩa Đô,Nghia GJo,Nghia Do,21.05,105.8,P,PPL,VN,,01,003,,,96418,,6,Asia/Bangkok,2025-10-24
1572696,Thị Trấn Ngải Giao,Thi Tran Ngai Giao,"Ngai Giao,Ngải Giao,Thi Tran Ngai Giao,Thị Trấn Ngải Giao",10.6471,107.24577,P,PPLA2,VN,,79,750,,,49065,,119,Asia/Ho_Chi_Minh,2026-01-17
1573517,Nam Định,Nam GJinh,"Nam Din,Nam Din',Nam Dinh,Nam GJinh,Nam Định,Namdin',Thanh Pho Nam Dinh,Thành Phố Nam Định,nam dyh,nam dynh,nam ڈinہ,nama dina,nama dinaha,nama dinha,namudin,naም dinihi,Нам Динь,Намдинь,نام ديه,نام دینه,نام ڈِنہ,नाम दिन्ह,নাম দিনহ,ਨਾਮ ਡਿਨ,ናም ዲንህ,ナムディン",20.43389,106.17729,P,PPLA,VN,,37,356,,,448225,,5,Asia/Bangkok,2026-04-14
1573570,Năm Căn,Nam Can,"Nam Ca,Nam Can,Năm Că,Năm Căn",8.75899,104.99285,P,PPLA2,VN,,96,971,,,30135,,5,Asia/Ho_Chi_Minh,2025-10-24
1573844,Thị Trấn Na Dương,Thi Tran Na Duong,"Na Dzuong,Nà Dzương,Thi Tran Na Duong,Thị Trấn Na Dương",21.7025,106.95552,P,PPL,VN,,20,188,,,24369,,287,Asia/Ho_Chi_Minh,2026-02-27
1574023,Mỹ Tho,My Tho,"Mita,Mitho,My Tho,Mỹ Tho,ma'i tho,may tw,maya tho,mi to,miso,my thw,myے tھw,Мита,مئے تھو,مای تو,مي ثو,माय थो,মাই থো,ਮਾਈ ਥੋ,ሚ ቶ,ミーソー",10.36004,106.35996,P,PPLA,VN,,82,815,,,270700,,2,Asia/Ho_Chi_Minh,2026-04-14
1574109,Mỹ Lại,My Lai,"Binh Tuong Tay,Binhtay,My Khe Tay,My Lai,Mỹ Lại,Somlang,Thuan An,Thuận An,Tucong,Xomlang",15.18764,108.88904,P,PPL,VN,,51,527,,,23978,,9,Asia/Ho_Chi_Minh,2025-07-29
1574113,Mỹ Khê,My Khe,"My Khe,Mỹ Khê,Tu Cung",15.15,108.9,P,PPL,VN,,51,,,,23978,,-9999,Asia/Ho_Chi_Minh,2025-07-29
1574155,Mỹ Hào,My Hao,My Hao,20.91667,106.08333,P,PPL,VN,,33,328,,,115608,,3,Asia/Bangkok,2025-10-24
1574257,Mường Lay,Muong Lay,"Muong Lay,Mường Lay",22,103.13333,P,PPL,VN,,11,095,,,20450,,496,Asia/Ho_Chi_Minh,2025-07-29
1574507,Móng Cái,Mong Cai,"Mon Cay,Mon Gay,Mong Cai,Monkai,Móng Cái,Wangchieh",21.52471,107.96619,P,PPLA2,VN,,22,194,,,108553,,9,Asia/Bangkok,2025-07-29
1574873,Thị Trấn Mạo Khê,Thi Tran Mao Khe,"Mao Khe,Mạo Khê,Thi Tran Mao Khe,Thị Trấn Mạo Khê",21.05858,106.59255,P,PPL,VN,,22,205,,,72012,,7,Asia/Ho_Chi_Minh,2026-02-27
1575057,Mai Dịch,Mai Dich,Mai Dich,21.03333,105.78333,P,PPL,VN,,01,005,,,40527,,6,Asia/Bangkok,2025-10-31
1575627,Long Xuyên,Long Xuyen,"Cholong Xuyen,Chơlong Xuyen,Long Suehn,Long Swiyen,Long Xuyen,Long Xuyên,Long-Shuyen,lam juyena,lang zwyin,lang zwyyn,langa ju'ena,langa svena,loniግ zowayini,lwnj swyn,ronguzuen,Лонг Суэн,لانگ زویِن,لانگ زویین,لونج سوين,लांग श्वेन,লং জুয়েন,ਲਾਂਗ ਜੁਏਨ,ሎንግ ዞዋይን,ロングズエン",10.38639,105.43518,P,PPLA,VN,,91,883,,,286140,,8,Asia/Ho_Chi_Minh,2026-04-14
1575655,Long Thành,Long Thanh,"LTH,Long Thanh,Long Thành",10.78909,106.95029,P,PPLA2,VN,,75,740,,,27084,,19,Asia/Ho_Chi_Minh,2026-04-04
1575703,Long Mỹ,Long My,"Long My,Long Mỹ",9.68141,105.57226,P,PPLA2,VN,,92,936,,,61781,,2,Asia/Ho_Chi_Minh,2025-07-29
1575963,Liễu Giai,Lieu Giai,,21.03333,105.81667,P,PPL,VN,,01,001,,,20546,,11,Asia/Bangkok,2025-07-29
1576303,Lào Cai,Lao Cai,"Lao Cai,Lao Cai Lalawigan,Lao Kaj,Lao Kay,Laokai,Laokaj,Laokajus,Laos,Lo-kie-su,Lào Cai,Ló-kiê-sṳ,Vilojati Lao Kai,hla wkay,la'o ka'i,lao jie shi,laokkai,law kay,law kayy,lawa kayi,layw kay,raokai,Вилояти Лао Каи,Лао Кај,Лаокай,لائو کای,لاو كاي,لاو کائی,لاو کای,लाओ काई,লাও কাই,ਲਾਓ ਕਾਈ,หล่าวกาย,ላዋ ካይ,ラオカイ,老街市,라오까이",22.48556,103.97066,P,PPLA,VN,,15,080,,,130671,,86,Asia/Bangkok,2026-04-14
1576633,Lạng Sơn,Lang Son,"Lang Son,Langson,Lạng Sơn,Thanh Pho Lang Son,Thành Phố Lạng Sơn,lang swn,langa sona,laniግ soni,lanj swn,lyam sana,ranguson,Лангсон,لانج سون,لانگ سون,लांग सोन,ল্যাং সন,ਲਾਂਗ ਸੋਨ,ላንግ ሶን,ラングソン",21.85264,106.76101,P,PPLA,VN,,20,178,,,200108,,265,Asia/Bangkok,2026-04-14
1576757,Thị Trấn Phước Bửu,Thi Tran Phuoc Buu,"Ap Phuoc Buu,Lang Phuoc Buu,Làng Phước Bửu,Phuoc Buu,Thi Tran Phuoc Buu,Thị Trấn Phước Bửu",10.53472,107.40202,P,PPLA2,VN,,79,751,,,51895,,19,Asia/Ho_Chi_Minh,2026-02-26
1577859,Thị Trấn Lam Sơn,Thi Tran Lam Son,"Lam Son,Lam Sơn,Thi Tran Lam Son,Thị Trấn Lam Sơn",19.9047,105.40562,P,PPL,VN,,38,395,,,33117,,22,Asia/Ho_Chi_Minh,2026-02-27
1577995,La Gi,La Gi,"La Ghi,La Gi,Lag,Lagi,la gy,la jy,laji,luo yi shi she,raji,لا جى,لا گی,ラジー,罗夷市社,라지",10.65993,107.77206,P,PPL,VN,,68,594,,,160652,,8,Asia/Ho_Chi_Minh,2025-09-03
1578163,Kỳ Anh,Ky Anh,"Ky Anh,Kỳ Anh",18.06243,106.29832,P,PPLA2,VN,,42,447,,,150226,,21,Asia/Bangkok,2025-07-29
1578500,Kon Tum,Kon Tum,"Cong Tum,Công Tum,Kon Tum,Tinh Kontum,Tỉnh Kontum",14.35451,108.00759,P,PPLA2,VN,,51,608,,,205762,,543,Asia/Ho_Chi_Minh,2025-08-01
1579018,Kiến An,Kien An,,20.80528,106.62556,P,PPL,VN,,31,307,,,118047,,10,Asia/Bangkok,2026-02-16
1579019,Kiến An,Kien An,"Kien An,Kiến An",10.56667,105.36667,P,PPL,VN,,91,893,,,28333,,7,Asia/Ho_Chi_Minh,2026-05-16
1580092,Hương Trà,Huong Tra,"Huong Tra,Hương Trà",16.52539,107.4755,P,PPLA2,VN,,46,480,,,72677,,11,Asia/Bangkok,2025-07-29
1580093,Hương Thủy,Huong Thuy,"Huong Thuy,Hương Thũy,Hương Thủy",16.42184,107.63999,P,PPL,VN,,46,479,,,95299,,9,Asia/Ho_Chi_Minh,2025-07-29
1580142,Hưng Yên,Hung Yen,"Hong-Yen,Hung Yen,Hưng Yên,Khungjen,fun'ien,ham iyena,huga i'ana,hunga yena,hwng yn,hwnj yn,Хунгйен,هونج ين,هونگ ین,ہng yn,ہنگ ین,हुंग येन,হাং ইয়েন,ਹੁੰਗ ਇਆਨ,ሁniግ yeni,ሁንግ ዬን,フンイェン",20.64637,106.05112,P,PPLA,VN,,33,323,,,118646,,11,Asia/Bangkok,2026-04-14
1580160,Hưng Mỹ,Hung My,"Hung My,Hưng Mỹ",8.9,104.98333,P,PPL,VN,,96,969,,,38687,,1,Asia/Ho_Chi_Minh,2025-10-24
1580240,Huế,Hue,"Choue,HUI,Hue,Huje,Hujė,Hué,Huế,Khjue,Khjueh,Khue,Sun-fa-su,Sun-fa-sṳ,Thanh pho Hue,Thành phố Huế,fue,hi'u,hue,hwyh,hyu,hyw,shun hua,shun hua shi,we,Χουέ,Хуе,Хюе,Хюэ,הואה,هوئه,هيو,ہوائے,ह्यू,হিউ,ਹਿਊ,เว้,ჰუე,ሁwe,ሁዌ,フエ,順化,順化市,顺化市,후에",16.4619,107.59546,P,PPLA,VN,,46,474,,,1380000,,8,Asia/Bangkok,2026-04-14
1580400,Hồng Ngự,Hong Ngu,"Hong Ngu,Hồng Ngự",10.8,105.35,P,PPL,VN,,82,868,,,101155,,13,Asia/Ho_Chi_Minh,2025-11-14
1580410,Hạ Long,Ha Long,"Ha Long,Hon Cay,Hon Gai,Hon Gay,Hon Goi,Hong Gai,Honggay,Hạ Long,Hồng Gai,Khalong,Thanh Pho Ha Long,Thành Phố Hạ Long,VDO,ha lam,ha lang,ha langa,ha lon'ga,ha loniግ,ha lwng,hallong,halwnj,haron shi,xia long shi,Халонг,ها لانگ,ها لونگ,هالونج,ہa lang,ہا لانگ,हा लॉन्ग,হা লং,ਹਾ ਲਾਂਗ,ሃ ሎንግ,ハロン市,下龍市,下龙市,할롱",20.95045,107.07336,P,PPLA,VN,,22,193,,,270054,,8,Asia/Bangkok,2026-04-14
1580541,Hoi An,Hoi An,"Cidade Antiga de Hoi An,Faifo,Faifoh,Faifoo,Feifu,Hoi An,Hojanas,Hôi An,Hội An,Khoj An,Khoj An',Khojan,ho'i ena pracina sahara,hoi-ani,hoian,hui an,hui an shi,hwy an,hx yxan,Хой Ань,Хойан,Хоян,Хој Ан,הוי אן,هوي أن,ہؤئی آن,होइ एन प्राचीन सहर,ฮอยอัน,ჰოი-ანი,ホイアン,會安,會安市,호이안",15.87944,108.335,P,PPL,VN,,48,503,,,32757,,13,Asia/Ho_Chi_Minh,2025-07-29
1580830,Hòa Bình,Hoa Binh,"Hao Binh,Hoa Bin,Hoa Binh,Hòa Bình,Thanh Pho Hoa Binh,Thành Phố Hòa Bình",20.81717,105.33759,P,PPLA2,VN,,25,148,,,105260,,31,Asia/Bangkok,2025-08-01
1581047,Hà Tĩnh,Ha Tinh,"Ha Thin,Ha Tin,Ha Tinh,Ho-tshin-su,Hà Tĩnh,Hò-tshin-sṳ,Kha Tin,Kha Tin',Khatin',Thanh Sen,Thành Sen,ha tina,ha tinha,ha tinihi,ha tiy,ha tyn,ha tynh,hatin,hattin,he jing shi,Ха Тин,Ха Тинь,Хатинь,ها تينه,ها تین,ہا تنہ,हा तिन्ह,হা তিন্হ,ਹਾ ਤਿਨ,ห่าติ๋ญ,ሃ ትንህ,ハティン,河靜市,하띤",18.34282,105.90569,P,PPLA,VN,,42,436,,,266321,,8,Asia/Bangkok,2026-04-14
1581052,Hà Tiên,Ha Tien,"Ha Tien,Hà Tiên,Khat'en,hatien,Хатьен,ハティエン",10.3831,104.48753,P,PPLA2,VN,,91,900,,,100560,,8,Asia/Ho_Chi_Minh,2025-12-16
1581130,Hanoi,Hanoi,"Anoi,Anoy,Anòy,Ganoj,HAN,Ha Noi,Ha Nui,Hanoi,Hanoj,Hanoja,Hanojo,Hanojus,Hanoy,Hanoí,Hanoï,Hanòi,Hanói,Ho-nui-su,Hà Nội,Hò-nui-sṳ,Ke Cho,Kecho,Keicho,Kescio,Kesciò,Khanoj,Kẻ Chợ,Thang Long,Thăng Long,hano'i,hanoi,hanoy,hanwy,hanxy,he nei,he nei shi,hyanaya,khanwy,Ανόι,Ганой,Ханой,Ханој,Հանոյ,האנוי,خانوي,هانوى,هانوي,هانوی,ھانۆی,ہنوئی,हनोई,হ্যানয়,ਹਨੋਈ,ହାନୋଇ,ஹனோய்,ಹಾನೊಯ್,හැනෝයි,ฮานอย,ཧེ་ནོ།,ဟနွိုင်းမြို့,ჰანოი,ሀኖይ,ទីក្រុងហានូយ,Ḥanoi,ハノイ,河內,河內市,하노이",21.0245,105.84117,P,PPLC,VN,,01,,,,8053663,,10,Asia/Bangkok,2026-05-07
1581225,Hàm Ninh,Ham Ninh,"Ham Ninh,Hàm Ninh",10.18058,104.04769,P,PPL,VN,,91,911,,,33503,,6,Asia/Ho_Chi_Minh,2025-12-31
1581298,Haiphong,Haiphong,"HPH,Hai Phong,Haiphong,Hajfong,Hajfongo,Hayfon,Hải Phòng,Khajfon,ha'ipham,ha'iphanga,ha'iphaunga,hai fang shi,haifon,hayfwng,hayfwngh,hayfwnj,hayiፎniግ,hi fxng,Хайфон,هايفونج,هايفونغ,هایفونگ,ہyfwng,ہیفونگ,हाईफांग,হাইফং,ਹਾਈਫੌਂਗ,ไฮฟอง,ሃይፎንግ,ハイフォン,海防市",20.86481,106.68345,P,PPLA,VN,,31,,,,2625200,,12,Asia/Bangkok,2026-04-14
1581326,Hải Dương,Hai Duong,"Hai Doong,Hai Duong,Hai dzung,Hai-Doung,Haidong,Haidöng,Hải Dương,Khajzyong,Thanh Pho Hai Duong,Thành Phố Hải Dương,Хайзыонг",20.94099,106.33302,P,PPLA2,VN,,31,288,,,241373,,8,Asia/Bangkok,2025-08-01
1581331,Hải Châu,Hai Chau,,15.91667,108.13333,P,PPL,VN,,48,506,,,131427,,8,Asia/Ho_Chi_Minh,2025-12-06
1581349,Hà Giang,Ha Giang,"Ha Giang,Hà Giang,Thanh Pho Ha Giang,Thành Phố Hà Giang,hazan shi,ハザン市",22.82333,104.98357,P,PPLA2,VN,,08,024,,,55559,,107,Asia/Bangkok,2025-12-16
1581364,Hà Đông,Ha GJong,"Ha Dong,Hà Đông",20.97136,105.77876,P,PPLA2,VN,,01,268,,,50877,,13,Asia/Bangkok,2025-07-29
1581461,Gò Vấp,Go Vap,Go Vap,10.81667,106.68333,P,PPL,VN,,79,764,,,110850,,12,Asia/Ho_Chi_Minh,2025-10-24
1581529,Gò Công,Go Cong,"Go Cong,Gò Công",10.36667,106.66667,P,PPL,VN,,82,816,,,97709,,0,Asia/Ho_Chi_Minh,2025-07-29
1581755,Giá Rai,Gia Rai,"Gia Rai,Giá Rai,Xom Gia Rai",9.23444,105.45833,P,PPL,VN,,96,959,,,145340,,4,Asia/Ho_Chi_Minh,2025-07-29
1581834,Gia Nghĩa,Gia Nghia,"Gia Nghia,Gia Nghĩa,Nghia Duc,Nghiã Đức,Quang Duc,Zja Ngia,gi'a naghi'a,jiya naghiya,jiya nghiya,jiya niግya,jya nghya,jya nya,zanya,Зя Нгиа,جيا نغيا,جیا نغیا,جیا نیا,जिया न्घिया,জিয়া নঘিয়া,ਗਿਆ ਨਘਿਆ,ጂያ ንግያ,ザーニャー",12.00423,107.69074,P,PPLA,VN,,68,660,,,85082,,616,Asia/Ho_Chi_Minh,2026-04-14
1582173,Đưc Trọng,GJuc Trong,"Duc Trong,Dyk Trong,Lien Nghia,Liên Nghĩa,Đưc Trọng,Дык Тронг",11.73559,108.3733,P,PPLA2,VN,,68,678,,,161232,,939,Asia/Ho_Chi_Minh,2025-07-29
1582190,Đức Phổ,GJuc Pho,"Duc Pho,Pho Duc,Đức Phổ",14.81355,108.95931,P,PPLA2,VN,,51,534,,,155743,,17,Asia/Ho_Chi_Minh,2025-07-29
1582367,Đố Sơn,GJo Son,"Do Son,Đố Sơn",20.71361,106.78944,P,PPL,VN,,31,308,,,51417,,8,Asia/Ho_Chi_Minh,2025-07-29
1582436,Đồng Xoài,GJong Xoai,"Ap Dong Xoai,Cong Xoai,Don Luan,Dong Xoa,Dong Xoai,Dong Xoi,Dồng Xoài,Gjong Xoai,Zong Khoaj,gajaunga khu'a'i,gajon'ga khva'i,jiyam khoya'i,jiʾoniግ boyi,jywng khwayy,jywng khwy,jywnj khwy,zonhoai,Đồng Xoài,Зонг Хоай,جيونج خوي,جیونگ خوائی,جیونگ خوی,गजॉन्ग ख्वाई,জিয়ং খোয়াই,ਗਜੌਂਗ ਖੁਆਈ,ጂዖንግ ቦይ,Ấp Đồng Xoài,ゾンホアイ",11.53495,106.88324,P,PPLA,VN,,75,689,,,168000,,90,Asia/Ho_Chi_Minh,2026-04-14
1582497,Thị Trấn Đông Triều,Thi Tran GJong Trieu,"Dong Trieu,Thi Tran Dong Trieu,Thị Trấn Đông Triều,Đông Triều",21.08242,106.5138,P,PPL,VN,,22,205,,,248896,,5,Asia/Bangkok,2025-09-09
1582886,Đồng Hới,GJong Hoi,"Dong Hoi,Dongkhoj,GJong Hoi,Kwang Binh,VDH,tong hai shi,Đồng Hới,Донгхой,同海市",17.46885,106.62226,P,PPLA2,VN,,44,450,,,133672,,9,Asia/Bangkok,2025-09-09
1582926,Ðông Hà,Dong Ha,"AQT,Dong Ha,Dong Kha,Dong Na,GJong Ha,Thi Xa Dong Ha,Thi Xã Ðòng Hà,dam ha,daunga ha,donga ha,donha,doniግ ha,dwng ha,dwnj ha,Ðông Hà,Đông Hà,Донг Ха,دونج ها,دونگ ها,ڈwng ہa,ڈونگ ہا,डोंग हा,ডং হা,ਡੌਂਗ ਹਾ,ዶንግ ሃ,ドンハー",16.81625,107.10031,P,PPLA,VN,,44,461,,,164228,,21,Asia/Bangkok,2026-04-14
1583475,Diễn Thành,Dien Thanh,"Dien Chau,Dien Thanh,Diễn Châu,Phu Dien,Phu Dien Chau",18.97652,105.60034,P,PPLA2,VN,,40,425,,,21605,,9,Asia/Bangkok,2025-07-29
1583477,Dien Bien Phu,Dien Bien Phu,"D'enb'enfu,D'enbenfu,DIN,Dien Ben Fu,Dien Bien Phu,Dienbienfu,Dienbjenfu,Dijen Bijen Fu,GJien Bien Phu,Thien-pien-fu,Thièn-piên-fú,deiy n beiyn fu,di'ena bi'ena phu,dian bian fu,dienbienfu,dienbienpu,diyena biyena phu,diyeni biyeni ፉ,dyan byan fw,dyn byn fw,dyyn byyn fw,Ðiện Biên Phủ,Điện Biên Phủ,Диен Бен Фу,Диенбиенфу,Дијен Бијен Фу,Дьенбьенфу,Дьєнбєнфу,ديان بيان فو,دیئن بیئن فو,دیئن بیئن پھو,دین بین فو,डिएन बिएन फु,ডিয়েন বিয়েন ফু,ਡਿਏਨ ਬਿਏਨ ਫੁ,เดียนเบียนฟู,ດຽນບຽນຟູ,ድየን ብየን ፉ,ディエンビエンフー,奠邊府,디엔비엔푸",21.38602,103.02301,P,PPLA,VN,,11,094,,,84672,,485,Asia/Bangkok,2026-04-14
1583478,Điện Bàn,GJien Ban,"Dien Ban,Kwang Nam,Quang Nam,Vinh Dien,Vĩnh Điện,Điện Bàn",15.88853,108.25447,P,PPLA2,VN,,48,507,,,226564,,15,Asia/Ho_Chi_Minh,2025-07-29
1583503,Dịch Vọng,Dich Vong,Dich Vong,21.03333,105.8,P,PPL,VN,,01,005,,,27979,,14,Asia/Bangkok,2025-10-31
1583518,Dĩ An,Di An,"Di An,Dĩ An",10.90682,106.7694,P,PPLA2,VN,,79,724,,,463023,,32,Asia/Ho_Chi_Minh,2025-07-29
1583752,Thị Trấn Đất Đỏ,Thi Tran GJat GJo,"Phuoc Tho,Thi Tran Dat Do,Thị Trấn Đất Đỏ,Xa Phuoc Tho,Xã Phước Thọ",10.49093,107.27014,P,PPLA2,VN,,79,753,,,20187,,42,Asia/Ho_Chi_Minh,2025-07-29
1583882,Đan Phượng,GJan Phuong,"Dan Phuong,Phuong Tri,Đan Phượng",21.08917,105.6625,P,PPL,VN,,01,273,,,39917,,12,Asia/Bangkok,2025-07-29
1583992,Da Nang,Da Nang,"DAD,Da Nang,Danan,Danang,GJa Nang,Thanh Thai Phien,Thành Thái Phien,Tourane,Turan,da nam,da nanga,da naniግ,da nanj,danan,danang,xian gang,Đà Nẵng,Да Нанг,Данан,Дананг,Дананґ,دا نانج,دانانگ,ڈa nang,ڈا نانگ,दा नांग,দা নাং,ਦਾ ਨਾਂਗ,ዳ ናንግ,ダナン,岘港,峴港,다낭",16.06778,108.22083,P,PPLA,VN,,48,,,,1276000,,11,Asia/Ho_Chi_Minh,2026-04-14
1584023,Thị Trấn Đầm Hà,Thi Tran GJam Ha,"Dam Ha,Thi Tran Dam Ha,Thị Trấn Đầm Hà,Đầm Hà",21.35314,107.59722,P,PPL,VN,,22,200,,,47060,,19,Asia/Bangkok,2026-02-26
1584071,Ðà Lạt,Da Lat,"DLI,Da Lat,Da lat,Dalat,da laita,da lat,da lata,da lati,dalat,daratto,Ðà Lạt,Далат,دا لات,دالات,ڈa lat,ڈا لات,दा लैट,দা লাট,ਦਾ ਲਾਟ,ዳ ላት,ダラット",11.94646,108.44193,P,PPLA,VN,,68,672,,,258014,,1483,Asia/Ho_Chi_Minh,2026-04-14
1584242,Thị Trấn Đại Từ,Thi Tran GJai Tu,"Dai Tu,Thi Tran Dai Tu,Thị Trấn Đại Từ,Đại Từ",21.63384,105.63766,P,PPL,VN,,19,171,,,179192,,63,Asia/Ho_Chi_Minh,2026-02-27
1584287,Dại Mỗ,Dai Mo,,20.98333,105.76667,P,PPL,VN,,01,268,,,59980,,4,Asia/Bangkok,2025-07-29
1584301,Đại Lộc,GJai Loc,"Ai Nghia,Dai Loc,Ái Nghĩa,Đại Lộc",15.88214,108.12092,P,PPLA2,VN,,48,506,,,16215,,14,Asia/Ho_Chi_Minh,2025-07-29
1584661,Củ Chi,Cu Chi,"Cu Chi,Củ Chi,Ku-Chi,Ку-Чи",10.97333,106.49325,P,PPLA2,VN,,79,783,,,75000,,14,Asia/Ho_Chi_Minh,2025-07-29
1584725,Cô Tô,Co To,"Co To,Cô Tô",10.35,105.01667,P,PPL,VN,,91,891,,,31278,,1,Asia/Ho_Chi_Minh,2026-03-23
1584784,Cờ Đỏ,Co GJo,"Co Do,Cờ Đỏ",10.09377,105.42916,P,PPLA2,VN,,92,925,,,116576,,4,Asia/Ho_Chi_Minh,2025-07-29
1584955,Cổ Lóa,Co Loa,"Co Loa,Cổ Lóa",21.11667,105.86667,P,PPL,VN,,01,017,,,16514,,17,Asia/Ho_Chi_Minh,2025-07-29
1585011,Cổ Đô,Co GJo,"Co Do,Cổ Đô,Cổ Độ",21.27964,105.36404,P,PPL,VN,,01,271,,,70706,,17,Asia/Bangkok,2025-12-08
1585281,Chũ,Chu,"Chu,Chũ",21.37379,106.56649,P,PPLA2,VN,,24,219,,,127881,,18,Asia/Bangkok,2025-07-29
1585317,Chơn Thành,Chon Thanh,"Ap Chon Thanh,Chon Thanh,Chơn Thành,Thanh Ghon,Ấp Chơn Thành",11.42821,106.63536,P,PPLA2,VN,,75,697,,,121083,,63,Asia/Ho_Chi_Minh,2025-07-29
1585330,Chợ Lớn,Cho Lon,"Cho Lon,Chợ Lớn,Sholon",10.75,106.65,P,PPLX,VN,,79,775,,,561000,,7,Asia/Ho_Chi_Minh,2025-07-29
1585489,Chí Linh,Chi Linh,"Chi Linh,Chí Linh",21.06667,106.31667,P,PPL,VN,,31,290,,,220421,,5,Asia/Ho_Chi_Minh,2025-07-29
1585639,Châu Phong,Chau Phong,,10.71667,105.13333,P,PPL,VN,,91,887,,,56322,,11,Asia/Ho_Chi_Minh,2026-01-14
1585660,Châu Đốc,Chau GJoc,"Angiang,Chau Doc,Chau Phu,Chau Phú,Chaudok,Cho Dok,Châu Đốc",10.7,105.11667,P,PPL,VN,,91,884,,,70239,,10,Asia/Ho_Chi_Minh,2025-07-29
1586052,Cát Bà,Cat Ba,"Apowan,Cac Ba,Cat Ba,Cát Bà,Kat Ba,Pho Cac Ba,Pho Cat Ba,Кат Ба",20.72779,107.04819,P,PPL,VN,,31,317,,,30000,,24,Asia/Ho_Chi_Minh,2025-07-29
1586151,Cao Lãnh,Cao Lanh,"Cao Lanh,Cao Lãnh,Kao Lanh,Kao Lankh,Phong Thanh,ka'o lanha,kaoran,kaw lanh,kaw lanہ,kawlanh,kaʿo lanihi,Као Ланх,كاو لانه,کاؤ لانہ,کاولانه,काओ लान्ह,কাও লান্হ,ਕਾਓ ਲਾਂਹ,ካኦ ላንህ,カオラン",10.46017,105.63294,P,PPLA,VN,,82,866,,,211912,,5,Asia/Ho_Chi_Minh,2026-04-14
1586185,Cao Bằng,Cao Bang,"Cao Bang,Cao Bằng,Cao Pang,Kao Bang,Kao banh,Kaobang,Thanh Pho Cao Bang,Thành Phố Cao Bằng,ka'o bainga,ka'o bam,ka'o banga,kaoban,kaoban shi,kaw bang,kaw banj,kawbang,kaʿo baniግ,Као Банг,Каобанг,كاو بانج,کاؤ بانگ,کاوبانگ,काओ बैंग,কাও বাং,ਕਾਓ ਬਾਂਗ,ካኦ ባንግ,カオバン,カオバン市",22.66568,106.25786,P,PPLA,VN,,04,040,,,73549,,197,Asia/Bangkok,2026-04-14
1586203,Cần Thơ,Can Tho,"Can Tho,Cần Thơ,Kan Tho,Kan Tkho,VCA,kaina tho,kan thw,kana tho,kani to,kanto,kantw,kyana tho,kyn tھw,qin ju shi,Кан Тхо,كان ثو,کانتو,کین تھو,कैन थो,ক্যান থো,ਕਨ ਥੋ,ካን ቶ,カントー,芹苴市",10.03711,105.78825,P,PPLA,VN,,92,916,,,1507187,,3,Asia/Ho_Chi_Minh,2026-04-14
1586288,Cần Giờ,Can Gio,"Can Gio,Can Thanh,Cần Giờ,Cần Thạnh",10.41115,106.95474,P,PPLA2,VN,,79,787,,,55137,,5,Asia/Ho_Chi_Minh,2025-07-29
1586295,Cần Đước,Can GJuoc,"Can Duoc,Cần Đước",10.50966,106.60308,P,PPLA2,VN,,80,806,,,50473,,2,Asia/Ho_Chi_Minh,2025-10-24
1586296,Cần Giuộc,Can Giuoc,"Can Duoc,Can Gioc,Can Giuoc,Cần Duộc,Cần Giuộc",10.60857,106.67135,P,PPLA2,VN,,80,807,,,152200,,6,Asia/Ho_Chi_Minh,2025-07-29
1586350,Cam Ranh,Cam Ranh,"CXR,Cam Linh,Cam Ranh Port,Kamran',Thon Cam Ranh,Thôn Cam Ranh,cheng bu gan ling,jin lan shi,Камрань,城庯柑欞,金兰市",11.92144,109.15913,P,PPL,VN,,56,569,,,146771,,15,Asia/Ho_Chi_Minh,2025-07-29
1586357,Cẩm Phả Mines,Cam Pha Mines,"Cam Pha,Cam Pha Mines,Cẩm Phả,Cẩm Phả Mines",21.01667,107.3,P,PPL,VN,,22,195,,,135477,,209,Asia/Ho_Chi_Minh,2025-07-29
1586360,Cẩm Phả,Cam Pha,"Cam Pha,Cẩm Phả,Kamfa,VDO,jin pu shi,kam fa,kamufa,Камфа,كام فا,カムファ,锦普市",21.01004,107.27345,P,PPLA2,VN,,22,195,,,190232,,20,Asia/Bangkok,2025-07-29
1586384,Cam Lộ,Cam Lo,"Cam Lo,Cam Lộ,Thon Cam Lo,Thôn Cam Lộ",16.80797,106.99405,P,PPLA2,VN,,44,468,,,30111,,13,Asia/Bangkok,2026-04-26
1586443,Cà Mau,Ca Mau,"CAH,Ca Mau,Camo,Cu Mau,Cà Mau,Ka Mau,Kamao,Kamau,Quan Long,Quang Long,Song Kualon,ka ma'u,ka mau,ka maw,ka maው,kamau,kamaw,Ка Мау,Камау,كا ماو,کا ماؤ,کاماو,का मौ,কা মাউ,ਕਾ ਮਾਉ,ካ ማው,カマウ",9.17682,105.15242,P,PPLA,VN,,96,964,,,226372,,5,Asia/Ho_Chi_Minh,2026-04-14
1586519,Cái Răng,Cai Rang,"Cai Rang,Chau Thanh,Châu Thành,Cái Răng",10.0009,105.75095,P,PPLA2,VN,,92,919,,,86278,,-1,Asia/Ho_Chi_Minh,2025-07-29
1586551,Cai Lậy,Cai Lay,"Cai Lay,Cai Lậy,Khiem Ich,Khiêm Ích",10.4,106.11667,P,PPL,VN,,82,817,,,143050,,3,Asia/Ho_Chi_Minh,2025-07-29
1586798,Buôn Trấp,Buon Trap,"Ban Trap,Buon Trap,Buôn Trăp,Buôn Trấp",12.48478,108.02982,P,PPLA2,VN,,66,655,,,23683,,431,Asia/Ho_Chi_Minh,2025-10-24
1586896,Buôn Ma Thuột,Buon Ma Thuot,"BMV,Ban Me Thaut,Ban Me Thnot,Ban Me Thot,Ban Me Thout,Ban Me Thuot,Ban Mê Thuột,Ban-me-Thurt,Benmethout,Buon Ma Thuot,Buon Ma Tkhuot,Buon Me Thuot,Buôn Ma Thuột,Buôn Mê Thuột,Lac Giao,Lạc Giao,Me Thuot,Metuotas,bu'ona ma thu'ota,buonmatouotto,buʾoni ma tuʾoti,bwwn ma thwt,bwwn ma twt,bwwn ma tھwٹ,Буон Ма Тхуот,بوون ما توت,بوون ما تھوٹ,بوون ما ثوت,बुओन मा थुओत,বুওন মা থুওত,ਬੁਓਨ ਮਾ ਥੁਓਤ,ቡዖን ማ ቱዖት,ブオンマトゥオット",12.66747,108.03775,P,PPLA,VN,,66,643,,,434256,,459,Asia/Ho_Chi_Minh,2026-04-14
1586989,Buôn Hồ,Buon Ho,"Ban Ho,Buon Ho,Buôn Hô,Buôn Hồ",12.95226,108.2962,P,PPL,VN,,66,650,,,127920,,706,Asia/Ho_Chi_Minh,2025-07-29
1587406,Hoàn Lão,Hoan Lao,"Bo Trach,Bố Trạch,Hoan Lao,Hoàn Lão",17.58436,106.53425,P,PPLA2,VN,,44,455,,,43554,,10,Asia/Bangkok,2026-05-16
1587759,Bình Thủy,Binh Thuy,"Binh Thuy,Bình Thủy",10.07431,105.73974,P,PPLA2,VN,,92,918,,,113565,,5,Asia/Ho_Chi_Minh,2025-07-29
1587919,Bỉm Sơn,Bim Son,"Bien Son,Bim Son,Biên Sơn,Bỉm Sơn",20.07806,105.86028,P,PPL,VN,,38,381,,,53754,,7,Asia/Ho_Chi_Minh,2025-07-29
1587923,Biên Hòa,Bien Hoa,"B'en Khoa,Ben Khoa,Bia Hoa,Bien Hoa,Bien Hoa City,Bienhoa,Biên Hòa,bi'ena ho'a,bienhoa,biyena hoya,biyeni howa,byan hwa,byn ہwa,Бен Хоа,Бьен Хоа,بيان هوا,بیان هوا,بین ہوا,बिएन होआ,বিয়েন হোয়া,ਬਿਏਨ ਹੋਆ,ብየን ሆዋ,ビエンホア",10.94469,106.82432,P,PPLA,VN,,75,731,,,1272235,,6,Asia/Ho_Chi_Minh,2026-04-14
1587976,Bến Tre,Ben Tre,"Ben Tre,Bến Tre,Truc Giang,Trúc Giang,bena tare,bena tre,beni tire,bentore,bn trh,bn try,byn ٹry,Бен Тре,بن تره,بن تري,بین ٹری,बेन ट्रे,বেন ট্রে,ਬੇਨ ਤਰੇ,ቤን ትሬ,ベントレ",10.24147,106.37585,P,PPLA,VN,,86,829,,,124449,,5,Asia/Ho_Chi_Minh,2026-04-14
1587985,Bến Thủy,Ben Thuy,"Ben Thuy,Benhuy,Bến Thủy",18.65,105.7,P,PPL,VN,,40,412,,,17000,,11,Asia/Bangkok,2026-02-16
1588060,Bến Cát,Ben Cat,"Ben Cat,Bến Cát",11.15,106.6,P,PPL,VN,,79,721,,,364578,,15,Asia/Ho_Chi_Minh,2025-07-29
1588129,Ba Vì,Ba Vi,"Ba Vi,Ba Vì,X. Lung,X. Lũng",21.08333,105.38333,P,PPL,VN,,01,271,,,282600,,322,Asia/Bangkok,2025-11-25
1588275,Bảo Lộc,Bao Loc,"Ap Thanh Tam,Ban Lao,Bao Loc,Baolok,Blao,Bảo Lộc,Cong Hinh,Баолок,Ấp Thánh Tâm",11.54798,107.80772,P,PPLA2,VN,,68,673,,,170920,,841,Asia/Ho_Chi_Minh,2025-07-29
1590225,Ít Ong,It Ong,"Ban Hit Ong,Ban It Ong,Bản It Ong,It Ong,Ít Ong",21.5175,104.02701,P,PPLA2,VN,,14,120,,,16153,,206,Asia/Bangkok,2025-12-31
1590900,Thị Trấn Thuận Châu,Thi Tran Thuan Chau,"Ban Chieng Ly,Ban Dhieng Ly,Bản Chiêng Lý,Thi Tran Thuan Chau,Thuan Chau,Thị Trấn Thuận Châu",21.43849,103.69,P,PPLA2,VN,,14,119,,,153000,,594,Asia/Ho_Chi_Minh,2026-02-27
1591236,Bà Nà,Ba Na,Ba Na,15.98333,107.98333,P,PPL,VN,,48,497,,,15276,,1004,Asia/Ho_Chi_Minh,2025-10-26
1591440,Bắc Quang,Bac Quang,"Bac Kwang,Bac Quang,Bac Quong,Bak Kang,Ban Kwang,Ban Quong,Bắc Quang,Tan Quang,Tân Quang",22.48333,104.86667,P,PPL,VN,,08,034,,,118690,,70,Asia/Ho_Chi_Minh,2025-07-29
1591449,Bắc Ninh,Bac Ninh,"Bac Ninh,Bacht Ninh,Bak Nin,Bak Nin',Bak Ninh,Bắc Ninh,baika nina,baika ninha,bak nynh,baka ninha,baki ninihi,bakunin,byk nynہ,Бак Нинь,باك نينه,باک نینه,بیک نینہ,बैक निन्ह,বাক নিন্হ,ਬੈਕ ਨਿਨ,ባክ ንንህ,バクニン",21.18608,106.07631,P,PPLA,VN,,24,256,,,287658,,9,Asia/Bangkok,2026-04-14
1591474,Bạc Liêu,Bac Lieu,"Bac Lieu,Bac-Lien,Bach Lieu,Bak Lieu,Bạc Liêu,Thanh Pho Bac Lieu,Thành Phố Bạc Liêu,Vinh Loi,Vĩnh Lợi",9.29414,105.72776,P,PPLA2,VN,,96,954,,,156110,,5,Asia/Ho_Chi_Minh,2025-08-02
1591493,Bạch Mai,Bach Mai,"Bach Mai,Bạch Mai,Hanoi Bac Mai",20.98333,105.83333,P,PPL,VN,,01,008,,,91308,,9,Asia/Bangkok,2025-07-29
1591527,Bắc Giang,Bac Giang,"Bac Giang,Bakziangas,Bakzjang,Bắc Giang,Pet-kong,Pet-kông,Phu Lang Thong,Phu Lang Thuong,Phu Long Thuong,Thuong,Vilojati Bak Giang,bagjang,bak gyang,bak zyang,bakuzan,bei jiang shi,Бакзянг,Вилояти Бак Гианг,باک زیانگ,باک گیانگ,バクザン,北江市,박장",21.27307,106.1946,P,PPLA2,VN,,24,213,,,450000,,14,Asia/Bangkok,2025-07-31
1591538,Bắc Kạn,Bac Kan,"Bac Can,Bac Kan,Bak Kan,Bắc Cạn,Bắc Kạn",22.14701,105.83481,P,PPLA2,VN,,19,058,,,45036,,150,Asia/Bangkok,2025-08-01
1592500,Ấp Phước Tĩnh,Ap Phuoc Tinh,"Ap Phuoc Tinh,Phuoc Tinh,Ấp Phước Tĩnh",10.4,107.18333,P,PPL,VN,,79,,,,22106,,-9999,Asia/Ho_Chi_Minh,2025-07-29
1592832,Lai Vung,Lai Vung,Lai Vung,10.25664,105.59329,P,PPLA2,VN,,82,1577922,,,80649,3,1,Asia/Ho_Chi_Minh,2026-04-03
1593041,Ấp Long Thạnh,Ap Long Thanh,"Ap Long Thanh,Long Thanh,Long Thạnh,Ấp Long Thạnh",10.76067,105.27428,P,PPL,VN,,91,888,,,34198,,7,Asia/Ho_Chi_Minh,2026-05-16
1593289,Ấp Hô Phòng,Ap Ho Phong,"Ap Ho Phong,Ho Phong,Hô Phòng,Ấp Hô Phòng",9.22583,105.41861,P,PPL,VN,,96,959,,,22317,,9,Asia/Ho_Chi_Minh,2025-07-29
1593889,Ấp Bình Châu,Ap Binh Chau,"Ap Binh Chau,Binh Chau,Ấp Bình Châu",10.55,107.55,P,PPL,VN,,79,751,,,15344,,4,Asia/Ho_Chi_Minh,2025-07-29
1594188,An Trạch,An Trach,An Trach,9.06861,105.39583,P,PPL,VN,,96,960,,,28412,,1,Asia/Ho_Chi_Minh,2025-08-28
1594308,An Nhơn,An Nhon,"An Nhon,An Nhơn,Bhin-Dinh,Bin Din,Binh Dinh",13.88579,109.10823,P,PPLA2,VN,,52,549,,,308396,,13,Asia/Ho_Chi_Minh,2025-07-29
1594402,An Khê,An Khe,"An Kahe,An Khe,An Khê,An Tuc,An Túc",13.95,108.65,P,PPL,VN,,52,623,,,81600,,409,Asia/Ho_Chi_Minh,2025-07-29
1594436,An Hải,An Hai,,16.06667,108.23333,P,PPL,VN,,48,493,,,82635,,9,Asia/Ho_Chi_Minh,2025-12-06
1904564,Bình Thạnh,Binh Thanh,"Binh Thanh,Bình Thạnh",10.811,106.706,P,PPLX,VN,,79,769,,,552164,,13,Asia/Ho_Chi_Minh,2025-11-05
7289846,Ba Dinh,Ba Dinh,"Ba GJinh,Ba Đình",21.03652,105.82684,P,PPL,VN,,01,001,,,221893,,15,Asia/Bangkok,2025-10-24
7304197,Mui Ne,Mui Ne,"Mui-Ne,Mujne,Муи-Не,Муйне",10.93314,108.28327,P,PPL,VN,,68,593,,,50166,,6,Asia/Ho_Chi_Minh,2025-09-10
7910088,Tân Uyên,Tan Uyen,"Tan Uyen,Tân Uyên,Uyen Hung,Uyên Hưng",11.08416,106.78834,P,PPLA3,VN,,79,726,,,52873,,39,Asia/Ho_Chi_Minh,2026-02-20
8336885,Núi Sập,Nui Sap,"Nui Sap,Núi Sập",10.26478,105.26676,P,PPLA2,VN,,91,894,,,25633,,7,Asia/Ho_Chi_Minh,2025-07-29
8340760,Cung Kiệm,Cung Kiem,"Cung Kiem,Cung Kiệm",21.18697,106.16076,P,PPL,VN,,24,259,,,80000,12,8,Asia/Ho_Chi_Minh,2025-07-29
8456741,Lai Châu,Lai Chau,"Lai Chau,Lai Châu,Laj Chau,Muang Lay,la'i ca'u,lay chaw,lay tshaw,layi caው,layy chaw,raichau,Лай Чау,لائی چاؤ,لاي تشاو,لای چاو,लाई चाउ,লাই চাউ,ਲਾਈ ਚਾਊ,ላይ ቻው,ライチャウ",22.39644,103.45824,P,PPLA,VN,,12,105,,,42973,,919,Asia/Bangkok,2026-04-14
8473997,Thị Trấn Việt Quang,Thi Tran Viet Quang,"Thi Tran Viet Quang,Thị Trấn Việt Quang,Viet Quang,Việt Quang",22.41509,104.80682,P,PPLA2,VN,,08,034,,,16072,,111,Asia/Bangkok,2025-07-29
8531735,Phu Quoc,Phu Quoc,"Fukuok,Koh Trol,PQC,Phu Quoc,Phú Quốc,fu guo dao,fukokku dao,pukkog,Фукуок,កោះតរល,កោះត្រល់,フーコック島,富國島,푸꼭",10.22409,103.97156,P,PPL,VN,,91,911,,,294419,,11,Asia/Ho_Chi_Minh,2025-07-29
8539621,Bình Minh,Binh Minh,"Binh Minh,Bình Minh,Cai Von,Cái Vồn",10.06821,105.82221,P,PPLA2,VN,,86,861,,,94862,,5,Asia/Ho_Chi_Minh,2025-07-29
8551473,Bo,Bo,Bo,20.67264,105.53625,P,PPLA2,VN,,25,153,,,15408,,67,Asia/Bangkok,2026-05-07
8594709,Thành Phố Bà Rịa,Thanh Pho Ba Ria,"Ba Ria,Bà Rịa,Tanh Fo Ba Ria,Thanh Pho Ba Ria,Thành Phố Bà Rịa,Tkhan' Fo Ba Ria,tainfobaria,teʾanihi ፎ ba riya,than fw ba rya,thana pho ba ri'a,thanh fw ba rya,thanha pho ba riya,tھanہ fw ba rya,Тхань Фо Ба Риа,تهانه فو با ریا,تھانہ فو با ریا,ثان فو با ريا,थान्ह फो बा रिया,থান্হ ফো বা রিয়া,ਥਾਨ ਫੋ ਬਾ ਰੀਆ,ተዓንህ ፎ ባ ሪያ,タインフォバリア",10.49626,107.1685,P,PPLA,VN,,79,748,,,235192,,8,Asia/Ho_Chi_Minh,2026-04-14
8612792,Lương Bằng,Luong Bang,"Luong Bang,Lương Bằng",20.74003,106.05998,P,PPLA2,VN,,33,331,,,39420,,7,Asia/Bangkok,2025-11-27
8616016,Sóc Sơn,Soc Son,"Soc Son,Sóc Sơn",21.25782,105.84894,P,PPLA2,VN,,01,016,,,85431,,18,Asia/Bangkok,2025-09-09
8616055,Cầu Diễn,Cau Dien,"Cau Dien,Cầu Diễn",21.03929,105.76659,P,PPL,VN,,01,019,,,27017,,9,Asia/Bangkok,2025-07-29
8616067,Trâu Quỳ,Trau Quy,"Trau Quy,Trâu Quỳ",21.01951,105.93694,P,PPLA2,VN,,01,018,,,30051,,9,Asia/Bangkok,2025-07-29
8616113,Cầu Giấy,Cau Giay,"Cau Giay,Cầu Giấy",21.03228,105.80073,P,PPLA2,VN,,01,005,,,292536,,12,Asia/Bangkok,2025-10-31
8616118,Thanh Xuân,Thanh Xuan,"Thanh Xuan,Thanh Xuân",20.99472,105.79977,P,PPLA2,VN,,01,009,,,293292,,13,Asia/Bangkok,2025-10-31
8616121,Đống Đa,GJong GJa,"Dong Da,Đống Đa",21.013,105.825,P,PPLA2,VN,,01,006,,,371606,,16,Asia/Bangkok,2026-03-02
8616124,Hoàn Kiếm,Hoan Kiem,"Hoan Kiem,Hoàn Kiếm",21.02857,105.85064,P,PPLA2,VN,,01,002,,,135618,,26,Asia/Bangkok,2025-07-29
8616127,Hai Bà Trưng,Hai Ba Trung,"Hai BaTrung,Hai BàTrưng",21.01341,105.84772,P,PPLA2,VN,,01,007,,,303586,,15,Asia/Bangkok,2025-10-31
8616216,Tây Mỗ,Tay Mo,"Tay Mo,Tây Mỗ",21.00247,105.7457,P,PPL,VN,,01,019,,,46469,,12,Asia/Bangkok,2025-07-29
8628018,Bản Na Hỷ,Ban Na Hy,"Ban Na Hy,Bản Na Hỷ,Na Hy,Na Hỷ",19.56361,104.53459,P,PPL,VN,,40,418,,,16710,,303,Asia/Ho_Chi_Minh,2026-05-07
8628059,Thái Hòa,Thai Hoa,"Thai Hoa,Thái Hòa",18.92031,104.97441,P,PPL,VN,,40,422,,,66127,,64,Asia/Ho_Chi_Minh,2025-07-29
8637813,Nghèn,Nghen,"Dai Loc,GJai Loc,Nghen,Nghèn,dairokku,gen,Đại Lộc,ゲン,ダイロック",18.45119,105.77969,P,PPLA2,VN,,42,443,,,18965,,8,Asia/Bangkok,2026-03-26
8656376,Thanh Khê,Thanh Khe,"Thanh Khe,Thanh Khê",16.0706,108.19102,P,PPLA2,VN,,48,491,,,201240,,9,Asia/Ho_Chi_Minh,2025-12-06
8656395,Cẩm Lệ,Cam Le,"Cam Le,Cẩm Lệ",16.01771,108.20381,P,PPLA2,VN,,48,495,,,78837,,14,Asia/Ho_Chi_Minh,2025-12-06
8656396,Sơn Trà,Son Tra,"Son Tra,Sơn Trà",16.06068,108.23256,P,PPLA2,VN,,48,493,,,86890,,8,Asia/Ho_Chi_Minh,2025-12-06
8657105,Hòa Cường,Hoa Cuong,"Binh Thuan,Bình Thuận,Hoa Cuong,Hòa Cường",16.04314,108.18209,P,PPL,VN,,48,495,,,119363,,12,Asia/Ho_Chi_Minh,2025-12-06
8668557,Núi Thành,Nui Thanh,"Nui Thanh,Núi Thành",15.43194,108.65946,P,PPLA2,VN,,48,517,,,69406,,8,Asia/Ho_Chi_Minh,2025-12-06
8673396,Lý Sơn,Ly Son,"Ly Son,Lý Sơn",15.37198,109.11891,P,PPLA2,VN,,51,536,,,22174,,22,Asia/Ho_Chi_Minh,2025-10-24
8701253,A Yun Pa,A Yun Pa,"A Yun Pa,Ayun Pa,Cheo Reo,Hau Bon,Hậu Bổn,Phu Bon,Phú Bổn,ayunpa,アユンパ",13.40025,108.43503,P,PPLA2,VN,,52,624,,,35058,,165,Asia/Ho_Chi_Minh,2026-01-14
8724987,Ea Drăng,Ea Drang,"Ea Drang,Ea Drăng",13.2045,108.21029,P,PPLA2,VN,,66,645,,,20600,,585,Asia/Ho_Chi_Minh,2025-07-29
8725037,Quảng Phú,Quang Phu,"Quang Phu,Quảng Phú",12.81965,108.07738,P,PPLA2,VN,,66,648,,,26733,,462,Asia/Ho_Chi_Minh,2025-07-29
8991407,Đinh Văn,GJinh Van,"Din' Van,Dinh Van,Đinh Văn,Динь Ван",11.78624,108.24282,P,PPL,VN,,68,676,,,16036,,848,Asia/Ho_Chi_Minh,2025-07-29
9000266,Phú Quý,Phu Quy,"Phu Quy,Phú Quý",10.5166,108.93292,P,PPLA2,VN,,68,602,,,25267,,6,Asia/Ho_Chi_Minh,2025-07-29
9075789,Long Khánh,Long Khanh,"Long Khanh,Long Khánh",10.92655,107.24783,P,PPLA2,VN,,75,732,,,171276,,175,Asia/Ho_Chi_Minh,2025-08-28
9081327,Hòa Thành,Hoa Thanh,"Hoa Thanh,Hòa Thành",11.28696,106.12936,P,PPLA2,VN,,80,709,,,147666,,12,Asia/Ho_Chi_Minh,2025-07-29
9081358,Dương Minh Châu,Duong Minh Chau,"Duong Minh Chau,Dương Minh Châu",11.38414,106.23078,P,PPLA2,VN,,80,707,,,35878,,23,Asia/Ho_Chi_Minh,2025-10-23
9292220,Duyên Hải,Duyen Hai,"Duyen Hai,Duyên Hải",9.63497,106.49237,P,PPLA2,VN,,86,850,,,69961,,2,Asia/Ho_Chi_Minh,2025-07-29
9533392,Vĩnh Thạnh,Vinh Thanh,"Vinh Thanh,Vĩnh Thạnh",10.22263,105.39841,P,PPLA2,VN,,92,924,,,98399,,3,Asia/Ho_Chi_Minh,2025-07-29
9534547,Ngã Bảy,Nga Bay,"Nga Bay,Ngã Bảy",9.81371,105.82096,P,PPLA2,VN,,92,931,,,101192,,-1,Asia/Ho_Chi_Minh,2025-07-29
9534593,Ấp Một,Ap Mot,"Ap 1,Ap Mot,Vi Thanh 1,Vi Thanh Mot,Vị Thanh 1,Vị Thanh Một,Ấp 1,Ấp Một",9.84217,105.53602,P,PPL,VN,,92,935,,,42766,,2,Asia/Ho_Chi_Minh,2025-12-30
9643221,Trần Văn Thời,Tran Van Thoi,"Tran Van Thoi,Trần Văn Thời",9.07713,104.97914,P,PPLA2,VN,,96,968,,,55897,,1,Asia/Ho_Chi_Minh,2025-09-25
9645071,Quận Bốn,Quan Bon,"Q4,Quan 4,Quan Bon,Quận 4,Quận Bốn",10.76684,106.70574,P,PPLA2,VN,,79,773,,,199329,,12,Asia/Ho_Chi_Minh,2025-07-29
9645072,Quận Sáu,Quan Sau,"Q6,Quan 6,Quan Sau,Quận 6,Quận Sáu",10.7468,106.64903,P,PPLA2,VN,,79,775,,,271050,,9,Asia/Ho_Chi_Minh,2025-07-29
9645073,Quận Năm,Quan Nam,"Q5,Quan 5,Quan Nam,Quận 5,Quận Năm",10.75567,106.66745,P,PPLA2,VN,,79,774,,,187510,,21,Asia/Ho_Chi_Minh,2025-07-29
9645084,Quận Mười Một,Quan Muoi Mot,"Q11,Quan 11,Quan Muoi Mot,Quận 11,Quận Mười Một",10.76383,106.64355,P,PPLA2,VN,,79,772,,,332536,,8,Asia/Ho_Chi_Minh,2025-07-29
9645085,Quận Mười,Quan Muoi,"Q10,Quan 10,Quan Muoi,Quận 10,Quận Mười",10.76823,106.66632,P,PPLA2,VN,,79,771,,,399000,,11,Asia/Ho_Chi_Minh,2025-07-29
9645086,Quận Ba,Quan Ba,"Q3,Quan 3,Quan Ba,Quận 3,Quận Ba",10.77494,106.68628,P,PPLA2,VN,,79,770,,,220375,,8,Asia/Ho_Chi_Minh,2025-07-29
9871722,Gia Lâm,Gia Lam,"Gia Lam,Gia Lâm",21.02,105.939,P,PPL,VN,,01,018,,,309353,,13,Asia/Bangkok,2026-03-02
10126715,Gành Hào,Ganh Hao,"Ganh Hao,Gành Hào",9.02827,105.42116,P,PPLA2,VN,,96,960,,,31552,,3,Asia/Ho_Chi_Minh,2026-02-14
10182229,Cửa Nam,Cua Nam,"Cua Nam,Cửa Nam",21.02115,105.85231,P,PPL,VN,,01,002,13415723,,52750,,24,Asia/Bangkok,2025-10-02
11496088,Kiên Hải,Kien Hai,"GJac khu Kien Hai,Đặc khu Kiên Hải",9.97274,104.8475,P,PPL,VN,,91,912,,,23179,,18,Asia/Ho_Chi_Minh,2026-02-16
12166273,Quận Đức Thịnh,Quan GJuc Thinh,"GJuc Thinh Sa GJec,Đức Thịnh Sa Đéc",10.30989,105.73855,P,PPLA2,VN,,00,,,,132000,,4,Asia/Ho_Chi_Minh,2026-03-14
12217184,Huyện Lâm Hà,Huyen Lam Ha,"Huyen Lam Ha,Huyện Lâm Hà,Lam Ha,Lam Ha District,Lâm Hà",11.81554,108.21444,P,PPLA2,VN,,68,676,,,144707,,857,Asia/Ho_Chi_Minh,2025-07-29
12253704,Phú Quốc,Phu Quoc,"Phu Quoc,Phú Quốc",10.28715,104.01047,P,PPLA2,VN,,91,911,,,179480,,176,Asia/Ho_Chi_Minh,2025-07-29
12261368,thị xã Quảng Trị,thi xa Quang Tri,"Quang Tri,Quảng Trị",16.75083,107.18278,P,PPL,VN,,44,462,,,23356,,2,Asia/Ho_Chi_Minh,2025-07-29
12382295,Quang Minh,Quang Minh,,21.18884,105.77269,P,PPL,VN,,01,250,,,25000,,14,Asia/Ho_Chi_Minh,2025-07-29
12382296,Thuận An,Thuan An,,10.9239,106.71428,P,PPLA2,VN,,79,725,,,588616,,24,Asia/Ho_Chi_Minh,2025-07-29
12808881,Ô Chợ Dừa,O Cho Dua,,21.02146,105.82464,P,PPL,VN,,01,006,,,36318,,16,Asia/Ho_Chi_Minh,2025-07-29
12808882,Láng Thượng,Lang Thuong,,21.02374,105.8036,P,PPL,VN,,01,006,,,31279,,16,Asia/Ho_Chi_Minh,2025-07-29
13405688,Óc Eo,Oc Eo,,10.24212,105.155,P,PPLA2,VN,,91,894,,,39481,,2,Asia/Ho_Chi_Minh,2025-07-29
13405933,Bắc Từ Liêm,Bac Tu Liem,Bac Tu Liem,21.06532,105.74661,P,PPLA2,VN,,01,021,,,340605,,8,Asia/Ho_Chi_Minh,2025-07-29
13513037,Thành phố Sông Công,Thanh pho Song Cong,"Song Cong,Sông Công,Thanh pho Song Cong",21.4772,105.84137,P,PPL,VN,,19,165,,,128357,,28,Asia/Ho_Chi_Minh,2025-09-09
13535606,Ngã Năm,Nga Nam,"Nga Nam,enaga nama,naga nama,nga nam,nganamu,niga naም,nja nam,Нга Нам,نجا نام,نگا نام,नगा नाम,এনগা নাম,ਨਗਾ ਨਾਮ,ንጋ ናም,ンガナム",9.56513,105.59897,P,PPLA,VN,,92,948,,,58588,,1,Asia/Ho_Chi_Minh,2026-04-14
13535707,Yên Hòa,Yen Hoa,Yen Hoa,21.02185,105.79147,P,PPL,VN,,01,005,,,77029,,11,Asia/Bangkok,2025-10-31
13546524,Linh Đàm,Linh GJam,Linh Dam,20.96441,105.83054,P,PPLX,VN,,01,008,,,70000,,19,Asia/Bangkok,2025-12-13
13546525,Bồ Đề,Bo GJe,Bo De,21.05618,105.86675,P,PPLX,VN,,01,004,,,120028,,14,Asia/Bangkok,2025-12-13
13562438,Hoàng Mai,Hoang Mai,"Hoang Mai,Hoàng Mai,hoanmai,ホアンマイ",19.26758,105.71594,P,PPL,VN,,40,432,,,113360,,6,Asia/Bangkok,2026-01-15
13589354,Phổ Yên,Pho Yen,"Pho Yen,Phổ Yên",21.41978,105.8899,P,PPL,VN,,19,172,,,231363,,22,Asia/Bangkok,2026-02-20
